"","study_id","study","ClinicalTrials","vaccine","vaccine_type","dose_unit","standard_dosage","location","vaccination_schedule","against_strain","assay","conv","conv_lower","conv_upper","conv_N","dosage_tested","dose_frac","age","age_group","measured_day","schedule_type","N","nab_measurement","nab","nab_lower","nab_upper","derived_from","logTiter_vaccine","logTiter_conv","sd_vaccine","sd_conv","se_vaccine","se_conv","log_ratio_to_conv","ratio_to_conv","se_sd_conv","se_log_ratio_to_conv","mean_sd_vaccine","se_sd_vaccine","log_ratio_lower","log_ratio_upper"
"1",1,"Jackson et al. 2020","NCT04283461","mRNA-1273","mRNA","ug","100","Seattle & Atlanta, US","Day 0/28","wild-type SARS-CoV-2","PsVNA ID50",109.2,59.6,199.9,38,"25",0.25,"18-55","adult","0","prime",15,"GMT/CI",10,10,10,"Table 2",1,2.03822263836872,0.44734451237116,0.826482067349715,0.115503856428719,0.134073095504561,-1.03822263836872,0.0915750915750916,0.0960765887935146,0.176965351942354,0.439427754143635,0.0816731365040664,-1.38507472817573,-0.691370548561704
"2",1,"Jackson et al. 2020","NCT04283461","mRNA-1273","mRNA","ug","100","Seattle & Atlanta, US","Day 0/28","wild-type SARS-CoV-2","PsVNA ID50",109.2,59.6,199.9,38,"100",1,"18-55","adult","0","prime",15,"GMT/CI",10,10,10,"Table 2",1,2.03822263836872,0.44734451237116,0.826482067349715,0.115503856428719,0.134073095504561,-1.03822263836872,0.0915750915750916,0.0960765887935146,0.176965351942354,0.440410306770514,0.0835713327128632,-1.38507472817573,-0.691370548561704
"3",1,"Jackson et al. 2020","NCT04283461","mRNA-1273","mRNA","ug","100","Seattle & Atlanta, US","Day 0/28","wild-type SARS-CoV-2","PsVNA ID50",109.2,59.6,199.9,38,"250",2.5,"18-55","adult","0","prime",15,"GMT/CI",10,10,10,"Table 2",1,2.03822263836872,0.44734451237116,0.826482067349715,0.115503856428719,0.134073095504561,-1.03822263836872,0.0915750915750916,0.0960765887935146,0.176965351942354,0.439239843040382,0.0835297045612464,-1.38507472817573,-0.691370548561704
"4",1,"Jackson et al. 2020","NCT04283461","mRNA-1273","mRNA","ug","100","Seattle & Atlanta, US","Day 0/28","wild-type SARS-CoV-2","Live virus PRNT80",158.3,15.1,1663,3,"25",0.25,"18-55","adult","0","prime",15,"GMT/CI",4,4,4,"Table 2",0.602059991327962,2.19948091486236,0.44734451237116,0.902219655022649,0.115503856428719,0.520896760695498,-1.59742092353439,0.0252684775742262,0.451109827511324,0.533549038189526,0.437747617951592,0.0851223773473386,-2.64317703838586,-0.551664808682922
"5",1,"Jackson et al. 2020","NCT04283461","mRNA-1273","mRNA","ug","100","Seattle & Atlanta, US","Day 0/28","wild-type SARS-CoV-2","Live virus PRNT80",158.3,15.1,1663,3,"100",1,"18-55","adult","0","prime",15,"GMT/CI",4,4,4,"Table 2",0.602059991327962,2.19948091486236,0.44734451237116,0.902219655022649,0.115503856428719,0.520896760695498,-1.59742092353439,0.0252684775742262,0.451109827511324,0.533549038189526,0.435937256530815,0.0814844526354826,-2.64317703838586,-0.551664808682922
"6",1,"Jackson et al. 2020","NCT04283461","mRNA-1273","mRNA","ug","100","Seattle & Atlanta, US","Day 0/28","wild-type SARS-CoV-2","PsVNA ID50",109.2,59.6,199.9,38,"25",0.25,"18-55","adult","14","prime",15,"GMT/CI",14.5,9.8,21.4,"Table 2",1.16136800223497,2.03822263836872,0.335119465373168,0.826482067349715,0.0865274738920142,0.134073095504561,-0.876854636133744,0.132783882783883,0.0960765887935146,0.159570043166969,0.329188779489409,0.0611838461938782,-1.189611920741,-0.564097351526484
"7",1,"Jackson et al. 2020","NCT04283461","mRNA-1273","mRNA","ug","100","Seattle & Atlanta, US","Day 0/28","wild-type SARS-CoV-2","PsVNA ID50",109.2,59.6,199.9,38,"100",1,"18-55","adult","14","prime",15,"GMT/CI",23.7,13.3,42.3,"Table 2",1.3747483460101,2.03822263836872,0.496461854345661,0.826482067349715,0.128185899593866,0.134073095504561,-0.663474292358615,0.217032967032967,0.0960765887935146,0.185491832145957,0.488766289795951,0.0927472622584496,-1.02703828336469,-0.299910301352538
"8",1,"Jackson et al. 2020","NCT04283461","mRNA-1273","mRNA","ug","100","Seattle & Atlanta, US","Day 0/28","wild-type SARS-CoV-2","PsVNA ID50",109.2,59.6,199.9,38,"250",2.5,"18-55","adult","14","prime",15,"GMT/CI",26.1,14.1,48.3,"Table 2",1.41664050733828,2.03822263836872,0.528314466540005,0.826482067349715,0.136410208697993,0.134073095504561,-0.621582131030437,0.239010989010989,0.0960765887935146,0.191267718068693,0.518742841236551,0.0986486926409519,-0.996466858445077,-0.246697403615798
"9",1,"Jackson et al. 2020","NCT04283461","mRNA-1273","mRNA","ug","100","Seattle & Atlanta, US","Day 0/28","wild-type SARS-CoV-2","PsVNA ID50",109.2,59.6,199.9,38,"25",0.25,"18-55","adult","28","prime",15,"GMT/CI",11.7,9.7,14.1,"Table 2",1.06818586174616,2.03822263836872,0.160498977330657,0.826482067349715,0.0414406577523304,0.134073095504561,-0.970036776622557,0.107142857142857,0.0960765887935146,0.140331475632237,0.157055788250888,0.0305403422516263,-1.24508646886174,-0.694987084383373
"10",1,"Jackson et al. 2020","NCT04283461","mRNA-1273","mRNA","ug","100","Seattle & Atlanta, US","Day 0/28","wild-type SARS-CoV-2","PsVNA ID50",109.2,59.6,199.9,38,"100",1,"18-55","adult","28","prime",15,"GMT/CI",18.2,12.1,27.4,"Table 2",1.26007138798507,2.03822263836872,0.35070772424772,0.826482067349715,0.0905523450265148,0.134073095504561,-0.778151250383644,0.166666666666667,0.0960765887935146,0.161787892402294,0.341764700191219,0.0638819213270035,-1.09525551949214,-0.461046981275148
"11",1,"Jackson et al. 2020","NCT04283461","mRNA-1273","mRNA","ug","100","Seattle & Atlanta, US","Day 0/28","wild-type SARS-CoV-2","PsVNA ID50",109.2,59.6,199.9,38,"250",2.5,"18-55","adult","28","prime",14,"GMT/CI",20.7,13.3,32.2,"Table 2",1.31597034545692,2.03822263836872,0.366533741443534,0.826482067349715,0.0979602629410064,0.134073095504561,-0.722252292911801,0.18956043956044,0.0960765887935146,0.166047607792604,0.360820268514531,0.0727980436603595,-1.0477056041853,-0.396798981638297
"12",1,"Jackson et al. 2020","NCT04283461","mRNA-1273","mRNA","ug","100","Seattle & Atlanta, US","Day 0/28","wild-type SARS-CoV-2","PsVNA ID50",109.2,59.6,199.9,38,"25",0.25,"18-55","adult","36","prime",13,"GMT/CI",105.8,69.8,160.4,"Table 2",2.02448566769917,2.03822263836872,0.33236278986782,0.826482067349715,0.0921808523788223,0.134073095504561,-0.0137369706695516,0.968864468864469,0.0960765887935146,0.162704961459267,0.322504138564905,0.0679277068195507,-0.332638695129714,0.305164753790611
"13",1,"Jackson et al. 2020","NCT04283461","mRNA-1273","mRNA","ug","100","Seattle & Atlanta, US","Day 0/28","wild-type SARS-CoV-2","PsVNA ID50",109.2,59.6,199.9,38,"100",1,"18-55","adult","36","prime",15,"GMT/CI",256.3,182,361.1,"Table 2",2.40874860618424,2.03822263836872,0.293987199380951,0.826482067349715,0.0759071684800388,0.134073095504561,0.370525967815526,2.3470695970696,0.0960765887935146,0.154069767199254,0.291491300149606,0.0557513710376941,0.0685492241049885,0.672502711526063
"14",1,"Jackson et al. 2020","NCT04283461","mRNA-1273","mRNA","ug","100","Seattle & Atlanta, US","Day 0/28","wild-type SARS-CoV-2","PsVNA ID50",109.2,59.6,199.9,38,"250",2.5,"18-55","adult","36","prime",14,"GMT/CI",373.5,308.6,452.2,"Table 2",2.57229060615142,2.03822263836872,0.158385346318108,0.826482067349715,0.042330264357707,0.134073095504561,0.534067967782699,3.42032967032967,0.0960765887935146,0.14059675038481,0.156592273149076,0.0306033479034653,0.258498337028471,0.809637598536927
"15",1,"Jackson et al. 2020","NCT04283461","mRNA-1273","mRNA","ug","100","Seattle & Atlanta, US","Day 0/28","wild-type SARS-CoV-2","PsVNA ID50",109.2,59.6,199.9,38,"25",0.25,"18-55","adult","42","prime",13,"GMT/CI",112.3,71.2,177.1,"Table 2",2.05037975626146,2.03822263836872,0.36399380025301,0.826482067349715,0.100953716212556,0.134073095504561,0.0121571178927393,1.02838827838828,0.0960765887935146,0.167831009516419,0.355295819684014,0.0731735667557555,-0.316791660759443,0.341105896544921
"16",1,"Jackson et al. 2020","NCT04283461","mRNA-1273","mRNA","ug","100","Seattle & Atlanta, US","Day 0/28","wild-type SARS-CoV-2","PsVNA ID50",109.2,59.6,199.9,38,"100",1,"18-55","adult","42","prime",14,"GMT/CI",343.8,261.2,452.7,"Table 2",2.53630587235103,2.03822263836872,0.227971283085539,0.826482067349715,0.0609278882378101,0.134073095504561,0.498083233982315,3.14835164835165,0.0960765887935146,0.147267791805589,0.225809897117495,0.043336503182864,0.209438362043361,0.78672810592127
"17",1,"Jackson et al. 2020","NCT04283461","mRNA-1273","mRNA","ug","100","Seattle & Atlanta, US","Day 0/28","wild-type SARS-CoV-2","PsVNA ID50",109.2,59.6,199.9,38,"250",2.5,"18-55","adult","42","prime",14,"GMT/CI",332.2,266.3,414.5,"Table 2",2.52139962811538,2.03822263836872,0.183411242460338,0.826482067349715,0.0490187164406508,0.134073095504561,0.483176989746657,3.04212454212454,0.0960765887935146,0.142753036744106,0.179278141014951,0.0359337912299826,0.203381037728209,0.762972941765106
"18",1,"Jackson et al. 2020","NCT04283461","mRNA-1273","mRNA","ug","100","Seattle & Atlanta, US","Day 0/28","wild-type SARS-CoV-2","Live virus PRNT80",158.3,15.1,1663,3,"25",0.25,"18-55","adult","42","prime",13,"GMT/CI",339.7,184,627.1,"Table 2",2.53109554687003,2.19948091486236,0.489802163135793,0.902219655022649,0.135846678001483,0.520896760695498,0.331614632007672,2.14592545799116,0.451109827511324,0.538319380319064,0.480313340672741,0.0991709161797485,-0.723491353417693,1.38672061743304
"19",1,"Jackson et al. 2020","NCT04283461","mRNA-1273","mRNA","ug","100","Seattle & Atlanta, US","Day 0/28","wild-type SARS-CoV-2","Live virus PRNT80",158.3,15.1,1663,3,"100",1,"18-55","adult","42","prime",14,"GMT/CI",654.3,460.1,930.5,"Table 2",2.81577692029836,2.19948091486236,0.291948682271088,0.902219655022649,0.0780265673984667,0.520896760695498,0.616296005436006,4.13329121920404,0.451109827511324,0.526708249909805,0.288831230378426,0.0572937449395435,-0.416052164387212,1.64864417525922
"20",1,"Jackson et al. 2020","NCT04283461","mRNA-1273","mRNA","ug","100","Seattle & Atlanta, US","Day 0/28","wild-type SARS-CoV-2","PsVNA ID50",109.2,59.6,199.9,38,"25",0.25,"18-55","adult","56","prime",13,"GMT/CI",80.7,51,127.6,"Table 2",1.90687353472207,2.03822263836872,0.366331826171396,0.826482067349715,0.10160216793041,0.134073095504561,-0.131349103646648,0.739010989010989,0.0960765887935146,0.1682218638178,0.360181155491581,0.0719773393997777,-0.461063956729536,0.19836574943624
"21",1,"Jackson et al. 2020","NCT04283461","mRNA-1273","mRNA","ug","100","Seattle & Atlanta, US","Day 0/28","wild-type SARS-CoV-2","PsVNA ID50",109.2,59.6,199.9,38,"100",1,"18-55","adult","56","prime",14,"GMT/CI",231.8,163.2,329.3,"Table 2",2.36511343162758,2.03822263836872,0.291001271800537,0.826482067349715,0.0777733612995064,0.134073095504561,0.326890793258859,2.12271062271062,0.0960765887935146,0.154997711808913,0.286760118945462,0.0569736158149573,0.0230952781133896,0.630686308404328
"22",1,"Jackson et al. 2020","NCT04283461","mRNA-1273","mRNA","ug","100","Seattle & Atlanta, US","Day 0/28","wild-type SARS-CoV-2","PsVNA ID50",109.2,59.6,199.9,38,"250",2.5,"18-55","adult","56","prime",14,"GMT/CI",270.2,221,330.3,"Table 2",2.43168534468601,2.03822263836872,0.166576582405878,0.826482067349715,0.0445194642873223,0.134073095504561,0.393462706317293,2.47435897435897,0.0960765887935146,0.141271290921423,0.16319274603191,0.0321477328656921,0.116570976111304,0.670354436523283
"23",2,"Anderson et al. 2020","NCT04283461","mRNA-1273","mRNA","ug","100","Seattle & Bethesda, US","Day 0/28","wild-type SARS-CoV-2","PsVNA ID50",106,60,189,41,"25",0.4,"56-70","elderly","0","prime",10,"GMT/CI",10,10,10,"Table S4, Table S5",1,2.02530586526477,0.44734451237116,0.813965404270096,0.141462755787024,0.127120039232041,-1.02530586526477,0.0943396226415094,0.0910040987640516,0.19018731726699,0.435092808904696,0.106299707774433,-1.39807300710807,-0.65253872342147
"24",2,"Anderson et al. 2020","NCT04283461","mRNA-1273","mRNA","ug","100","Seattle & Bethesda, US","Day 0/28","wild-type SARS-CoV-2","PsVNA ID50",106,60,189,41,"25",0.4,">=71","elderly","0","prime",10,"GMT/CI",10,10,10,"Table S4, Table S5",1,2.02530586526477,0.44734451237116,0.813965404270096,0.141462755787024,0.127120039232041,-1.02530586526477,0.0943396226415094,0.0910040987640516,0.19018731726699,0.436612861636241,0.105969907506038,-1.39807300710807,-0.65253872342147
"25",2,"Anderson et al. 2020","NCT04283461","mRNA-1273","mRNA","ug","100","Seattle & Bethesda, US","Day 0/28","wild-type SARS-CoV-2","PsVNA ID50",106,60,189,41,"100",1,"56-70","elderly","0","prime",10,"GMT/CI",10,10,10,"Table S4, Table S5",1,2.02530586526477,0.44734451237116,0.813965404270096,0.141462755787024,0.127120039232041,-1.02530586526477,0.0943396226415094,0.0910040987640516,0.19018731726699,0.430927526576414,0.102855374442798,-1.39807300710807,-0.65253872342147
"26",2,"Anderson et al. 2020","NCT04283461","mRNA-1273","mRNA","ug","100","Seattle & Bethesda, US","Day 0/28","wild-type SARS-CoV-2","PsVNA ID50",106,60,189,41,"100",1,">=71","elderly","0","prime",10,"GMT/CI",10,10,10,"Table S4, Table S5",1,2.02530586526477,0.44734451237116,0.813965404270096,0.141462755787024,0.127120039232041,-1.02530586526477,0.0943396226415094,0.0910040987640516,0.19018731726699,0.443087093641545,0.10558631019166,-1.39807300710807,-0.65253872342147
"27",2,"Anderson et al. 2020","NCT04283461","mRNA-1273","mRNA","ug","100","Seattle & Bethesda, US","Day 0/28","wild-type SARS-CoV-2","PsVNA ID50",106,60,189,41,"100",1,"18-55","adult","0","prime",15,"GMT/CI",10,10,10,"Table S4, Table S5",1,2.02530586526477,0.44734451237116,0.813965404270096,0.115503856428719,0.127120039232041,-1.02530586526477,0.0943396226415094,0.0910040987640516,0.171757518683351,0.441043430247821,0.0834076445531324,-1.36195060188414,-0.688661128645402
"28",2,"Anderson et al. 2020","NCT04283461","mRNA-1273","mRNA","ug","100","Seattle & Bethesda, US","Day 0/28","wild-type SARS-CoV-2","PsVNA ID80",41,26,66,41,"25",0.4,"56-70","elderly","0","prime",10,"GMT/CI",10,10,10,"Table S4, Table S5",1,1.61278385671974,0.44734451237116,0.660845850772613,0.141462755787024,0.103206782543635,-0.612783856719735,0.24390243902439,0.0738848122488123,0.175109540682021,0.436430447476614,0.103674721084677,-0.955998556456497,-0.269569156982974
"29",2,"Anderson et al. 2020","NCT04283461","mRNA-1273","mRNA","ug","100","Seattle & Bethesda, US","Day 0/28","wild-type SARS-CoV-2","PsVNA ID80",41,26,66,41,"25",0.4,">=71","elderly","0","prime",10,"GMT/CI",10,10,10,"Table S4, Table S5",1,1.61278385671974,0.44734451237116,0.660845850772613,0.141462755787024,0.103206782543635,-0.612783856719735,0.24390243902439,0.0738848122488123,0.175109540682021,0.43731796363145,0.105314904370563,-0.955998556456497,-0.269569156982974
"30",2,"Anderson et al. 2020","NCT04283461","mRNA-1273","mRNA","ug","100","Seattle & Bethesda, US","Day 0/28","wild-type SARS-CoV-2","PsVNA ID80",41,26,66,41,"100",1,"56-70","elderly","0","prime",10,"GMT/CI",10,10,10,"Table S4, Table S5",1,1.61278385671974,0.44734451237116,0.660845850772613,0.141462755787024,0.103206782543635,-0.612783856719735,0.24390243902439,0.0738848122488123,0.175109540682021,0.438220002196757,0.101370766913509,-0.955998556456497,-0.269569156982974
"31",2,"Anderson et al. 2020","NCT04283461","mRNA-1273","mRNA","ug","100","Seattle & Bethesda, US","Day 0/28","wild-type SARS-CoV-2","PsVNA ID80",41,26,66,41,"100",1,">=71","elderly","0","prime",10,"GMT/CI",10,10,10,"Table S4, Table S5",1,1.61278385671974,0.44734451237116,0.660845850772613,0.141462755787024,0.103206782543635,-0.612783856719735,0.24390243902439,0.0738848122488123,0.175109540682021,0.431518276041517,0.104804599296278,-0.955998556456497,-0.269569156982974
"32",2,"Anderson et al. 2020","NCT04283461","mRNA-1273","mRNA","ug","100","Seattle & Bethesda, US","Day 0/28","wild-type SARS-CoV-2","PsVNA ID80",41,26,66,41,"100",1,"18-55","adult","0","prime",15,"GMT/CI",10,10,10,"Table S4, Table S5",1,1.61278385671974,0.44734451237116,0.660845850772613,0.115503856428719,0.103206782543635,-0.612783856719735,0.24390243902439,0.0738848122488123,0.154896032269763,0.440316736723119,0.0840092865963412,-0.91638007996847,-0.309187633471001
"33",2,"Anderson et al. 2020","NCT04283461","mRNA-1273","mRNA","ug","100","Seattle & Bethesda, US","Day 0/28","wild-type SARS-CoV-2","PsVNA ID50",106,60,189,41,"25",0.4,"56-70","elderly","14","prime",10,"GMT/CI",10,10,10,"Table S4, Table S5",1,2.02530586526477,0.44734451237116,0.813965404270096,0.141462755787024,0.127120039232041,-1.02530586526477,0.0943396226415094,0.0910040987640516,0.19018731726699,0.438811850177197,0.106467363554636,-1.39807300710807,-0.65253872342147
"34",2,"Anderson et al. 2020","NCT04283461","mRNA-1273","mRNA","ug","100","Seattle & Bethesda, US","Day 0/28","wild-type SARS-CoV-2","PsVNA ID50",106,60,189,41,"25",0.4,">=71","elderly","14","prime",10,"GMT/CI",10,10,10,"Table S4, Table S5",1,2.02530586526477,0.44734451237116,0.813965404270096,0.141462755787024,0.127120039232041,-1.02530586526477,0.0943396226415094,0.0910040987640516,0.19018731726699,0.4381693180546,0.105073752082763,-1.39807300710807,-0.65253872342147
"35",2,"Anderson et al. 2020","NCT04283461","mRNA-1273","mRNA","ug","100","Seattle & Bethesda, US","Day 0/28","wild-type SARS-CoV-2","PsVNA ID50",106,60,189,41,"100",1,"56-70","elderly","14","prime",10,"GMT/CI",11,9,13,"Table S4, Table S5",1.04139268515823,2.02530586526477,0.128831226456631,0.813965404270096,0.0407400109355898,0.127120039232041,-0.983913180106545,0.10377358490566,0.0910040987640516,0.133488774304762,0.124761623069839,0.0300262207043839,-1.24555117774388,-0.722275182469212
"36",2,"Anderson et al. 2020","NCT04283461","mRNA-1273","mRNA","ug","100","Seattle & Bethesda, US","Day 0/28","wild-type SARS-CoV-2","PsVNA ID50",106,60,189,41,"100",1,">=71","elderly","14","prime",10,"GMT/CI",26,11,60,"Table S4, Table S5",1.41497334797082,2.02530586526477,0.594345701977053,0.813965404270096,0.187948613577913,0.127120039232041,-0.610332517293952,0.245283018867924,0.0910040987640516,0.226901268661538,0.578836731176845,0.139980227425179,-1.05505900387057,-0.165606030717339
"37",2,"Anderson et al. 2020","NCT04283461","mRNA-1273","mRNA","ug","100","Seattle & Bethesda, US","Day 0/28","wild-type SARS-CoV-2","PsVNA ID50",106,60,189,41,"100",1,"18-55","adult","14","prime",15,"GMT/CI",24,13,42,"Table S4, Table S5",1.38021124171161,2.02530586526477,0.503197300089601,0.813965404270096,0.129924984206904,0.127120039232041,-0.645094623553164,0.226415094339623,0.0910040987640516,0.181769100497086,0.498077169592729,0.0934260225694187,-1.00136206052745,-0.288827186578875
"38",2,"Anderson et al. 2020","NCT04283461","mRNA-1273","mRNA","ug","100","Seattle & Bethesda, US","Day 0/28","wild-type SARS-CoV-2","PsVNA ID80",41,26,66,41,"25",0.4,"56-70","elderly","14","prime",10,"GMT/CI",10,10,10,"Table S4, Table S5",1,1.61278385671974,0.44734451237116,0.660845850772613,0.141462755787024,0.103206782543635,-0.612783856719735,0.24390243902439,0.0738848122488123,0.175109540682021,0.436710345257515,0.102130144177163,-0.955998556456497,-0.269569156982974
"39",2,"Anderson et al. 2020","NCT04283461","mRNA-1273","mRNA","ug","100","Seattle & Bethesda, US","Day 0/28","wild-type SARS-CoV-2","PsVNA ID80",41,26,66,41,"25",0.4,">=71","elderly","14","prime",10,"GMT/CI",10,10,10,"Table S4, Table S5",1,1.61278385671974,0.44734451237116,0.660845850772613,0.141462755787024,0.103206782543635,-0.612783856719735,0.24390243902439,0.0738848122488123,0.175109540682021,0.436451184723655,0.104344168592588,-0.955998556456497,-0.269569156982974
"40",2,"Anderson et al. 2020","NCT04283461","mRNA-1273","mRNA","ug","100","Seattle & Bethesda, US","Day 0/28","wild-type SARS-CoV-2","PsVNA ID80",41,26,66,41,"100",1,"56-70","elderly","14","prime",10,"GMT/CI",10,10,10,"Table S4, Table S5",1,1.61278385671974,0.44734451237116,0.660845850772613,0.141462755787024,0.103206782543635,-0.612783856719735,0.24390243902439,0.0738848122488123,0.175109540682021,0.435554925822658,0.105271872018649,-0.955998556456497,-0.269569156982974
"41",2,"Anderson et al. 2020","NCT04283461","mRNA-1273","mRNA","ug","100","Seattle & Bethesda, US","Day 0/28","wild-type SARS-CoV-2","PsVNA ID80",41,26,66,41,"100",1,">=71","elderly","14","prime",10,"GMT/CI",10,10,10,"Table S4, Table S5",1,1.61278385671974,0.44734451237116,0.660845850772613,0.141462755787024,0.103206782543635,-0.612783856719735,0.24390243902439,0.0738848122488123,0.175109540682021,0.433337028573679,0.103821908735255,-0.955998556456497,-0.269569156982974
"42",2,"Anderson et al. 2020","NCT04283461","mRNA-1273","mRNA","ug","100","Seattle & Bethesda, US","Day 0/28","wild-type SARS-CoV-2","PsVNA ID80",41,26,66,41,"100",1,"18-55","adult","14","prime",15,"GMT/CI",13,8,19,"Table S4, Table S5",1.11394335230684,1.61278385671974,0.371157887920051,0.660845850772613,0.0958325545818585,0.103206782543635,-0.498840504412899,0.317073170731707,0.0738848122488123,0.140838625670283,0.363560951284143,0.069525893922664,-0.774884210726654,-0.222796798099144
"43",2,"Anderson et al. 2020","NCT04283461","mRNA-1273","mRNA","ug","100","Seattle & Bethesda, US","Day 0/28","wild-type SARS-CoV-2","PsVNA ID50",106,60,189,41,"25",0.4,"56-70","elderly","28","prime",10,"GMT/CI",10,10,10,"Table S4, Table S5",1,2.02530586526477,0.44734451237116,0.813965404270096,0.141462755787024,0.127120039232041,-1.02530586526477,0.0943396226415094,0.0910040987640516,0.19018731726699,0.43560470332601,0.104126886787952,-1.39807300710807,-0.65253872342147
"44",2,"Anderson et al. 2020","NCT04283461","mRNA-1273","mRNA","ug","100","Seattle & Bethesda, US","Day 0/28","wild-type SARS-CoV-2","PsVNA ID50",106,60,189,41,"25",0.4,">=71","elderly","28","prime",10,"GMT/CI",10,10,10,"Table S4, Table S5",1,2.02530586526477,0.44734451237116,0.813965404270096,0.141462755787024,0.127120039232041,-1.02530586526477,0.0943396226415094,0.0910040987640516,0.19018731726699,0.435674713087678,0.103858420518879,-1.39807300710807,-0.65253872342147
"45",2,"Anderson et al. 2020","NCT04283461","mRNA-1273","mRNA","ug","100","Seattle & Bethesda, US","Day 0/28","wild-type SARS-CoV-2","PsVNA ID50",106,60,189,41,"100",1,"56-70","elderly","28","prime",10,"GMT/CI",10,10,10,"Table S4, Table S5",1,2.02530586526477,0.44734451237116,0.813965404270096,0.141462755787024,0.127120039232041,-1.02530586526477,0.0943396226415094,0.0910040987640516,0.19018731726699,0.439506167145456,0.103477845044432,-1.39807300710807,-0.65253872342147
"46",2,"Anderson et al. 2020","NCT04283461","mRNA-1273","mRNA","ug","100","Seattle & Bethesda, US","Day 0/28","wild-type SARS-CoV-2","PsVNA ID50",106,60,189,41,"100",1,">=71","elderly","28","prime",10,"GMT/CI",16,10,26,"Table S4, Table S5",1.20411998265592,2.02530586526477,0.334760445880969,0.813965404270096,0.105860547951739,0.127120039232041,-0.821185882608846,0.150943396226415,0.0910040987640516,0.165426599998302,0.325268810271994,0.0765441494955524,-1.14542201860552,-0.496949746612174
"47",2,"Anderson et al. 2020","NCT04283461","mRNA-1273","mRNA","ug","100","Seattle & Bethesda, US","Day 0/28","wild-type SARS-CoV-2","PsVNA ID50",106,60,189,41,"100",1,"18-55","adult","28","prime",15,"GMT/CI",18,12,27,"Table S4, Table S5",1.25527250510331,2.02530586526477,0.347958425375178,0.813965404270096,0.0898424791100415,0.127120039232041,-0.770033360161464,0.169811320754717,0.0910040987640516,0.155663661228284,0.343227827399363,0.0644373761560718,-1.0751341361689,-0.464932584154028
"48",2,"Anderson et al. 2020","NCT04283461","mRNA-1273","mRNA","ug","100","Seattle & Bethesda, US","Day 0/28","wild-type SARS-CoV-2","PsVNA ID80",41,26,66,41,"25",0.4,"56-70","elderly","28","prime",10,"GMT/CI",10,10,10,"Table S4, Table S5",1,1.61278385671974,0.44734451237116,0.660845850772613,0.141462755787024,0.103206782543635,-0.612783856719735,0.24390243902439,0.0738848122488123,0.175109540682021,0.432795061244387,0.105067943294658,-0.955998556456497,-0.269569156982974
"49",2,"Anderson et al. 2020","NCT04283461","mRNA-1273","mRNA","ug","100","Seattle & Bethesda, US","Day 0/28","wild-type SARS-CoV-2","PsVNA ID80",41,26,66,41,"25",0.4,">=71","elderly","28","prime",10,"GMT/CI",10,10,10,"Table S4, Table S5",1,1.61278385671974,0.44734451237116,0.660845850772613,0.141462755787024,0.103206782543635,-0.612783856719735,0.24390243902439,0.0738848122488123,0.175109540682021,0.436167973558583,0.10312538993451,-0.955998556456497,-0.269569156982974
"50",2,"Anderson et al. 2020","NCT04283461","mRNA-1273","mRNA","ug","100","Seattle & Bethesda, US","Day 0/28","wild-type SARS-CoV-2","PsVNA ID80",41,26,66,41,"100",1,"56-70","elderly","28","prime",10,"GMT/CI",10,10,10,"Table S4, Table S5",1,1.61278385671974,0.44734451237116,0.660845850772613,0.141462755787024,0.103206782543635,-0.612783856719735,0.24390243902439,0.0738848122488123,0.175109540682021,0.436259957420569,0.105255546535436,-0.955998556456497,-0.269569156982974
"51",2,"Anderson et al. 2020","NCT04283461","mRNA-1273","mRNA","ug","100","Seattle & Bethesda, US","Day 0/28","wild-type SARS-CoV-2","PsVNA ID80",41,26,66,41,"100",1,">=71","elderly","28","prime",10,"GMT/CI",11,9,13,"Table S4, Table S5",1.04139268515823,1.61278385671974,0.128831226456631,0.660845850772613,0.0407400109355898,0.103206782543635,-0.57139117156151,0.268292682926829,0.0738848122488123,0.11095669630104,0.125692501613141,0.0298949124941432,-0.788866296311549,-0.353916046811472
"52",2,"Anderson et al. 2020","NCT04283461","mRNA-1273","mRNA","ug","100","Seattle & Bethesda, US","Day 0/28","wild-type SARS-CoV-2","PsVNA ID80",41,26,66,41,"100",1,"18-55","adult","28","prime",15,"GMT/CI",10,10,11,"Table S4, Table S5",1,1.61278385671974,0.0408962194572992,0.660845850772613,0.0105593584587309,0.103206782543635,-0.612783856719735,0.24390243902439,0.0738848122488123,0.103745554189417,0.0400859508211753,0.00757892511691815,-0.816125142930992,-0.409442570508479
"53",2,"Anderson et al. 2020","NCT04283461","mRNA-1273","mRNA","ug","100","Seattle & Bethesda, US","Day 0/28","wild-type SARS-CoV-2","PsVNA ID50",106,60,189,41,"25",0.4,"56-70","elderly","35","prime",10,"GMT/CI",79,47,135,"Table S4, Table S5",1.89762709129044,2.02530586526477,0.369660505879733,0.813965404270096,0.116896915959002,0.127120039232041,-0.127678773974329,0.745283018867924,0.0910040987640516,0.172697403961616,0.359536267939966,0.0854914925113342,-0.466165685739097,0.210808137790439
"54",2,"Anderson et al. 2020","NCT04283461","mRNA-1273","mRNA","ug","100","Seattle & Bethesda, US","Day 0/28","wild-type SARS-CoV-2","PsVNA ID50",106,60,189,41,"25",0.4,">=71","elderly","35","prime",10,"GMT/CI",121,69,211,"Table S4, Table S5",2.08278537031645,2.02530586526477,0.39160078679843,0.813965404270096,0.123835041979703,0.127120039232041,0.0574795050516799,1.14150943396226,0.0910040987640516,0.177467242037708,0.377601528276787,0.0903852988437265,-0.290356289342228,0.405315299445588
"55",2,"Anderson et al. 2020","NCT04283461","mRNA-1273","mRNA","ug","100","Seattle & Bethesda, US","Day 0/28","wild-type SARS-CoV-2","PsVNA ID50",106,60,189,41,"100",1,"56-70","elderly","35","prime",9,"GMT/CI",289,164,507,"Table S4, Table S5",2.46089784275655,2.02530586526477,0.375125595371662,0.813965404270096,0.125041865123887,0.127120039232041,0.435591977491777,2.72641509433962,0.0910040987640516,0.17831144777612,0.362867934665412,0.0904077456664188,0.0861015398505817,0.785082415132973
"56",2,"Anderson et al. 2020","NCT04283461","mRNA-1273","mRNA","ug","100","Seattle & Bethesda, US","Day 0/28","wild-type SARS-CoV-2","PsVNA ID50",106,60,189,41,"100",1,">=71","elderly","35","prime",10,"GMT/CI",310,202,475,"Table S4, Table S5",2.49136169383427,2.02530586526477,0.29956307918177,0.813965404270096,0.0947301633107761,0.127120039232041,0.466055828569502,2.92452830188679,0.0910040987640516,0.158534880121827,0.291143269726409,0.0689944221905983,0.155327463530722,0.776784193608282
"57",2,"Anderson et al. 2020","NCT04283461","mRNA-1273","mRNA","ug","100","Seattle & Bethesda, US","Day 0/28","wild-type SARS-CoV-2","PsVNA ID50",106,60,189,41,"100",1,"18-55","adult","35","prime",15,"GMT/CI",263,188,368,"Table S4, Table S5",2.41995574848976,2.02530586526477,0.288191426984707,0.813965404270096,0.0744107064821014,0.127120039232041,0.394649883224988,2.4811320754717,0.0910040987640516,0.14729717449266,0.283547456303852,0.0549848334940115,0.105947421219374,0.683352345230601
"58",2,"Anderson et al. 2020","NCT04283461","mRNA-1273","mRNA","ug","100","Seattle & Bethesda, US","Day 0/28","wild-type SARS-CoV-2","PsVNA ID80",41,26,66,41,"25",0.4,"56-70","elderly","35","prime",10,"GMT/CI",36,17,24,"Table S4, Table S5",1.55630250076729,1.61278385671974,0.120813785695173,0.660845850772613,0.0382046735544214,0.103206782543635,-0.0564813559524482,0.878048780487805,0.0738848122488123,0.110051065621416,0.118607027126089,0.0289088193549122,-0.272181444570423,0.159218732665527
"59",2,"Anderson et al. 2020","NCT04283461","mRNA-1273","mRNA","ug","100","Seattle & Bethesda, US","Day 0/28","wild-type SARS-CoV-2","PsVNA ID80",41,26,66,41,"25",0.4,">=71","elderly","35","prime",10,"GMT/CI",58,34,99,"Table S4, Table S5",1.76342799356294,1.61278385671974,0.374436486566332,0.660845850772613,0.118407213662065,0.103206782543635,0.150644136843202,1.41463414634146,0.0738848122488123,0.157072939140462,0.365039753989717,0.0860678344108982,-0.157218823872103,0.458507097558507
"60",2,"Anderson et al. 2020","NCT04283461","mRNA-1273","mRNA","ug","100","Seattle & Bethesda, US","Day 0/28","wild-type SARS-CoV-2","PsVNA ID80",41,26,66,41,"100",1,"56-70","elderly","35","prime",9,"GMT/CI",158,93,267,"Table S4, Table S5",2.19865708695442,1.61278385671974,0.35053187204896,0.660845850772613,0.116843957349653,0.103206782543635,0.585873230234687,3.85365853658537,0.0738848122488123,0.155897884309367,0.3373264525752,0.0858611182326274,0.280313376988328,0.891433083481047
"61",2,"Anderson et al. 2020","NCT04283461","mRNA-1273","mRNA","ug","100","Seattle & Bethesda, US","Day 0/28","wild-type SARS-CoV-2","PsVNA ID80",41,26,66,41,"100",1,">=71","elderly","35","prime",10,"GMT/CI",140,82,239,"Table S4, Table S5",2.14612803567824,1.61278385671974,0.374781570930064,0.660845850772613,0.118516338919495,0.103206782543635,0.533344178958503,3.41463414634147,0.0738848122488123,0.157155218029469,0.366290599250916,0.0858608442743344,0.225319951620744,0.841368406296262
"62",2,"Anderson et al. 2020","NCT04283461","mRNA-1273","mRNA","ug","100","Seattle & Bethesda, US","Day 0/28","wild-type SARS-CoV-2","PsVNA ID80",41,26,66,41,"100",1,"18-55","adult","35","prime",15,"GMT/CI",134,96,188,"Table S4, Table S5",2.12710479836481,1.61278385671974,0.288385715208372,0.660845850772613,0.0744608714857427,0.103206782543635,0.514320941645072,3.26829268292683,0.0738848122488123,0.127263747176584,0.283637971414294,0.0532748422242943,0.264883997178967,0.763757886111177
"63",2,"Anderson et al. 2020","NCT04283461","mRNA-1273","mRNA","ug","100","Seattle & Bethesda, US","Day 0/28","wild-type SARS-CoV-2","PsVNA ID50",106,60,189,41,"25",0.4,"56-70","elderly","42","prime",10,"GMT/CI",116,66,205,"Table S4, Table S5",2.06445798922692,2.02530586526477,0.397067462134108,0.813965404270096,0.125563756508644,0.127120039232041,0.0391521239621482,1.09433962264151,0.0910040987640516,0.178677814299699,0.387346859250346,0.0906747963535526,-0.311056392065262,0.389360639989558
"64",2,"Anderson et al. 2020","NCT04283461","mRNA-1273","mRNA","ug","100","Seattle & Bethesda, US","Day 0/28","wild-type SARS-CoV-2","PsVNA ID50",106,60,189,41,"25",0.4,">=71","elderly","42","prime",10,"GMT/CI",112,67,188,"Table S4, Table S5",2.04921802267018,2.02530586526477,0.36147015511375,0.813965404270096,0.114306899633381,0.127120039232041,0.0239121574054111,1.0566037735849,0.0910040987640516,0.170954881995664,0.354580845175631,0.084638754847907,-0.311159411306091,0.358983726116913
"65",2,"Anderson et al. 2020","NCT04283461","mRNA-1273","mRNA","ug","100","Seattle & Bethesda, US","Day 0/28","wild-type SARS-CoV-2","PsVNA ID50",106,60,189,41,"100",1,"56-70","elderly","42","prime",9,"GMT/CI",402,289,560,"Table S4, Table S5",2.60422605308447,2.02530586526477,0.219864936925754,0.813965404270096,0.0732883123085848,0.127120039232041,0.5789201878197,3.79245283018868,0.0910040987640516,0.146733367355201,0.212314371800355,0.0536494792807945,0.291322787803506,0.866517587835893
"66",2,"Anderson et al. 2020","NCT04283461","mRNA-1273","mRNA","ug","100","Seattle & Bethesda, US","Day 0/28","wild-type SARS-CoV-2","PsVNA ID50",106,60,189,41,"100",1,">=71","elderly","42","prime",10,"GMT/CI",317,198,508,"Table S4, Table S5",2.50105926221775,2.02530586526477,0.330101873664622,0.813965404270096,0.104387378066936,0.127120039232041,0.475753396952981,2.99056603773585,0.0910040987640516,0.16448777788652,0.320812222113794,0.0772016401646275,0.153357352295403,0.79814944161056
"67",2,"Anderson et al. 2020","NCT04283461","mRNA-1273","mRNA","ug","100","Seattle & Bethesda, US","Day 0/28","wild-type SARS-CoV-2","PsVNA ID50",106,60,189,41,"100",1,"18-55","adult","42","prime",14,"GMT/CI",360,237,476,"Table S4, Table S5",2.55630250076729,2.02530586526477,0.28907988340459,0.813965404270096,0.0772598486506095,0.127120039232041,0.530996635502517,3.39622641509434,0.0910040987640516,0.148756810223501,0.28408488794769,0.0553491248466227,0.239433287464455,0.822559983540579
"68",2,"Anderson et al. 2020","NCT04283461","mRNA-1273","mRNA","ug","100","Seattle & Bethesda, US","Day 0/28","wild-type SARS-CoV-2","PsVNA ID80",41,26,66,41,"25",0.4,"56-70","elderly","42","prime",10,"GMT/CI",54,29,100,"Table S4, Table S5",1.73239375982297,1.61278385671974,0.43368540849641,0.660845850772613,0.137143367882919,0.103206782543635,0.119609903103233,1.31707317073171,0.0738848122488123,0.171638991249888,0.427137708444575,0.10018642310909,-0.216802519746547,0.456022325953013
"69",2,"Anderson et al. 2020","NCT04283461","mRNA-1273","mRNA","ug","100","Seattle & Bethesda, US","Day 0/28","wild-type SARS-CoV-2","PsVNA ID80",41,26,66,41,"25",0.4,">=71","elderly","42","prime",10,"GMT/CI",61,34,110,"Table S4, Table S5",1.78532983501077,1.61278385671974,0.411349213654441,0.660845850772613,0.130080042886727,0.103206782543635,0.172545978291032,1.48780487804878,0.0738848122488123,0.166049563445442,0.400194638102253,0.0947459372297161,-0.152911166062035,0.498003122644099
"70",2,"Anderson et al. 2020","NCT04283461","mRNA-1273","mRNA","ug","100","Seattle & Bethesda, US","Day 0/28","wild-type SARS-CoV-2","PsVNA ID80",41,26,66,41,"100",1,"56-70","elderly","42","prime",9,"GMT/CI",203,145,283,"Table S4, Table S5",2.30749603791321,1.61278385671974,0.222259005068354,0.660845850772613,0.0740863350227845,0.103206782543635,0.694712181193478,4.95121951219512,0.0738848122488123,0.127044972352776,0.217227905011132,0.0530032161092192,0.445704035382037,0.943720327004918
"71",2,"Anderson et al. 2020","NCT04283461","mRNA-1273","mRNA","ug","100","Seattle & Bethesda, US","Day 0/28","wild-type SARS-CoV-2","PsVNA ID80",41,26,66,41,"100",1,">=71","elderly","42","prime",10,"GMT/CI",194,121,311,"Table S4, Table S5",2.28780172993023,1.61278385671974,0.330728276248717,0.660845850772613,0.104585463956731,0.103206782543635,0.67501787321049,4.73170731707317,0.0738848122488123,0.146934540643288,0.323581514971837,0.077341547139057,0.387026173549646,0.963009572871335
"72",2,"Anderson et al. 2020","NCT04283461","mRNA-1273","mRNA","ug","100","Seattle & Bethesda, US","Day 0/28","wild-type SARS-CoV-2","PsVNA ID80",41,26,66,41,"100",1,"18-55","adult","42","prime",14,"GMT/CI",164,122,219,"Table S4, Table S5",2.2148438480477,1.61278385671974,0.242524576201665,0.660845850772613,0.0648174194299413,0.103206782543635,0.602059991327963,4,0.0738848122488123,0.121872629513629,0.238458076053259,0.0479423891679936,0.36318963748125,0.840930345174675
"73",2,"Anderson et al. 2020","NCT04283461","mRNA-1273","mRNA","ug","100","Seattle & Bethesda, US","Day 0/28","wild-type SARS-CoV-2","PsVNA ID50",106,60,189,41,"25",0.4,"56-70","elderly","56","prime",10,"GMT/CI",92,45,188,"Table S4, Table S5",1.96378782734556,2.02530586526477,0.500918765969522,0.813965404270096,0.158404422318453,0.127120039232041,-0.0615180379192151,0.867924528301887,0.0910040987640516,0.20310456761087,0.486070365283518,0.115498037849965,-0.45960299043652,0.33656691459809
"74",2,"Anderson et al. 2020","NCT04283461","mRNA-1273","mRNA","ug","100","Seattle & Bethesda, US","Day 0/28","wild-type SARS-CoV-2","PsVNA ID50",106,60,189,41,"25",0.4,">=71","elderly","56","prime",10,"GMT/CI",86,44,171,"Table S4, Table S5",1.93449845124357,2.02530586526477,0.475586742535661,0.813965404270096,0.150393733139277,0.127120039232041,-0.0908074140212027,0.811320754716981,0.0910040987640516,0.19692074380807,0.460459363917228,0.109754687386727,-0.476772071885021,0.295157243842615
"75",2,"Anderson et al. 2020","NCT04283461","mRNA-1273","mRNA","ug","100","Seattle & Bethesda, US","Day 0/28","wild-type SARS-CoV-2","PsVNA ID50",106,60,189,41,"100",1,"56-70","elderly","56","prime",9,"GMT/CI",324,212,496,"Table S4, Table S5",2.51054501020661,2.02530586526477,0.282509552725597,0.813965404270096,0.0941698509085322,0.127120039232041,0.485239144941842,3.0566037735849,0.0910040987640516,0.158200711738256,0.27532153551437,0.0709081945310771,0.175165749934859,0.795312539948824
"76",2,"Anderson et al. 2020","NCT04283461","mRNA-1273","mRNA","ug","100","Seattle & Bethesda, US","Day 0/28","wild-type SARS-CoV-2","PsVNA ID50",106,60,189,41,"100",1,">=71","elderly","56","prime",10,"GMT/CI",242,147,399,"Table S4, Table S5",2.38381536598043,2.02530586526477,0.349831452184652,0.813965404270096,0.110626418606779,0.127120039232041,0.358509500715661,2.28301886792453,0.0910040987640516,0.168516197643188,0.340555870328425,0.0794126634072358,0.028217753335013,0.688801248096308
"77",2,"Anderson et al. 2020","NCT04283461","mRNA-1273","mRNA","ug","100","Seattle & Bethesda, US","Day 0/28","wild-type SARS-CoV-2","PsVNA ID50",106,60,189,41,"100",1,"18-55","adult","56","prime",14,"GMT/CI",267,186,385,"Table S4, Table S5",2.42651126136458,2.02530586526477,0.301573562415148,0.813965404270096,0.0805989248190266,0.127120039232041,0.401205396099805,2.5188679245283,0.0910040987640516,0.15051807551367,0.295895765020408,0.0572949993467962,0.106189968093013,0.696220824106597
"78",2,"Anderson et al. 2020","NCT04283461","mRNA-1273","mRNA","ug","100","Seattle & Bethesda, US","Day 0/28","wild-type SARS-CoV-2","PsVNA ID80",41,26,66,41,"25",0.4,"56-70","elderly","56","prime",10,"GMT/CI",43,21,85,"Table S4, Table S5",1.63346845557959,1.61278385671974,0.489830058242785,0.660845850772613,0.154897865046014,0.103206782543635,0.020684598859851,1.04878048780488,0.0738848122488123,0.186131643088493,0.474114088498012,0.114167100504287,-0.344133421593596,0.385502619313298
"79",2,"Anderson et al. 2020","NCT04283461","mRNA-1273","mRNA","ug","100","Seattle & Bethesda, US","Day 0/28","wild-type SARS-CoV-2","PsVNA ID80",41,26,66,41,"25",0.4,">=71","elderly","56","prime",10,"GMT/CI",48,25,92,"Table S4, Table S5",1.68124123737559,1.61278385671974,0.456471407154661,0.660845850772613,0.144348933335081,0.103206782543635,0.0684573806558517,1.17073170731707,0.0738848122488123,0.177449301260909,0.448108697729347,0.106068294342697,-0.27934324981553,0.416258011127234
"80",2,"Anderson et al. 2020","NCT04283461","mRNA-1273","mRNA","ug","100","Seattle & Bethesda, US","Day 0/28","wild-type SARS-CoV-2","PsVNA ID80",41,26,66,41,"100",1,"56-70","elderly","56","prime",9,"GMT/CI",140,89,222,"Table S4, Table S5",2.14612803567824,1.61278385671974,0.303798189647239,0.660845850772613,0.101266063215746,0.103206782543635,0.533344178958503,3.41463414634147,0.0738848122488123,0.144590648114685,0.292865155372784,0.0748971191340212,0.249946508653719,0.816741849263286
"81",2,"Anderson et al. 2020","NCT04283461","mRNA-1273","mRNA","ug","100","Seattle & Bethesda, US","Day 0/28","wild-type SARS-CoV-2","PsVNA ID80",41,26,66,41,"100",1,">=71","elderly","56","prime",10,"GMT/CI",123,73,205,"Table S4, Table S5",2.0899051114394,1.61278385671974,0.36175085111853,0.660845850772613,0.114395663503903,0.103206782543635,0.477121254719663,3,0.0738848122488123,0.154071437299414,0.351541715199474,0.0844582561991624,0.175141237612811,0.779101271826515
"82",2,"Anderson et al. 2020","NCT04283461","mRNA-1273","mRNA","ug","100","Seattle & Bethesda, US","Day 0/28","wild-type SARS-CoV-2","PsVNA ID80",41,26,66,41,"100",1,"18-55","adult","56","prime",14,"GMT/CI",141,97,204,"Table S4, Table S5",2.14921911265538,1.61278385671974,0.308169806457674,0.660845850772613,0.0823618451937893,0.103206782543635,0.536435255935644,3.4390243902439,0.0738848122488123,0.132042089905965,0.301356883541395,0.0593290748447117,0.277632759719953,0.795237752151336
"83",4,"Xia et al. 2020 Phase 1","ChiCTR2000032459","BBIBP-CorV","Inactivated vaccine","ug","4","Shangqiu, China","Day 0/28","Live SARS-CoV-2 virus","MNT 50",198,156.7,250.2,NA,"2",0.5,"18-50","adult","0","prime",24,"GMT/CI",2.1,2,2.3,"Appendix 4",0.322219294733919,2.29666519026153,0.0758564986506442,0.969499917363362,0.0154841429473499,0.0518414053287783,-1.97444589552761,0.0106060606060606,NA,0.0541044359482349,0.0749834821028482,0.011206878160558,-2.08049058998615,-1.86840120106907
"84",4,"Xia et al. 2020 Phase 1","ChiCTR2000032459","BBIBP-CorV","Inactivated vaccine","ug","4","Shangqiu, China","Day 0/28","Live SARS-CoV-2 virus","MNT 50",198,156.7,250.2,NA,"2",0.5,">60","elderly","0","prime",24,"GMT/CI",2.2,1.9,2.3,"Appendix 10",0.342422680822206,2.29666519026153,0.103696192707357,0.969499917363362,0.0211668967001949,0.0518414053287783,-1.95424250943932,0.0111111111111111,NA,0.055996150067477,0.102876392272543,0.015214356891374,-2.06399496357158,-1.84449005530707
"85",4,"Xia et al. 2020 Phase 1","ChiCTR2000032459","BBIBP-CorV","Inactivated vaccine","ug","4","Shangqiu, China","Day 0/28","Live SARS-CoV-2 virus","MNT 50",198,156.7,250.2,NA,"4",1,"18-50","adult","0","prime",24,"GMT/CI",2.1,2,2.3,"Appendix 4",0.322219294733919,2.29666519026153,0.0758564986506442,0.969499917363362,0.0154841429473499,0.0518414053287783,-1.97444589552761,0.0106060606060606,NA,0.0541044359482349,0.0752754095210815,0.0111739456927332,-2.08049058998615,-1.86840120106907
"86",4,"Xia et al. 2020 Phase 1","ChiCTR2000032459","BBIBP-CorV","Inactivated vaccine","ug","4","Shangqiu, China","Day 0/28","Live SARS-CoV-2 virus","MNT 50",198,156.7,250.2,NA,"4",1,">60","elderly","0","prime",24,"GMT/CI",2.5,2.1,2.9,"Appendix 10",0.397940008672038,2.29666519026153,0.175186885489493,0.969499917363362,0.0357598732563869,0.0518414053287783,-1.89872518158949,0.0126262626262626,NA,0.0629785665268395,0.173171621759727,0.0260108240142821,-2.0221631719821,-1.77528719119689
"87",4,"Xia et al. 2020 Phase 1","ChiCTR2000032459","BBIBP-CorV","Inactivated vaccine","ug","4","Shangqiu, China","Day 0/28","Live SARS-CoV-2 virus","MNT 50",198,156.7,250.2,NA,"8",2,"18-50","adult","0","prime",24,"GMT/CI",2.1,2,2.3,"Appendix 4",0.322219294733919,2.29666519026153,0.0758564986506442,0.969499917363362,0.0154841429473499,0.0518414053287783,-1.97444589552761,0.0106060606060606,NA,0.0541044359482349,0.0752829272824584,0.0111678020343445,-2.08049058998615,-1.86840120106907
"88",4,"Xia et al. 2020 Phase 1","ChiCTR2000032459","BBIBP-CorV","Inactivated vaccine","ug","4","Shangqiu, China","Day 0/28","Live SARS-CoV-2 virus","MNT 50",198,156.7,250.2,NA,"8",2,">60","elderly","0","prime",24,"GMT/CI",2.3,2,2.6,"Appendix 10",0.361727836017593,2.29666519026153,0.142399526905065,0.969499917363362,0.0290671817109278,0.0518414053287783,-1.93493735424394,0.0116161616161616,NA,0.0594342692314693,0.140503051482543,0.0205358064641524,-2.05142852193762,-1.81844618655026
"89",4,"Xia et al. 2020 Phase 2","ChiCTR2000032459","BBIBP-CorV","Inactivated vaccine","ug","4","Shangqiu, China","Day 0","Live SARS-CoV-2 virus","MNT 50",198,156.7,250.2,NA,"8",2,"18-59","adult","0","prime",84,"GMT/CI",2,2,2,"Appendix 16",0.301029995663981,2.29666519026153,0.44734451237116,0.969499917363362,0.0488092878491417,0.0518414053287783,-1.99563519459755,0.0101010101010101,NA,0.0712030749813732,0.445160688492795,0.0350054060506803,-2.13519322156104,-1.85607716763406
"90",4,"Xia et al. 2020 Phase 2","ChiCTR2000032459","BBIBP-CorV","Inactivated vaccine","ug","4","Shangqiu, China","Day 0/14","Live SARS-CoV-2 virus","MNT 50",198,156.7,250.2,NA,"4",1,"18-59","adult","0","prime",84,"GMT/CI",2.1,2,2.2,"Appendix 16",0.322219294733919,2.29666519026153,0.0967781188546131,0.969499917363362,0.0105593584587309,0.0518414053287783,-1.97444589552761,0.0106060606060606,NA,0.0529058726184784,0.0965772758738366,0.00758934568228238,-2.07814140585983,-1.87075038519539
"91",4,"Xia et al. 2020 Phase 2","ChiCTR2000032459","BBIBP-CorV","Inactivated vaccine","ug","4","Shangqiu, China","Day 0/21","Live SARS-CoV-2 virus","MNT 50",198,156.7,250.2,NA,"4",1,"18-59","adult","0","prime",84,"GMT/CI",2.1,2,2.1,"Appendix 16",0.322219294733919,2.29666519026153,0.0495416157709432,0.969499917363362,0.0054054334362087,0.0518414053287783,-1.97444589552761,0.0106060606060606,NA,0.05212245214009,0.0493591769983552,0.00379136413053071,-2.07660590172219,-1.87228588933304
"92",4,"Xia et al. 2020 Phase 2","ChiCTR2000032459","BBIBP-CorV","Inactivated vaccine","ug","4","Shangqiu, China","Day 28","Live SARS-CoV-2 virus","MNT 50",198,156.7,250.2,NA,"4",1,"18-59","adult","0","prime",84,"GMT/CI",2,2,2,"Appendix 16",0.301029995663981,2.29666519026153,0.44734451237116,0.969499917363362,0.0488092878491417,0.0518414053287783,-1.99563519459755,0.0101010101010101,NA,0.0712030749813732,0.446530158659198,0.0343118739869804,-2.13519322156104,-1.85607716763406
"93",4,"Xia et al. 2020 Phase 1","ChiCTR2000032459","BBIBP-CorV","Inactivated vaccine","ug","4","Shangqiu, China","Day 0/28","Live SARS-CoV-2 virus","MNT 50",198,156.7,250.2,NA,"2",0.5,"18-50","adult","14","prime",24,"GMT/CI",9.3,7.8,11.2,"Appendix 6",0.968482948553935,2.29666519026153,0.196363370199638,0.969499917363362,0.0400825050968625,0.0518414053287783,-1.3281822417076,0.046969696969697,NA,0.0655296766457969,0.194141830008427,0.0290644756237727,-1.45662040793336,-1.19974407548183
"94",4,"Xia et al. 2020 Phase 1","ChiCTR2000032459","BBIBP-CorV","Inactivated vaccine","ug","4","Shangqiu, China","Day 0/28","Live SARS-CoV-2 virus","MNT 50",198,156.7,250.2,NA,"2",0.5,">60","elderly","14","prime",24,"GMT/CI",4.7,3.3,6.7,"Appendix 12",0.672097857935718,2.29666519026153,0.38437100957466,0.969499917363362,0.078459403781362,0.0518414053287783,-1.62456733232581,0.0237373737373738,NA,0.0940394031679779,0.379703324655308,0.05503877784227,-1.80888456253505,-1.44025010211658
"95",4,"Xia et al. 2020 Phase 1","ChiCTR2000032459","BBIBP-CorV","Inactivated vaccine","ug","4","Shangqiu, China","Day 0/28","Live SARS-CoV-2 virus","MNT 50",198,156.7,250.2,NA,"4",1,"18-50","adult","14","prime",24,"GMT/CI",12,9.4,15.2,"Appendix 6",1.07918124604762,2.29666519026153,0.260840331854958,0.969499917363362,0.0532438097819066,0.0518414053287783,-1.21748394421391,0.0606060606060606,NA,0.0743130848946169,0.257273223323086,0.0373658202232494,-1.36313759060736,-1.07183029782046
"96",4,"Xia et al. 2020 Phase 1","ChiCTR2000032459","BBIBP-CorV","Inactivated vaccine","ug","4","Shangqiu, China","Day 0/28","Live SARS-CoV-2 virus","MNT 50",198,156.7,250.2,NA,"4",1,">60","elderly","14","prime",24,"GMT/CI",6.9,4.9,9.6,"Appendix 12",0.838849090737255,2.29666519026153,0.365017903786942,0.969499917363362,0.0745089676048609,0.0518414053287783,-1.45781609952428,0.0348484848484849,NA,0.0907695849941207,0.362044298188993,0.0537995265362178,-1.63572448611275,-1.2799077129358
"97",4,"Xia et al. 2020 Phase 1","ChiCTR2000032459","BBIBP-CorV","Inactivated vaccine","ug","4","Shangqiu, China","Day 0/28","Live SARS-CoV-2 virus","MNT 50",198,156.7,250.2,NA,"8",2,"18-50","adult","14","prime",24,"GMT/CI",12.2,9.6,15.4,"Appendix 6",1.08635983067475,2.29666519026153,0.25650842605612,0.969499917363362,0.0523595632134935,0.0518414053287783,-1.21030535958678,0.0616161616161616,NA,0.0736821224339426,0.25289942256627,0.038735569085818,-1.35472231955731,-1.06588839961626
"98",4,"Xia et al. 2020 Phase 1","ChiCTR2000032459","BBIBP-CorV","Inactivated vaccine","ug","4","Shangqiu, China","Day 0/28","Live SARS-CoV-2 virus","MNT 50",198,156.7,250.2,NA,"8",2,">60","elderly","14","prime",24,"GMT/CI",6.7,4.8,9.3,"Appendix 12",0.826074802700826,2.29666519026153,0.358977359811659,0.969499917363362,0.0732759467291704,0.0518414053287783,-1.4705903875607,0.0338383838383839,NA,0.089760212096,0.35663510085982,0.0519783469171826,-1.64652040326886,-1.29466037185254
"99",4,"Xia et al. 2020 Phase 2","ChiCTR2000032459","BBIBP-CorV","Inactivated vaccine","ug","4","Shangqiu, China","Day 0/14","Live SARS-CoV-2 virus","MNT 50",198,156.7,250.2,NA,"4",1,"18-59","adult","14","prime",84,"GMT/CI",104.9,79,139.1,"Appendix 17",2.02077548819356,2.29666519026153,0.574458686532492,0.969499917363362,0.0626785813014298,0.0518414053287783,-0.275889702067973,0.52979797979798,NA,0.081339632777771,0.573225762993233,0.0449864271295355,-0.435315382312404,-0.116464021823542
"100",4,"Xia et al. 2020 Phase 2","ChiCTR2000032459","BBIBP-CorV","Inactivated vaccine","ug","4","Shangqiu, China","Day 0/21","Live SARS-CoV-2 virus","MNT 50",198,156.7,250.2,NA,"4",1,"18-59","adult","14","prime",84,"GMT/CI",218.9,165.6,289.5,"Appendix 17",2.34024576156793,2.29666519026153,0.56718313898452,0.969499917363362,0.0618847539833148,0.0518414053287783,0.0435805713064008,1.10555555555556,NA,0.0807295118407023,0.564485033399218,0.0440523898606913,-0.114649271901376,0.201810414514177
"101",4,"Xia et al. 2020 Phase 1","ChiCTR2000032459","BBIBP-CorV","Inactivated vaccine","ug","4","Shangqiu, China","Day 0/28","Live SARS-CoV-2 virus","MNT 50",198,156.7,250.2,NA,"2",0.5,"18-50","adult","28","prime",24,"GMT/CI",22.6,18.9,27,"Appendix 7",1.3541084391474,2.29666519026153,0.193587123531678,0.969499917363362,0.0395158061188121,0.0518414053287783,-0.94255675111413,0.114141414141414,NA,0.0651845859055823,0.191889406020975,0.0275124066745421,-1.07031853948907,-0.814794962739189
"102",4,"Xia et al. 2020 Phase 1","ChiCTR2000032459","BBIBP-CorV","Inactivated vaccine","ug","4","Shangqiu, China","Day 0/28","Live SARS-CoV-2 virus","MNT 50",198,156.7,250.2,NA,"2",0.5,">60","elderly","28","prime",24,"GMT/CI",13.4,9.4,19,"Appendix 13",1.12710479836481,2.29666519026153,0.381952619016294,0.969499917363362,0.0779657518757985,0.0518414053287783,-1.16956039189672,0.0676767676767677,NA,0.0936279326484424,0.378150854040942,0.054848093565325,-1.35307113988767,-0.986049643905776
"103",4,"Xia et al. 2020 Phase 1","ChiCTR2000032459","BBIBP-CorV","Inactivated vaccine","ug","4","Shangqiu, China","Day 0/28","Live SARS-CoV-2 virus","MNT 50",198,156.7,250.2,NA,"4",1,"18-50","adult","28","prime",24,"GMT/CI",29.3,23.8,36,"Appendix 7",1.46686762035411,2.29666519026153,0.224610140732487,0.969499917363362,0.0458483529874427,0.0518414053287783,-0.829797569907421,0.147979797979798,NA,0.0692069561397106,0.222788429032997,0.0321472863668803,-0.965443203941254,-0.694151935873589
"104",4,"Xia et al. 2020 Phase 1","ChiCTR2000032459","BBIBP-CorV","Inactivated vaccine","ug","4","Shangqiu, China","Day 0/28","Live SARS-CoV-2 virus","MNT 50",198,156.7,250.2,NA,"4",1,">60","elderly","28","prime",24,"GMT/CI",18.9,13.4,26.6,"Appendix 13",1.27646180417324,2.29666519026153,0.372143526005922,0.969499917363362,0.075963479149556,0.0518414053287783,-1.02020338608829,0.0954545454545455,NA,0.091967284786318,0.368724692045448,0.0555510227216582,-1.20045926426947,-0.839947507907104
"105",4,"Xia et al. 2020 Phase 1","ChiCTR2000032459","BBIBP-CorV","Inactivated vaccine","ug","4","Shangqiu, China","Day 0/28","Live SARS-CoV-2 virus","MNT 50",198,156.7,250.2,NA,"8",2,"18-50","adult","28","prime",24,"GMT/CI",36.7,29.8,45.2,"Appendix 7",1.56466606425209,2.29666519026153,0.226105612988653,0.969499917363362,0.0461536149834508,0.0518414053287783,-0.731999126009442,0.185353535353535,NA,0.0694095633360656,0.222740165815049,0.0333039868292593,-0.86804187014813,-0.595956381870753
"106",4,"Xia et al. 2020 Phase 1","ChiCTR2000032459","BBIBP-CorV","Inactivated vaccine","ug","4","Shangqiu, China","Day 0/28","Live SARS-CoV-2 virus","MNT 50",198,156.7,250.2,NA,"8",2,">60","elderly","28","prime",24,"GMT/CI",23.7,19,29.6,"Appendix 13",1.3747483460101,2.29666519026153,0.24062251316315,0.969499917363362,0.0491168648229872,0.0518414053287783,-0.921916844251427,0.11969696969697,NA,0.0714142682977448,0.238599699783043,0.0351790473884802,-1.06188881011501,-0.781944878387847
"107",4,"Xia et al. 2020 Phase 2","ChiCTR2000032459","BBIBP-CorV","Inactivated vaccine","ug","4","Shangqiu, China","Day 0","Live SARS-CoV-2 virus","MNT 50",198,156.7,250.2,NA,"8",2,"18-59","adult","28","prime",84,"GMT/CI",14.7,11.6,18.8,"Appendix 18",1.16731733474818,2.29666519026153,0.49028851114291,0.969499917363362,0.0534948622542759,0.0518414053287783,-1.12934785551335,0.0742424242424243,NA,0.0744931647472883,0.488552215307401,0.0378342727550381,-1.27535445841804,-0.98334125260867
"108",4,"Xia et al. 2020 Phase 2","ChiCTR2000032459","BBIBP-CorV","Inactivated vaccine","ug","4","Shangqiu, China","Day 0/14","Live SARS-CoV-2 virus","MNT 50",198,156.7,250.2,NA,"4",1,"18-59","adult","28","prime",84,"GMT/CI",169.5,132.2,217.2,"Appendix 18",2.2291697025391,2.29666519026153,0.504149646993757,0.969499917363362,0.0550072361650989,0.0518414053287783,-0.0674954877224301,0.856060606060606,NA,0.0755865552660369,0.504014734870634,0.0389237270783195,-0.215645136043862,0.0806541605990023
"109",4,"Xia et al. 2020 Phase 2","ChiCTR2000032459","BBIBP-CorV","Inactivated vaccine","ug","4","Shangqiu, China","Day 0/21","Live SARS-CoV-2 virus","MNT 50",198,156.7,250.2,NA,"4",1,"18-59","adult","28","prime",84,"GMT/CI",282.7,221.2,361.4,"Appendix 18",2.45132580848952,2.29666519026153,0.498479083250053,0.969499917363362,0.0543885269367991,0.0518414053287783,0.154660618227989,1.42777777777778,NA,0.0751374950927804,0.496960071075067,0.0380385659028226,0.00739112784613896,0.301930108609838
"110",4,"Xia et al. 2020 Phase 2","ChiCTR2000032459","BBIBP-CorV","Inactivated vaccine","ug","4","Shangqiu, China","Day 28","Live SARS-CoV-2 virus","MNT 50",198,156.7,250.2,NA,"4",1,"18-59","adult","28","prime",84,"GMT/CI",218,181.8,261.3,"Appendix 18",2.3384564936046,2.29666519026153,0.368349143103372,0.969499917363362,0.0401901864391268,0.0518414053287783,0.0417913033430737,1.1010101010101,NA,0.0655955973558779,0.368434385370755,0.0288388456585244,-0.086776067474447,0.170358674160594
"111",4,"Xia et al. 2020 Phase 1","ChiCTR2000032459","BBIBP-CorV","Inactivated vaccine","ug","4","Shangqiu, China","Day 0/28","Live SARS-CoV-2 virus","MNT 50",198,156.7,250.2,NA,"2",0.5,"18-50","adult","32","prime",24,"GMT/CI",41.9,33.5,52.5,"Appendix 8",1.6222140229663,2.29666519026153,0.243842325267574,0.969499917363362,0.0497741062166101,0.0518414053287783,-0.674451167295236,0.211616161616162,NA,0.0718678854296206,0.240316514267665,0.0366538034286383,-0.815312222737292,-0.533590111853179
"112",4,"Xia et al. 2020 Phase 1","ChiCTR2000032459","BBIBP-CorV","Inactivated vaccine","ug","4","Shangqiu, China","Day 0/28","Live SARS-CoV-2 virus","MNT 50",198,156.7,250.2,NA,"2",0.5,">60","elderly","32","prime",24,"GMT/CI",31.4,21.7,45.5,"Appendix 14",1.49692964807321,2.29666519026153,0.401855867257397,0.969499917363362,0.0820284854103528,0.0518414053287783,-0.799735542188316,0.158585858585859,NA,0.0970371254993631,0.397971876929012,0.0578385873584625,-0.989928308167068,-0.609542776209564
"113",4,"Xia et al. 2020 Phase 1","ChiCTR2000032459","BBIBP-CorV","Inactivated vaccine","ug","4","Shangqiu, China","Day 0/28","Live SARS-CoV-2 virus","MNT 50",198,156.7,250.2,NA,"4",1,"18-50","adult","32","prime",24,"GMT/CI",84.8,65.4,110.1,"Appendix 8",1.92839585225671,2.29666519026153,0.282703072969592,0.969499917363362,0.0577065231243583,0.0518414053287783,-0.368269338004817,0.428282828282828,NA,0.0775730244193482,0.280020291772121,0.0416555303643151,-0.52031246586674,-0.216226210142895
"114",4,"Xia et al. 2020 Phase 1","ChiCTR2000032459","BBIBP-CorV","Inactivated vaccine","ug","4","Shangqiu, China","Day 0/28","Live SARS-CoV-2 virus","MNT 50",198,156.7,250.2,NA,"4",1,">60","elderly","32","prime",24,"GMT/CI",60.7,46.3,79.5,"Appendix 14",1.78318869107526,2.29666519026153,0.293421548925116,0.969499917363362,0.0598944228669687,0.0518414053287783,-0.513476499186273,0.306565656565657,NA,0.0792140972114809,0.289991233950591,0.0419987109489603,-0.668736129720776,-0.358216868651771
"115",4,"Xia et al. 2020 Phase 1","ChiCTR2000032459","BBIBP-CorV","Inactivated vaccine","ug","4","Shangqiu, China","Day 0/28","Live SARS-CoV-2 virus","MNT 50",198,156.7,250.2,NA,"8",2,"18-50","adult","32","prime",24,"GMT/CI",94.3,80,111.2,"Appendix 8",1.97451169273733,2.29666519026153,0.178731268514587,0.969499917363362,0.036483367411759,0.0518414053287783,-0.322153497524203,0.476262626262626,NA,0.0633921714738033,0.174958651353434,0.0259500992929801,-0.446402153612857,-0.197904841435548
"116",4,"Xia et al. 2020 Phase 1","ChiCTR2000032459","BBIBP-CorV","Inactivated vaccine","ug","4","Shangqiu, China","Day 0/28","Live SARS-CoV-2 virus","MNT 50",198,156.7,250.2,NA,"8",2,">60","elderly","32","prime",24,"GMT/CI",73.3,59.5,90.3,"Appendix 14",1.86510397464113,2.29666519026153,0.226416315577975,0.969499917363362,0.0462170368839174,0.0518414053287783,-0.431561215620403,0.37020202020202,NA,0.0694517516322812,0.224512456344819,0.0335195601746629,-0.567686648819674,-0.295435782421132
"117",4,"Xia et al. 2020 Phase 1","ChiCTR2000032459","BBIBP-CorV","Inactivated vaccine","ug","4","Shangqiu, China","Day 0/28","Live SARS-CoV-2 virus","MNT 50",198,156.7,250.2,NA,"2",0.5,"18-50","adult","42","prime",24,"GMT/CI",87.7,64.9,118.6,"Appendix 9",1.94299959336604,2.29666519026153,0.327231824088064,0.969499917363362,0.0667959163846619,0.0518414053287783,-0.35366559689549,0.442929292929293,NA,0.0845530942788579,0.321652831755372,0.0477067129109536,-0.519389661682052,-0.187941532108929
"118",4,"Xia et al. 2020 Phase 1","ChiCTR2000032459","BBIBP-CorV","Inactivated vaccine","ug","4","Shangqiu, China","Day 0/28","Live SARS-CoV-2 virus","MNT 50",198,156.7,250.2,NA,"2",0.5,">60","elderly","42","prime",24,"GMT/CI",80.7,65.4,99.6,"Appendix 15",1.90687353472207,2.29666519026153,0.22830442915504,0.969499917363362,0.0466024464539366,0.0518414053287783,-0.38979165553946,0.407575757575758,NA,0.0697088181075731,0.224721868503656,0.0334914359993841,-0.526420939030304,-0.253162372048617
"119",4,"Xia et al. 2020 Phase 1","ChiCTR2000032459","BBIBP-CorV","Inactivated vaccine","ug","4","Shangqiu, China","Day 0/28","Live SARS-CoV-2 virus","MNT 50",198,156.7,250.2,NA,"4",1,"18-50","adult","42","prime",24,"GMT/CI",211.2,159,280.6,"Appendix 9",2.32469391386177,2.29666519026153,0.308298955704879,0.969499917363362,0.0629312608091555,0.0518414053287783,0.0280287236002437,1.06666666666667,NA,0.0815345012463598,0.30487696023943,0.0440721484686245,-0.131778898842621,0.187836346043109
"120",4,"Xia et al. 2020 Phase 1","ChiCTR2000032459","BBIBP-CorV","Inactivated vaccine","ug","4","Shangqiu, China","Day 0/28","Live SARS-CoV-2 virus","MNT 50",198,156.7,250.2,NA,"4",1,">60","elderly","42","prime",24,"GMT/CI",131.5,108.2,159.7,"Appendix 15",2.11892575282578,2.29666519026153,0.211303052325296,0.969499917363362,0.0431320549407991,0.0518414053287783,-0.177739437435754,0.664141414141415,NA,0.0674381603387785,0.209253354369677,0.0302529482934733,-0.30991823169976,-0.0455606431717483
"121",4,"Xia et al. 2020 Phase 1","ChiCTR2000032459","BBIBP-CorV","Inactivated vaccine","ug","4","Shangqiu, China","Day 0/28","Live SARS-CoV-2 virus","MNT 50",198,156.7,250.2,NA,"8",2,"18-50","adult","42","prime",24,"GMT/CI",228.7,186.1,281.1,"Appendix 9",2.35926616460675,2.29666519026153,0.223846460773281,0.969499917363362,0.0456924674685392,0.0518414053287783,0.0626009743452176,1.15505050505051,NA,0.0691037834696929,0.220178564159677,0.0319737652644409,-0.0728424412553804,0.198044389945816
"122",4,"Xia et al. 2020 Phase 1","ChiCTR2000032459","BBIBP-CorV","Inactivated vaccine","ug","4","Shangqiu, China","Day 0/28","Live SARS-CoV-2 virus","MNT 50",198,156.7,250.2,NA,"8",2,">60","elderly","42","prime",24,"GMT/CI",170.9,133,219.5,"Appendix 15",2.23274206272074,2.29666519026153,0.271921960005339,0.969499917363362,0.0555058376558812,0.0518414053287783,-0.0639231275407939,0.863131313131314,NA,0.0759501765655863,0.270608821395069,0.0392964630363504,-0.212785473609343,0.0849392185277552
"123",4,"Xia et al. 2020 Phase 1","ChiCTR2000032459","BBIBP-CorV","Inactivated vaccine","ug","4","Shangqiu, China","Day 0/28","Live SARS-CoV-2 virus","MNT 50",198,156.7,250.2,NA,"2",0.5,"18-50","adult","7","prime",24,"GMT/CI",4,3.2,5,"Appendix 5",0.602059991327962,2.29666519026153,0.242224574322672,0.969499917363362,0.0494438841877839,0.0518414053287783,-1.69460519893357,0.0202020202020202,NA,0.0716395769811469,0.241715749184549,0.0357241377488568,-1.83501876981662,-1.55419162805052
"124",4,"Xia et al. 2020 Phase 1","ChiCTR2000032459","BBIBP-CorV","Inactivated vaccine","ug","4","Shangqiu, China","Day 0/28","Live SARS-CoV-2 virus","MNT 50",198,156.7,250.2,NA,"2",0.5,">60","elderly","7","prime",24,"GMT/CI",2.3,2,2.7,"Appendix 11",0.361727836017593,2.29666519026153,0.16288328013612,0.969499917363362,0.0332484103303587,0.0518414053287783,-1.93493735424394,0.0116161616161616,NA,0.0615872397169949,0.160183110740465,0.0239520069874143,-2.05564834408925,-1.81422636439863
"125",4,"Xia et al. 2020 Phase 1","ChiCTR2000032459","BBIBP-CorV","Inactivated vaccine","ug","4","Shangqiu, China","Day 0/28","Live SARS-CoV-2 virus","MNT 50",198,156.7,250.2,NA,"4",1,"18-50","adult","7","prime",24,"GMT/CI",4.7,3.7,6.1,"Appendix 5",0.672097857935718,2.29666519026153,0.271353612564621,0.969499917363362,0.05538982422035,0.0518414053287783,-1.62456733232581,0.0237373737373738,NA,0.075865433061599,0.268283914849472,0.0388851345654928,-1.77326358112655,-1.47587108352508
"126",4,"Xia et al. 2020 Phase 1","ChiCTR2000032459","BBIBP-CorV","Inactivated vaccine","ug","4","Shangqiu, China","Day 0/28","Live SARS-CoV-2 virus","MNT 50",198,156.7,250.2,NA,"4",1,">60","elderly","7","prime",24,"GMT/CI",3.3,2.5,4.4,"Appendix 11",0.518513939877887,2.29666519026153,0.306826919150048,0.969499917363362,0.0626307826056505,0.0518414053287783,-1.77815125038364,0.0166666666666667,NA,0.0813028058326337,0.30324875901446,0.044350650275028,-1.93750474981561,-1.61879775095168
"127",4,"Xia et al. 2020 Phase 1","ChiCTR2000032459","BBIBP-CorV","Inactivated vaccine","ug","4","Shangqiu, China","Day 0/28","Live SARS-CoV-2 virus","MNT 50",198,156.7,250.2,NA,"8",2,"18-50","adult","7","prime",24,"GMT/CI",5.3,4.1,6.8,"Appendix 5",0.724275869600789,2.29666519026153,0.274599117791527,0.969499917363362,0.056052310200638,0.0518414053287783,-1.57238932066074,0.0267676767676768,NA,0.0763504602821177,0.271104959672771,0.040263339562212,-1.72203622281369,-1.42274241850779
"128",4,"Xia et al. 2020 Phase 1","ChiCTR2000032459","BBIBP-CorV","Inactivated vaccine","ug","4","Shangqiu, China","Day 0/28","Live SARS-CoV-2 virus","MNT 50",198,156.7,250.2,NA,"8",2,">60","elderly","7","prime",24,"GMT/CI",3.7,2.7,4.9,"Appendix 11",0.568201724066995,2.29666519026153,0.3234730116445,0.969499917363362,0.0660286520075322,0.0518414053287783,-1.72846346619454,0.0186868686868687,NA,0.0839482828436322,0.320199248892946,0.0476399086367811,-1.89300210056806,-1.56392483182102
"129",6,"Ella et al. 2021","NCT04471519","BBV152","Inactivated vaccine","ug","6","India","Day 0/28","Live SARS-CoV-2 virus","PRNT 50",215.8,99.5,458.1,50,"3",0.5,"12-65","adult","0","prime",190,"GMT/CI",0.11,0.1,0.13,"Table S2",-0.958607314841775,2.33405144034689,0.400663449789294,1.19619596626709,0.0290671817109278,0.169167655875091,-3.29265875518867,0.000509731232622799,0.12083403991078,0.171646721049047,0.400004098453368,0.020677800262016,-3.6290863284448,-2.95623118193253
"130",6,"Ella et al. 2021","NCT04471519","BBV152","Inactivated vaccine","ug","6","India","Day 0/28","Live SARS-CoV-2 virus","PRNT 50",215.8,99.5,458.1,50,"6",1,"12-65","adult","0","prime",190,"GMT/CI",0.1,0.09,0.11,"Table S2",-1,2.33405144034689,0.306449558893508,1.19619596626709,0.0222321876833929,0.169167655875091,-3.33405144034689,0.00046339202965709,0.12083403991078,0.170622290347606,0.305983481663988,0.0157944882587678,-3.6684711294282,-2.99963175126558
"131",6,"Ella et al. 2021","NCT04471519","BBV152","Inactivated vaccine","ug","6","India","Day 0/28","Live SARS-CoV-2 virus","MNT 50",36.4,18.4,72.1,50,"3",0.5,"12-65","adult","0","prime",190,"GMT/CI",6.3,6.02,6.68,"Table S2",0.799340549453582,1.56110138364906,0.158868093337526,1.06989123743133,0.0115255028616636,0.151305469823952,-0.761760834195474,0.173076923076923,0.108075335588537,0.151743805194351,0.158637551358262,0.00806952798139934,-1.0591786923764,-0.464342976014546
"132",6,"Ella et al. 2021","NCT04471519","BBV152","Inactivated vaccine","ug","6","India","Day 0/28","Live SARS-CoV-2 virus","MNT 50",36.4,18.4,72.1,50,"6",1,"12-65","adult","0","prime",190,"GMT/CI",6,5.8,6.1,"Table S2",0.778151250383644,1.56110138364906,0.0770142985401623,1.06989123743133,0.00558720445097699,0.151305469823952,-0.782950133265412,0.164835164835165,0.108075335588537,0.15140859305939,0.0769138264668539,0.00406941508952673,-1.07971097566182,-0.486189290869008
"133",6,"Ella et al. 2021","NCT04471519","BBV152","Inactivated vaccine","ug","6","India","Day 0/28","Live SARS-CoV-2 virus","MNT 50",36.4,18.4,72.1,50,"3",0.5,"12-65","adult","104","prime",100,"GMT/CI",40,32,49.9,"Table S4",1.60205999132796,1.56110138364906,0.492220834957867,1.06989123743133,0.0492220834957867,0.151305469823952,0.0409586076789064,1.0989010989011,0.108075335588537,0.159110523543583,0.491609209546264,0.0347705912902486,-0.270898018466516,0.352815233824329
"134",6,"Ella et al. 2021","NCT04471519","BBV152","Inactivated vaccine","ug","6","India","Day 0/28","Live SARS-CoV-2 virus","MNT 50",36.4,18.4,72.1,50,"6",1,"12-65","adult","104","prime",100,"GMT/CI",69.5,53.7,90,"Table S4",1.84198480459011,1.56110138364906,0.572112815662677,1.06989123743133,0.0572112815662677,0.151305469823952,0.280883420941058,1.90934065934066,0.108075335588537,0.161760551238866,0.570326908472787,0.0404927580542168,-0.0361672594871185,0.597934101369235
"135",6,"Ella et al. 2021","NCT04471519","BBV152","Inactivated vaccine","ug","6","India","Day 0/28","Live SARS-CoV-2 virus","PRNT 50",215.8,99.5,458.1,50,"3",0.5,"12-65","adult","28","prime",190,"GMT/CI",1.23,0.78,1.94,"Table S2",0.0899051114393979,2.33405144034689,1.39144039117914,1.19619596626709,0.100945695724425,0.169167655875091,-2.24414632890749,0.00569972196478221,0.12083403991078,0.196996774794821,1.38978251102854,0.0724088535917985,-2.63026000750534,-1.85803265030964
"136",6,"Ella et al. 2021","NCT04471519","BBV152","Inactivated vaccine","ug","6","India","Day 0/28","Live SARS-CoV-2 virus","PRNT 50",215.8,99.5,458.1,50,"6",1,"12-65","adult","28","prime",190,"GMT/CI",1.5,1,2.4,"Table S2",0.176091259055681,2.33405144034689,1.33695160506264,1.19619596626709,0.0969926637019403,0.169167655875091,-2.15796018129121,0.00695088044485635,0.12083403991078,0.195000698989186,1.33755795932331,0.0694064547625913,-2.54016155131001,-1.77575881127241
"137",6,"Ella et al. 2021","NCT04471519","BBV152","Inactivated vaccine","ug","6","India","Day 0/28","Live SARS-CoV-2 virus","MNT 50",36.4,18.4,72.1,50,"3",0.5,"12-65","adult","28","prime",190,"GMT/CI",12.6,10.8,14.7,"Table S2",1.10037054511756,1.56110138364906,0.470815210236888,1.06989123743133,0.0341565253217414,0.151305469823952,-0.460730838531493,0.346153846153846,0.108075335588537,0.15511290539701,0.470875038833281,0.024842081083024,-0.764752133109632,-0.156709543953354
"138",6,"Ella et al. 2021","NCT04471519","BBV152","Inactivated vaccine","ug","6","India","Day 0/28","Live SARS-CoV-2 virus","MNT 50",36.4,18.4,72.1,50,"6",1,"12-65","adult","28","prime",190,"GMT/CI",12,10.2,14,"Table S2",1.07918124604762,1.56110138364906,0.48359458698811,1.06989123743133,0.0350836387541634,0.151305469823952,-0.481920137601431,0.32967032967033,0.108075335588537,0.15531969259202,0.482964032201767,0.0252365188995173,-0.78634673508179,-0.177493540121072
"139",6,"Ella et al. 2021","NCT04471519","BBV152","Inactivated vaccine","ug","6","India","Day 0/28","Live SARS-CoV-2 virus","PRNT 50",215.8,99.5,458.1,50,"3",0.5,"12-65","adult","42","prime",190,"GMT/CI",78.4,54.8,112,"Table S2",1.89431606268444,2.33405144034689,1.09160335224809,1.19619596626709,0.079193230659646,0.169167655875091,-0.439735377662454,0.363299351251158,0.12083403991078,0.1867866793339,1.08864341595614,0.0557370350714227,-0.805837269156898,-0.0736334861680094
"140",6,"Ella et al. 2021","NCT04471519","BBV152","Inactivated vaccine","ug","6","India","Day 0/28","Live SARS-CoV-2 virus","PRNT 50",215.8,99.5,458.1,50,"6",1,"12-65","adult","42","prime",190,"GMT/CI",161.8,126.2,207.4,"Table S2",2.20897851727625,2.33405144034689,0.758648012367211,1.19619596626709,0.0550381115165578,0.169167655875091,-0.125072923070638,0.749768303985171,0.12083403991078,0.177895726518605,0.755920502732676,0.0395761914898963,-0.473748547047105,0.223602700905828
"141",6,"Ella et al. 2021","NCT04471519","BBV152","Inactivated vaccine","ug","6","India","Day 0/28","Live SARS-CoV-2 virus","MNT 50",36.4,18.4,72.1,50,"3",0.5,"12-65","adult","42","prime",190,"GMT/CI",78.5,64.6,95.2,"Table S2",1.89486965674525,1.56110138364906,0.592167060855954,1.06989123743133,0.0429603138748445,0.151305469823952,0.333768273096197,2.15659340659341,0.108075335588537,0.157286152495609,0.59258838514644,0.0304858957133674,0.0254874142048024,0.642049131987591
"142",6,"Ella et al. 2021","NCT04471519","BBV152","Inactivated vaccine","ug","6","India","Day 0/28","Live SARS-CoV-2 virus","MNT 50",36.4,18.4,72.1,50,"6",1,"12-65","adult","42","prime",190,"GMT/CI",144.4,134.8,158.8,"Table S2",2.15956719323362,1.56110138364906,0.25022481143891,1.06989123743133,0.0181532157887185,0.151305469823952,0.598465809584564,3.96703296703297,0.108075335588537,0.152390565462953,0.249723097595487,0.0128868288563068,0.299780301277176,0.897151317891953
"143",6,"Ella et al. 2021","NCT04471519","BBV152","Inactivated vaccine","ug","6","India","Day 0/28","Live SARS-CoV-2 virus","PRNT 50",215.8,99.5,458.1,50,"3",0.5,"12-65","adult","56","prime",190,"GMT/CI",100.9,74.1,137.4,"Table S2",2.00389116623691,2.33405144034689,0.942971433380157,1.19619596626709,0.0684103379449499,0.169167655875091,-0.330160274109982,0.467562557924003,0.12083403991078,0.182476491998327,0.941984119225516,0.0481590507764495,-0.687814198426703,0.0274936502067397
"144",6,"Ella et al. 2021","NCT04471519","BBV152","Inactivated vaccine","ug","6","India","Day 0/28","Live SARS-CoV-2 virus","PRNT 50",215.8,99.5,458.1,50,"6",1,"12-65","adult","56","prime",190,"GMT/CI",197,155.6,249.4,"Table S2",2.29446622616159,2.33405144034689,0.720451637373692,1.19619596626709,0.0522670552267484,0.169167655875091,-0.039585214185299,0.912882298424467,0.12083403991078,0.177058015510028,0.718911866479068,0.0376115622933219,-0.386618924584954,0.307448496214356
"145",6,"Ella et al. 2021","NCT04471519","BBV152","Inactivated vaccine","ug","6","India","Day 0/28","Live SARS-CoV-2 virus","MNT 50",36.4,18.4,72.1,50,"3",0.5,"12-65","adult","56","prime",190,"GMT/CI",92.5,77.7,110.2,"Table S2",1.96614173273903,1.56110138364906,0.533641626096632,1.06989123743133,0.0387144325803194,0.151305469823952,0.405040349089977,2.54120879120879,0.108075335588537,0.156179872226427,0.531871119212009,0.027788416853777,0.0989277995261803,0.711152898653773
"146",6,"Ella et al. 2021","NCT04471519","BBV152","Inactivated vaccine","ug","6","India","Day 0/28","Live SARS-CoV-2 virus","MNT 50",36.4,18.4,72.1,50,"6",1,"12-65","adult","56","prime",190,"GMT/CI",160.1,135.8,188.8,"Table S2",2.2043913319193,1.56110138364906,0.50319591256492,1.06989123743133,0.0365056683718284,0.151305469823952,0.643289948270244,4.39835164835165,0.108075335588537,0.155647065574398,0.503421901549603,0.0255625202997053,0.338221699744425,0.948358196796063
"147",7,"Xia et al. 2020","ChiCTR2000031809","WIBP COVID-19 vaccine/Inactivated SARS-CoV-2 vaccine (vero cell)","Inactivated vaccine","ug","5","Henan Province, China","Day 0/28/56 (booster)","Live SARS-CoV-2 virus","PRNT 50",215.8,99.5,458.1,50,"2.5",0.5,"18-59","adult","0","prime",24,"GMT/CI",5,5,5,"eTable 5",0.698970004336019,2.33405144034689,0.44734451237116,1.19619596626709,0.0913138162119583,0.169167655875091,-1.63508143601087,0.0231696014828545,0.12083403991078,0.192239196901841,0.443649948664413,0.0652156884545566,-2.01187026193848,-1.25829261008327
"148",7,"Xia et al. 2020","ChiCTR2000031809","WIBP COVID-19 vaccine/Inactivated SARS-CoV-2 vaccine (vero cell)","Inactivated vaccine","ug","5","Henan Province, China","Day 0/28/56 (booster)","Live SARS-CoV-2 virus","PRNT 50",215.8,99.5,458.1,50,"5",1,"18-59","adult","0","prime",24,"GMT/CI",5,5,5,"eTable 5",0.698970004336019,2.33405144034689,0.44734451237116,1.19619596626709,0.0913138162119583,0.169167655875091,-1.63508143601087,0.0231696014828545,0.12083403991078,0.192239196901841,0.444491329826917,0.0640556565218114,-2.01187026193848,-1.25829261008327
"149",7,"Xia et al. 2020","ChiCTR2000031809","WIBP COVID-19 vaccine/Inactivated SARS-CoV-2 vaccine (vero cell)","Inactivated vaccine","ug","5","Henan Province, China","Day 0/28/56 (booster)","Live SARS-CoV-2 virus","PRNT 50",215.8,99.5,458.1,50,"10",2,"18-59","adult","0","prime",24,"GMT/CI",5,5,5,"eTable 5",0.698970004336019,2.33405144034689,0.44734451237116,1.19619596626709,0.0913138162119583,0.169167655875091,-1.63508143601087,0.0231696014828545,0.12083403991078,0.192239196901841,0.445396017307621,0.0656436151935928,-2.01187026193848,-1.25829261008327
"150",7,"Xia et al. 2020","ChiCTR2000031809","WIBP COVID-19 vaccine/Inactivated SARS-CoV-2 vaccine (vero cell)","Inactivated vaccine","ug","5","Henan Province, China","Day 0/28/56 (booster)","Live SARS-CoV-2 virus","PRNT 50",215.8,99.5,458.1,50,"2.5",0.5,"18-59","adult","14","prime",24,"GMT/CI",5,5,5,"eTable 5",0.698970004336019,2.33405144034689,0.44734451237116,1.19619596626709,0.0913138162119583,0.169167655875091,-1.63508143601087,0.0231696014828545,0.12083403991078,0.192239196901841,0.442061118107472,0.0652628037642294,-2.01187026193848,-1.25829261008327
"151",7,"Xia et al. 2020","ChiCTR2000031809","WIBP COVID-19 vaccine/Inactivated SARS-CoV-2 vaccine (vero cell)","Inactivated vaccine","ug","5","Henan Province, China","Day 0/28/56 (booster)","Live SARS-CoV-2 virus","PRNT 50",215.8,99.5,458.1,50,"5",1,"18-59","adult","14","prime",24,"GMT/CI",6,5,7,"eTable 5",0.778151250383644,2.33405144034689,0.182622002309642,1.19619596626709,0.0372775601219995,0.169167655875091,-1.55590018996325,0.0278035217794254,0.12083403991078,0.173226188213337,0.180653714764068,0.0267546830146073,-1.89542351886139,-1.21637686106511
"152",7,"Xia et al. 2020","ChiCTR2000031809","WIBP COVID-19 vaccine/Inactivated SARS-CoV-2 vaccine (vero cell)","Inactivated vaccine","ug","5","Henan Province, China","Day 0/28/56 (booster)","Live SARS-CoV-2 virus","PRNT 50",215.8,99.5,458.1,50,"10",2,"18-59","adult","14","prime",24,"GMT/CI",6,4,8,"eTable 5",0.778151250383644,2.33405144034689,0.37620912584132,1.19619596626709,0.0767933662408115,0.169167655875091,-1.55590018996325,0.0278035217794254,0.12083403991078,0.185781906796299,0.37101925121184,0.0558533285769787,-1.92003272728399,-1.1917676526425
"153",7,"Xia et al. 2020","ChiCTR2000031809","WIBP COVID-19 vaccine/Inactivated SARS-CoV-2 vaccine (vero cell)","Inactivated vaccine","ug","5","Henan Province, China","Day 0/28/56 (booster)","Live SARS-CoV-2 virus","PRNT 50",215.8,99.5,458.1,50,"2.5",0.5,"18-59","adult","21","prime",24,"GMT/CI",5,5,5,"eTable 5",0.698970004336019,2.33405144034689,0.44734451237116,1.19619596626709,0.0913138162119583,0.169167655875091,-1.63508143601087,0.0231696014828545,0.12083403991078,0.192239196901841,0.44357972362636,0.0635981900489778,-2.01187026193848,-1.25829261008327
"154",7,"Xia et al. 2020","ChiCTR2000031809","WIBP COVID-19 vaccine/Inactivated SARS-CoV-2 vaccine (vero cell)","Inactivated vaccine","ug","5","Henan Province, China","Day 0/28/56 (booster)","Live SARS-CoV-2 virus","PRNT 50",215.8,99.5,458.1,50,"5",1,"18-59","adult","21","prime",24,"GMT/CI",7,5,10,"eTable 5",0.845098040014257,2.33405144034689,0.37620912584132,1.19619596626709,0.0767933662408115,0.169167655875091,-1.48895340033264,0.0324374420759963,0.12083403991078,0.185781906796299,0.373334812192439,0.0551910400080545,-1.85308593765338,-1.12482086301189
"155",7,"Xia et al. 2020","ChiCTR2000031809","WIBP COVID-19 vaccine/Inactivated SARS-CoV-2 vaccine (vero cell)","Inactivated vaccine","ug","5","Henan Province, China","Day 0/28/56 (booster)","Live SARS-CoV-2 virus","PRNT 50",215.8,99.5,458.1,50,"10",2,"18-59","adult","21","prime",24,"GMT/CI",6,4,8,"eTable 5",0.778151250383644,2.33405144034689,0.37620912584132,1.19619596626709,0.0767933662408115,0.169167655875091,-1.55590018996325,0.0278035217794254,0.12083403991078,0.185781906796299,0.372286430723923,0.0565459643493224,-1.92003272728399,-1.1917676526425
"156",7,"Xia et al. 2020","ChiCTR2000031809","WIBP COVID-19 vaccine/Inactivated SARS-CoV-2 vaccine (vero cell)","Inactivated vaccine","ug","5","Henan Province, China","Day 0/28/56 (booster)","Live SARS-CoV-2 virus","PRNT 50",215.8,99.5,458.1,50,"2.5",0.5,"18-59","adult","32","prime",24,"GMT/CI",20,11,37,"eTable 5",1.30102999566398,2.33405144034689,0.658374151639028,1.19619596626709,0.134390060946115,0.169167655875091,-1.03302144468291,0.092678405931418,0.12083403991078,0.216051809238835,0.650311721820322,0.0999694813802774,-1.45648299079103,-0.609559898574795
"157",7,"Xia et al. 2020","ChiCTR2000031809","WIBP COVID-19 vaccine/Inactivated SARS-CoV-2 vaccine (vero cell)","Inactivated vaccine","ug","5","Henan Province, China","Day 0/28/56 (booster)","Live SARS-CoV-2 virus","PRNT 50",215.8,99.5,458.1,50,"5",1,"18-59","adult","32","prime",24,"GMT/CI",13,7,23,"eTable 5",1.11394335230684,2.33405144034689,0.645652748023641,1.19619596626709,0.131793315306973,0.169167655875091,-1.22010808804006,0.0602409638554217,0.12083403991078,0.214446202470169,0.63582831523191,0.0938513105317486,-1.64042264488159,-0.799793531198524
"158",7,"Xia et al. 2020","ChiCTR2000031809","WIBP COVID-19 vaccine/Inactivated SARS-CoV-2 vaccine (vero cell)","Inactivated vaccine","ug","5","Henan Province, China","Day 0/28/56 (booster)","Live SARS-CoV-2 virus","PRNT 50",215.8,99.5,458.1,50,"10",2,"18-59","adult","32","prime",24,"GMT/CI",7,5,11,"eTable 5",0.845098040014257,2.33405144034689,0.427939206311384,1.19619596626709,0.0873527246995424,0.169167655875091,-1.48895340033264,0.0324374420759963,0.12083403991078,0.190389585604642,0.422626963208118,0.0637988511373539,-1.86211698811773,-1.11578981254754
"159",7,"Xia et al. 2020","ChiCTR2000031809","WIBP COVID-19 vaccine/Inactivated SARS-CoV-2 vaccine (vero cell)","Inactivated vaccine","ug","5","Henan Province, China","Day 0/28/56 (booster)","Live SARS-CoV-2 virus","PRNT 50",215.8,99.5,458.1,50,"2.5",0.5,"18-59","adult","4","prime",24,"GMT/CI",5,5,5,"eTable 5",0.698970004336019,2.33405144034689,0.44734451237116,1.19619596626709,0.0913138162119583,0.169167655875091,-1.63508143601087,0.0231696014828545,0.12083403991078,0.192239196901841,0.441719310457753,0.0652156332578073,-2.01187026193848,-1.25829261008327
"160",7,"Xia et al. 2020","ChiCTR2000031809","WIBP COVID-19 vaccine/Inactivated SARS-CoV-2 vaccine (vero cell)","Inactivated vaccine","ug","5","Henan Province, China","Day 0/28/56 (booster)","Live SARS-CoV-2 virus","PRNT 50",215.8,99.5,458.1,50,"5",1,"18-59","adult","4","prime",24,"GMT/CI",5,5,5,"eTable 5",0.698970004336019,2.33405144034689,0.44734451237116,1.19619596626709,0.0913138162119583,0.169167655875091,-1.63508143601087,0.0231696014828545,0.12083403991078,0.192239196901841,0.443751558606683,0.0669517762151436,-2.01187026193848,-1.25829261008327
"161",7,"Xia et al. 2020","ChiCTR2000031809","WIBP COVID-19 vaccine/Inactivated SARS-CoV-2 vaccine (vero cell)","Inactivated vaccine","ug","5","Henan Province, China","Day 0/28/56 (booster)","Live SARS-CoV-2 virus","PRNT 50",215.8,99.5,458.1,50,"10",2,"18-59","adult","4","prime",24,"GMT/CI",5,5,5,"eTable 5",0.698970004336019,2.33405144034689,0.44734451237116,1.19619596626709,0.0913138162119583,0.169167655875091,-1.63508143601087,0.0231696014828545,0.12083403991078,0.192239196901841,0.441821560384496,0.064794578198423,-2.01187026193848,-1.25829261008327
"162",7,"Xia et al. 2020","ChiCTR2000031809","WIBP COVID-19 vaccine/Inactivated SARS-CoV-2 vaccine (vero cell)","Inactivated vaccine","ug","5","Henan Province, China","Day 0/28/56 (booster)","Live SARS-CoV-2 virus","PRNT 50",215.8,99.5,458.1,50,"2.5",0.5,"18-59","adult","42","prime",24,"GMT/CI",89,49,164,"eTable 5",1.94939000664491,2.33405144034689,0.655673125682184,1.19619596626709,0.133838716331425,0.169167655875091,-0.384661433701979,0.41241890639481,0.12083403991078,0.215709289979632,0.648962784405619,0.0953006870304469,-0.807451642062057,0.038128774658099
"163",7,"Xia et al. 2020","ChiCTR2000031809","WIBP COVID-19 vaccine/Inactivated SARS-CoV-2 vaccine (vero cell)","Inactivated vaccine","ug","5","Henan Province, China","Day 0/28/56 (booster)","Live SARS-CoV-2 virus","PRNT 50",215.8,99.5,458.1,50,"5",1,"18-59","adult","42","prime",24,"GMT/CI",129,68,243,"eTable 5",2.11058971029925,2.33405144034689,0.691227710339584,1.19619596626709,0.141096265533693,0.169167655875091,-0.223461730047643,0.597775718257646,0.12083403991078,0.22028584144658,0.681293622318104,0.0985607902387247,-0.65522197928294,0.208298519187653
"164",7,"Xia et al. 2020","ChiCTR2000031809","WIBP COVID-19 vaccine/Inactivated SARS-CoV-2 vaccine (vero cell)","Inactivated vaccine","ug","5","Henan Province, China","Day 0/28/56 (booster)","Live SARS-CoV-2 virus","PRNT 50",215.8,99.5,458.1,50,"10",2,"18-59","adult","42","prime",24,"GMT/CI",101,59,172,"eTable 5",2.00432137378264,2.33405144034689,0.580724572395745,1.19619596626709,0.11853990695546,0.169167655875091,-0.329730066564249,0.468025949953661,0.12083403991078,0.206565740952566,0.578931046919793,0.0851958711538891,-0.734598918831278,0.0751387857027797
"165",7,"Xia et al. 2020","ChiCTR2000031809","WIBP COVID-19 vaccine/Inactivated SARS-CoV-2 vaccine (vero cell)","Inactivated vaccine","ug","5","Henan Province, China","Day 0/28/56 (booster)","Live SARS-CoV-2 virus","PRNT 50",215.8,99.5,458.1,50,"2.5",0.5,"18-59","adult","60","booster",24,"GMT/CI",97,56,166,"eTable 5",1.98677173426624,2.33405144034689,0.589777218834713,1.19619596626709,0.120387770671902,0.169167655875091,-0.347279706080647,0.449490268767377,0.12083403991078,0.207631671769082,0.584837785519407,0.0869210433681153,-0.754237782748048,0.0596783705867531
"166",7,"Xia et al. 2020","ChiCTR2000031809","WIBP COVID-19 vaccine/Inactivated SARS-CoV-2 vaccine (vero cell)","Inactivated vaccine","ug","5","Henan Province, China","Day 0/28/56 (booster)","Live SARS-CoV-2 virus","PRNT 50",215.8,99.5,458.1,50,"5",1,"18-59","adult","60","booster",24,"GMT/CI",137,91,206,"eTable 5",2.13672056715641,2.33405144034689,0.443439911366464,1.19619596626709,0.090516792869403,0.169167655875091,-0.197330873190485,0.634847080630213,0.12083403991078,0.191861891957824,0.43894085196008,0.065621162108885,-0.57338018142782,0.17871843504685
"167",7,"Xia et al. 2020","ChiCTR2000031809","WIBP COVID-19 vaccine/Inactivated SARS-CoV-2 vaccine (vero cell)","Inactivated vaccine","ug","5","Henan Province, China","Day 0/28/56 (booster)","Live SARS-CoV-2 virus","PRNT 50",215.8,99.5,458.1,50,"10",2,"18-59","adult","60","booster",24,"GMT/CI",118,70,198,"eTable 5",2.07188200730613,2.33405144034689,0.564341378932922,1.19619596626709,0.115195701593692,0.169167655875091,-0.262169433040766,0.546802594995366,0.12083403991078,0.204664959042666,0.559347131927821,0.0825454875799919,-0.663312752764393,0.13897388668286
"168",7,"Xia et al. 2020","ChiCTR2000031809","WIBP COVID-19 vaccine/Inactivated SARS-CoV-2 vaccine (vero cell)","Inactivated vaccine","ug","5","Henan Province, China","Day 0/28/56 (booster)","Live SARS-CoV-2 virus","PRNT 50",215.8,99.5,458.1,50,"2.5",0.5,"18-59","adult","70","booster",24,"GMT/CI",316,218,457,"eTable 5",2.4996870826184,2.33405144034689,0.40174094576771,1.19619596626709,0.0820050271595015,0.169167655875091,0.165635642271512,1.4643188137164,0.12083403991078,0.187996064516532,0.396881952316246,0.0587182232681913,-0.20283664418089,0.534107928723914
"169",7,"Xia et al. 2020","ChiCTR2000031809","WIBP COVID-19 vaccine/Inactivated SARS-CoV-2 vaccine (vero cell)","Inactivated vaccine","ug","5","Henan Province, China","Day 0/28/56 (booster)","Live SARS-CoV-2 virus","PRNT 50",215.8,99.5,458.1,50,"5",1,"18-59","adult","70","booster",24,"GMT/CI",206,123,343,"eTable 5",2.31386722036915,2.33405144034689,0.556620310266494,1.19619596626709,0.113619645051881,0.169167655875091,-0.0201842199777387,0.954587581093605,0.12083403991078,0.20378203928705,0.550970663241567,0.083161506229489,-0.419597016980356,0.379228577024879
"170",7,"Xia et al. 2020","ChiCTR2000031809","WIBP COVID-19 vaccine/Inactivated SARS-CoV-2 vaccine (vero cell)","Inactivated vaccine","ug","5","Henan Province, China","Day 0/28/56 (booster)","Live SARS-CoV-2 virus","PRNT 50",215.8,99.5,458.1,50,"10",2,"18-59","adult","70","booster",24,"GMT/CI",297,208,424,"eTable 5",2.47275644931721,2.33405144034689,0.386547629668156,1.19619596626709,0.0789037044974416,0.169167655875091,0.13870500897032,1.37627432808156,0.12083403991078,0.186664111113232,0.383463349280299,0.0570452601151978,-0.227156648811614,0.504566666752254
"171",9,"Zhang et al. 2020 (Phase 1)","NCT04352608","CoronaVac","Inactivated vaccine","ug","3","Jiangsu province, China","Day 0/14","Live SARS-CoV-2 virus","MNT 50",163.7,128.5,208.6,117,"3",1,"18-59","adult","0","prime",24,"GMT/CI",2,2,2,"Appendix 6 Table 6-1",0.301029995663981,2.21404867941194,0.44734451237116,0.580598177697354,0.0913138162119583,0.0536763205161222,-1.91301868374796,0.0122174709835064,0.0381181378191475,0.1059214823128,0.442932944278066,0.065896074510598,-2.12062478908105,-1.70541257841487
"172",9,"Zhang et al. 2020 (Phase 1)","NCT04352608","CoronaVac","Inactivated vaccine","ug","3","Jiangsu province, China","Day 0/14","Live SARS-CoV-2 virus","MNT 50",163.7,128.5,208.6,117,"6",2,"18-59","adult","0","prime",24,"GMT/CI",2.1,1.9,2.2,"Appendix 6 Table 6-1",0.322219294733919,2.21404867941194,0.0795697745267769,0.580598177697354,0.0162421122115759,0.0536763205161222,-1.89182938467802,0.0128283445326817,0.0381181378191475,0.0560798858169567,0.0789341306720854,0.0115549448802942,-2.00174596087926,-1.78191280847679
"173",9,"Zhang et al. 2020 (Phase 1)","NCT04352608","CoronaVac","Inactivated vaccine","ug","3","Jiangsu province, China","Day 0/28","Live SARS-CoV-2 virus","MNT 50",163.7,128.5,208.6,117,"3",1,"18-59","adult","0","prime",24,"GMT/CI",2,2,2,"Appendix 6 Table 6-1",0.301029995663981,2.21404867941194,0.44734451237116,0.580598177697354,0.0913138162119583,0.0536763205161222,-1.91301868374796,0.0122174709835064,0.0381181378191475,0.1059214823128,0.443516815047641,0.0648201046799275,-2.12062478908105,-1.70541257841487
"174",9,"Zhang et al. 2020 (Phase 1)","NCT04352608","CoronaVac","Inactivated vaccine","ug","3","Jiangsu province, China","Day 0/28","Live SARS-CoV-2 virus","MNT 50",163.7,128.5,208.6,117,"6",2,"18-59","adult","0","prime",24,"GMT/CI",2,2,2,"Appendix 6 Table 6-1",0.301029995663981,2.21404867941194,0.44734451237116,0.580598177697354,0.0913138162119583,0.0536763205161222,-1.91301868374796,0.0122174709835064,0.0381181378191475,0.1059214823128,0.444457775917047,0.0664564223029784,-2.12062478908105,-1.70541257841487
"175",9,"Zhang et al. 2020 (Phase 1)","NCT04352608","CoronaVac","Inactivated vaccine","ug","3","Jiangsu province, China","Day 0/14","Live SARS-CoV-2 virus","MNT 50",163.7,128.5,208.6,117,"3",1,"18-59","adult","0","prime",120,"GMT/CI",2,2,2,"Appendix 6 Table 6-1",0.301029995663981,2.21404867941194,0.44734451237116,0.580598177697354,0.0408367800669722,0.0536763205161222,-1.91301868374796,0.0122174709835064,0.0381181378191475,0.0674447180317906,0.446901053584372,0.0288198991693532,-2.04521033109027,-1.78082703640565
"176",9,"Zhang et al. 2020 (Phase 1)","NCT04352608","CoronaVac","Inactivated vaccine","ug","3","Jiangsu province, China","Day 0/14","Live SARS-CoV-2 virus","MNT 50",163.7,128.5,208.6,117,"6",2,"18-59","adult","0","prime",120,"GMT/CI",2,2,2,"Appendix 6 Table 6-1",0.301029995663981,2.21404867941194,0.44734451237116,0.580598177697354,0.0408367800669722,0.0536763205161222,-1.91301868374796,0.0122174709835064,0.0381181378191475,0.0674447180317906,0.445820554205485,0.0290214821302381,-2.04521033109027,-1.78082703640565
"177",9,"Zhang et al. 2020 (Phase 1)","NCT04352608","CoronaVac","Inactivated vaccine","ug","3","Jiangsu province, China","Day 0/28","Live SARS-CoV-2 virus","MNT 50",163.7,128.5,208.6,117,"3",1,"18-59","adult","0","prime",117,"GMT/CI",2,2,2,"Appendix 6 Table 6-1",0.301029995663981,2.21404867941194,0.44734451237116,0.580598177697354,0.0413570147987603,0.0536763205161222,-1.91301868374796,0.0122174709835064,0.0381181378191475,0.0677609773927026,0.446044349133693,0.0297417944303478,-2.04583019943766,-1.78020716805826
"178",9,"Zhang et al. 2020 (Phase 1)","NCT04352608","CoronaVac","Inactivated vaccine","ug","3","Jiangsu province, China","Day 0/28","Live SARS-CoV-2 virus","MNT 50",163.7,128.5,208.6,117,"6",2,"18-59","adult","0","prime",118,"GMT/CI",2,2,2,"Appendix 6 Table 6-1",0.301029995663981,2.21404867941194,0.44734451237116,0.580598177697354,0.0411814003544993,0.0536763205161222,-1.91301868374796,0.0122174709835064,0.0381181378191475,0.0676539364657152,0.446938452788247,0.0294803661299315,-2.04562039922076,-1.78041696827516
"179",9,"Zhang et al. 2020 (Phase 1)","NCT04352608","CoronaVac","Inactivated vaccine","ug","3","Jiangsu province, China","Day 0/14","Live SARS-CoV-2 virus","MNT 50",163.7,128.5,208.6,117,"3",1,"18-59","adult","28","prime",24,"GMT/CI",5.6,3.6,8.7,"Appendix 6 Table 6-1",0.7481880270062,2.21404867941194,0.47892117496047,0.580598177697354,0.0977593754722784,0.0536763205161222,-1.46586065240574,0.034208918753818,0.0381181378191475,0.111525974001034,0.474858201168373,0.0714993155085448,-1.68445156144777,-1.24726974336371
"180",9,"Zhang et al. 2020 (Phase 1)","NCT04352608","CoronaVac","Inactivated vaccine","ug","3","Jiangsu province, China","Day 0/14","Live SARS-CoV-2 virus","MNT 50",163.7,128.5,208.6,117,"6",2,"18-59","adult","28","prime",24,"GMT/CI",7.7,5.2,11.5,"Appendix 6 Table 6-1",0.886490725172482,2.21404867941194,0.430778384748235,0.580598177697354,0.0879322695711256,0.0536763205161222,-1.32755795423946,0.0470372632864997,0.0381181378191475,0.103020538806971,0.425737039113939,0.0639668811872345,-1.52947821030112,-1.1256376981778
"181",9,"Zhang et al. 2020 (Phase 1)","NCT04352608","CoronaVac","Inactivated vaccine","ug","3","Jiangsu province, China","Day 0/14","Live SARS-CoV-2 virus","MNT 50",163.7,128.5,208.6,117,"3",1,"18-59","adult","28","prime",120,"GMT/CI",27.6,22.7,33.5,"Appendix 6 Table 6-1",1.44090908206522,2.21404867941194,0.472323936098169,0.580598177697354,0.0431170790417659,0.0536763205161222,-0.773139597346724,0.168601099572389,0.0381181378191475,0.0688493274422007,0.470863636683289,0.0298266203080194,-0.908084279133437,-0.63819491556001
"182",9,"Zhang et al. 2020 (Phase 1)","NCT04352608","CoronaVac","Inactivated vaccine","ug","3","Jiangsu province, China","Day 0/14","Live SARS-CoV-2 virus","MNT 50",163.7,128.5,208.6,117,"6",2,"18-59","adult","28","prime",120,"GMT/CI",34.5,28.5,41.8,"Appendix 6 Table 6-1",1.53781909507327,2.21404867941194,0.464813631241998,0.580598177697354,0.0424314851445217,0.0536763205161222,-0.676229584338667,0.210751374465486,0.0381181378191475,0.068422060154012,0.463018429206653,0.0299527178714013,-0.810336822240531,-0.542122346436804
"183",9,"Zhang et al. 2020 (Phase 1)","NCT04352608","CoronaVac","Inactivated vaccine","ug","3","Jiangsu province, China","Day 0/14","Live SARS-CoV-2 virus","MNT 50",163.7,128.5,208.6,117,"3",1,"18-59","adult","42","prime",24,"GMT/CI",5.4,3.6,8.1,"Appendix 6 Table 6-1",0.732393759822969,2.21404867941194,0.440136462092517,0.580598177697354,0.0898424791100414,0.0536763205161222,-1.48165491958897,0.0329871716554673,0.0381181378191475,0.104655713827711,0.436924416328545,0.0667406268757168,-1.68678011869129,-1.27652972048666
"184",9,"Zhang et al. 2020 (Phase 1)","NCT04352608","CoronaVac","Inactivated vaccine","ug","3","Jiangsu province, China","Day 0/14","Live SARS-CoV-2 virus","MNT 50",163.7,128.5,208.6,117,"6",2,"18-59","adult","42","prime",24,"GMT/CI",15.2,11.2,20.7,"Appendix 6 Table 6-1",1.18184358794477,2.21404867941194,0.333370958433519,0.580598177697354,0.0680490619353919,0.0536763205161222,-1.03220509146717,0.0928527794746488,0.0381181378191475,0.086670769088755,0.330667798416366,0.0473157611319043,-1.20207979888113,-0.862330384053209
"185",9,"Zhang et al. 2020 (Phase 1)","NCT04352608","CoronaVac","Inactivated vaccine","ug","3","Jiangsu province, China","Day 0/28","Live SARS-CoV-2 virus","MNT 50",163.7,128.5,208.6,117,"3",1,"18-59","adult","42","prime",24,"GMT/CI",16,10.4,24.7,"Appendix 6 Table 6-1",1.20411998265592,2.21404867941194,0.469481718945943,0.580598177697354,0.0958325545818586,0.0536763205161222,-1.00992869675602,0.0977397678680513,0.0381181378191475,0.109840911785338,0.46419935647051,0.0690564709363056,-1.22521688385528,-0.794640509656754
"186",9,"Zhang et al. 2020 (Phase 1)","NCT04352608","CoronaVac","Inactivated vaccine","ug","3","Jiangsu province, China","Day 0/28","Live SARS-CoV-2 virus","MNT 50",163.7,128.5,208.6,117,"6",2,"18-59","adult","42","prime",24,"GMT/CI",25.9,14.6,46.1,"Appendix 6 Table 6-1",1.41329976408125,2.21404867941194,0.624055089069666,0.580598177697354,0.127384711633982,0.0536763205161222,-0.80074891533069,0.158216249236408,0.0381181378191475,0.138231733484835,0.616836674252075,0.0899698211422402,-1.07168311296097,-0.529814717700414
"187",9,"Zhang et al. 2020 (Phase 1)","NCT04352608","CoronaVac","Inactivated vaccine","ug","3","Jiangsu province, China","Day 0/14","Live SARS-CoV-2 virus","MNT 50",163.7,128.5,208.6,117,"3",1,"18-59","adult","42","prime",120,"GMT/CI",23.8,20.5,27.7,"Appendix 6 Table 6-1",1.37657695705651,2.21404867941194,0.365313921768914,0.580598177697354,0.0333484459205853,0.0536763205161222,-0.837471722355429,0.145387904703726,0.0381181378191475,0.0631922956496097,0.364921095734325,0.0235124641009863,-0.961328621828664,-0.713614822882194
"188",9,"Zhang et al. 2020 (Phase 1)","NCT04352608","CoronaVac","Inactivated vaccine","ug","3","Jiangsu province, China","Day 0/14","Live SARS-CoV-2 virus","MNT 50",163.7,128.5,208.6,117,"6",2,"18-59","adult","42","prime",119,"GMT/CI",30.1,26.1,34.7,"Appendix 6 Table 6-1",1.47856649559384,2.21404867941194,0.344205953494102,0.580598177697354,0.0315533080236206,0.0536763205161222,-0.735482183818098,0.183872938301772,0.0381181378191475,0.0622636220547998,0.343795226107207,0.0219493077476282,-0.857518883045506,-0.61344548459069
"189",9,"Zhang et al. 2020 (Phase 1)","NCT04352608","CoronaVac","Inactivated vaccine","ug","3","Jiangsu province, China","Day 0/28","Live SARS-CoV-2 virus","MNT 50",163.7,128.5,208.6,117,"3",1,"18-59","adult","56","prime",24,"GMT/CI",19,13.2,27.4,"Appendix 6 Table 6-1",1.27875360095283,2.21404867941194,0.396388217239964,0.580598177697354,0.0809124060241169,0.0536763205161222,-0.935295078459113,0.116065974343311,0.0381181378191475,0.0970977076596612,0.390897674842231,0.0577242827169731,-1.12560658547205,-0.744983571446177
"190",9,"Zhang et al. 2020 (Phase 1)","NCT04352608","CoronaVac","Inactivated vaccine","ug","3","Jiangsu province, China","Day 0/28","Live SARS-CoV-2 virus","MNT 50",163.7,128.5,208.6,117,"6",2,"18-59","adult","56","prime",24,"GMT/CI",29.6,17.9,48.9,"Appendix 6 Table 6-1",1.47129171105894,2.21404867941194,0.545456160314284,0.580598177697354,0.111340772485645,0.0536763205161222,-0.742756968353003,0.180818570555895,0.0381181378191475,0.123603863215717,0.537438985318605,0.0793639977876252,-0.985020540255807,-0.500493396450198
"191",9,"Zhang et al. 2020 (Phase 1)","NCT04352608","CoronaVac","Inactivated vaccine","ug","3","Jiangsu province, China","Day 0/28","Live SARS-CoV-2 virus","MNT 50",163.7,128.5,208.6,117,"3",1,"18-59","adult","56","prime",117,"GMT/CI",44.1,37.2,52.2,"Appendix 6 Table 6-1",1.64443858946784,2.21404867941194,0.40597650984531,0.580598177697354,0.0375325416123379,0.0536763205161222,-0.569610089944103,0.269395235186317,0.0381181378191475,0.0654968630090889,0.405759305169858,0.0268686188305955,-0.697983941441917,-0.441236238446289
"192",9,"Zhang et al. 2020 (Phase 1)","NCT04352608","CoronaVac","Inactivated vaccine","ug","3","Jiangsu province, China","Day 0/28","Live SARS-CoV-2 virus","MNT 50",163.7,128.5,208.6,117,"6",2,"18-59","adult","56","prime",118,"GMT/CI",65.4,56.4,75.9,"Appendix 6 Table 6-1",1.81557774832427,2.21404867941194,0.35737071340312,0.580598177697354,0.0328986407939128,0.0536763205161222,-0.398470931087674,0.39951130116066,0.0381181378191475,0.0629560795335636,0.356375163156356,0.023180693664945,-0.521864846973459,-0.27507701520189
"193",10,"Walsh et al. 2020","NCT04368728","BNT162b1","mRNA","ug","30","US","Day 0/21","Live SARS-CoV-2 virus","MNT 50",94,62,147,38,"10",0.33,"18-55","adult","0","prime",12,"GMT/CI",10,10,10,"Figure 4B",1,1.9731278535997,0.44734451237116,0.589591045319081,0.129137237318996,0.0956442972576332,-0.973127853599699,0.106382978723404,0.0685385668428433,0.16069927709946,0.437237296767476,0.0918840214099848,-1.28809843671464,-0.658157270484756
"194",10,"Walsh et al. 2020","NCT04368728","BNT162b1","mRNA","ug","30","US","Day 0/21","Live SARS-CoV-2 virus","MNT 50",94,62,147,38,"10",0.33,"65-85","elderly","0","prime",12,"GMT/CI",10,10,10,"Figure 4B",1,1.9731278535997,0.44734451237116,0.589591045319081,0.129137237318996,0.0956442972576332,-0.973127853599699,0.106382978723404,0.0685385668428433,0.16069927709946,0.440920271629121,0.0951594424224412,-1.28809843671464,-0.658157270484756
"195",10,"Walsh et al. 2020","NCT04368728","BNT162b1","mRNA","ug","30","US","Day 0/21","Live SARS-CoV-2 virus","MNT 50",94,62,147,38,"20",0.67,"18-55","adult","0","prime",12,"GMT/CI",10,10,10,"Figure 4B",1,1.9731278535997,0.44734451237116,0.589591045319081,0.129137237318996,0.0956442972576332,-0.973127853599699,0.106382978723404,0.0685385668428433,0.16069927709946,0.436141485777738,0.0946895533815531,-1.28809843671464,-0.658157270484756
"196",10,"Walsh et al. 2020","NCT04368728","BNT162b1","mRNA","ug","30","US","Day 0/21","Live SARS-CoV-2 virus","MNT 50",94,62,147,38,"20",0.67,"65-85","elderly","0","prime",12,"GMT/CI",10,10,10,"Figure 4B",1,1.9731278535997,0.44734451237116,0.589591045319081,0.129137237318996,0.0956442972576332,-0.973127853599699,0.106382978723404,0.0685385668428433,0.16069927709946,0.438614180563637,0.0950082648206083,-1.28809843671464,-0.658157270484756
"197",10,"Walsh et al. 2020","NCT04368728","BNT162b1","mRNA","ug","30","US","Day 0/21","Live SARS-CoV-2 virus","MNT 50",94,62,147,38,"30",1,"18-55","adult","0","prime",12,"GMT/CI",10,10,10,"Figure 4B",1,1.9731278535997,0.44734451237116,0.589591045319081,0.129137237318996,0.0956442972576332,-0.973127853599699,0.106382978723404,0.0685385668428433,0.16069927709946,0.435088106040701,0.0933389123480642,-1.28809843671464,-0.658157270484756
"198",10,"Walsh et al. 2020","NCT04368728","BNT162b1","mRNA","ug","30","US","Day 0/21","Live SARS-CoV-2 virus","MNT 50",94,62,147,38,"30",1,"65-85","elderly","0","prime",12,"GMT/CI",10,10,10,"Figure 4B",1,1.9731278535997,0.44734451237116,0.589591045319081,0.129137237318996,0.0956442972576332,-0.973127853599699,0.106382978723404,0.0685385668428433,0.16069927709946,0.433365863670171,0.0945147072895756,-1.28809843671464,-0.658157270484756
"199",10,"Walsh et al. 2020","NCT04368728","BNT162b2","mRNA","ug","30","US","Day 0/21","Live SARS-CoV-2 virus","MNT 50",94,62,147,38,"10",0.33,"18-55","adult","0","prime",12,"GMT/CI",10,10,10,"Figure 4B",1,1.9731278535997,0.44734451237116,0.589591045319081,0.129137237318996,0.0956442972576332,-0.973127853599699,0.106382978723404,0.0685385668428433,0.16069927709946,0.440631008013262,0.0924998986722917,-1.28809843671464,-0.658157270484756
"200",10,"Walsh et al. 2020","NCT04368728","BNT162b2","mRNA","ug","30","US","Day 0/21","Live SARS-CoV-2 virus","MNT 50",94,62,147,38,"10",0.33,"65-85","elderly","0","prime",12,"GMT/CI",10,10,10,"Figure 4B",1,1.9731278535997,0.44734451237116,0.589591045319081,0.129137237318996,0.0956442972576332,-0.973127853599699,0.106382978723404,0.0685385668428433,0.16069927709946,0.43579906257321,0.0919114757183126,-1.28809843671464,-0.658157270484756
"201",10,"Walsh et al. 2020","NCT04368728","BNT162b2","mRNA","ug","30","US","Day 0/21","Live SARS-CoV-2 virus","MNT 50",94,62,147,38,"20",0.67,"18-55","adult","0","prime",12,"GMT/CI",10,10,10,"Figure 4B",1,1.9731278535997,0.44734451237116,0.589591045319081,0.129137237318996,0.0956442972576332,-0.973127853599699,0.106382978723404,0.0685385668428433,0.16069927709946,0.434141810199042,0.0926869456565418,-1.28809843671464,-0.658157270484756
"202",10,"Walsh et al. 2020","NCT04368728","BNT162b2","mRNA","ug","30","US","Day 0/21","Live SARS-CoV-2 virus","MNT 50",94,62,147,38,"20",0.67,"65-85","elderly","0","prime",12,"GMT/CI",10,10,10,"Figure 4B",1,1.9731278535997,0.44734451237116,0.589591045319081,0.129137237318996,0.0956442972576332,-0.973127853599699,0.106382978723404,0.0685385668428433,0.16069927709946,0.439914183598668,0.0945266111041858,-1.28809843671464,-0.658157270484756
"203",10,"Walsh et al. 2020","NCT04368728","BNT162b2","mRNA","ug","30","US","Day 0/21","Live SARS-CoV-2 virus","MNT 50",94,62,147,38,"30",1,"18-55","adult","0","prime",12,"GMT/CI",10,10,10,"Figure 4B",1,1.9731278535997,0.44734451237116,0.589591045319081,0.129137237318996,0.0956442972576332,-0.973127853599699,0.106382978723404,0.0685385668428433,0.16069927709946,0.442768771435983,0.0925323200159459,-1.28809843671464,-0.658157270484756
"204",10,"Walsh et al. 2020","NCT04368728","BNT162b2","mRNA","ug","30","US","Day 0/21","Live SARS-CoV-2 virus","MNT 50",94,62,147,38,"30",1,"65-85","elderly","0","prime",12,"GMT/CI",10,10,10,"Figure 4B",1,1.9731278535997,0.44734451237116,0.589591045319081,0.129137237318996,0.0956442972576332,-0.973127853599699,0.106382978723404,0.0685385668428433,0.16069927709946,0.434253098506733,0.0931709768019373,-1.28809843671464,-0.658157270484756
"205",10,"Walsh et al. 2020","NCT04368728","BNT162b1","mRNA","ug","30","US","Day 0/21","Live SARS-CoV-2 virus","MNT 50",94,62,147,38,"10",0.33,"18-55","adult","21","prime",12,"GMT/CI",13,10,17,"Figure 4B",1.11394335230684,1.9731278535997,0.203647571620722,0.589591045319081,0.0587879901475188,0.0956442972576332,-0.859184501292862,0.138297872340426,0.0685385668428433,0.112266911347428,0.196549849336917,0.0420269272672189,-1.07922764753382,-0.639141355051903
"206",10,"Walsh et al. 2020","NCT04368728","BNT162b1","mRNA","ug","30","US","Day 0/21","Live SARS-CoV-2 virus","MNT 50",94,62,147,38,"10",0.33,"65-85","elderly","21","prime",12,"GMT/CI",11,10,14,"Figure 4B",1.04139268515823,1.9731278535997,0.129133256227013,0.589591045319081,0.0372775601219995,0.0956442972576332,-0.931735168441473,0.117021276595745,0.0685385668428433,0.102652072977392,0.12567080184044,0.027107531212872,-1.13293323147716,-0.730537105405785
"207",10,"Walsh et al. 2020","NCT04368728","BNT162b1","mRNA","ug","30","US","Day 0/21","Live SARS-CoV-2 virus","MNT 50",94,62,147,38,"20",0.67,"18-55","adult","21","prime",12,"GMT/CI",13,10,17,"Figure 4B",1.11394335230684,1.9731278535997,0.203647571620722,0.589591045319081,0.0587879901475188,0.0956442972576332,-0.859184501292862,0.138297872340426,0.0685385668428433,0.112266911347428,0.197622067548511,0.043483311977916,-1.07922764753382,-0.639141355051903
"208",10,"Walsh et al. 2020","NCT04368728","BNT162b1","mRNA","ug","30","US","Day 0/21","Live SARS-CoV-2 virus","MNT 50",94,62,147,38,"20",0.67,"65-85","elderly","21","prime",12,"GMT/CI",10,10,10,"Figure 4B",1,1.9731278535997,0.44734451237116,0.589591045319081,0.129137237318996,0.0956442972576332,-0.973127853599699,0.106382978723404,0.0685385668428433,0.16069927709946,0.438204095632584,0.0958426468732824,-1.28809843671464,-0.658157270484756
"209",10,"Walsh et al. 2020","NCT04368728","BNT162b1","mRNA","ug","30","US","Day 0/21","Live SARS-CoV-2 virus","MNT 50",94,62,147,38,"30",1,"18-55","adult","21","prime",12,"GMT/CI",29,17,47,"Figure 4B",1.46239799789896,1.9731278535997,0.390284896544008,0.589591045319081,0.112665545040164,0.0956442972576332,-0.510729855700742,0.308510638297872,0.0685385668428433,0.14778821548792,0.379685989154848,0.080207239764215,-0.800394758057065,-0.22106495334442
"210",10,"Walsh et al. 2020","NCT04368728","BNT162b1","mRNA","ug","30","US","Day 0/21","Live SARS-CoV-2 virus","MNT 50",94,62,147,38,"30",1,"65-85","elderly","21","prime",12,"GMT/CI",12,10,17,"Figure 4B",1.07918124604762,1.9731278535997,0.203647571620722,0.589591045319081,0.0587879901475188,0.0956442972576332,-0.893946607552074,0.127659574468085,0.0685385668428433,0.112266911347428,0.198071663578587,0.0421405747531696,-1.11398975379303,-0.673903461311115
"211",10,"Walsh et al. 2020","NCT04368728","BNT162b2","mRNA","ug","30","US","Day 0/21","Live SARS-CoV-2 virus","MNT 50",94,62,147,38,"10",0.33,"18-55","adult","21","prime",12,"GMT/CI",16,10,25,"Figure 4B",1.20411998265592,1.9731278535997,0.351659343563454,0.589591045319081,0.101515308334703,0.0956442972576332,-0.769007870943774,0.170212765957447,0.0685385668428433,0.139474690980824,0.344513842800489,0.0740987522999172,-1.04237826526619,-0.495637476621358
"212",10,"Walsh et al. 2020","NCT04368728","BNT162b2","mRNA","ug","30","US","Day 0/21","Live SARS-CoV-2 virus","MNT 50",94,62,147,38,"10",0.33,"65-85","elderly","21","prime",12,"GMT/CI",10,10,10,"Figure 4B",1,1.9731278535997,0.44734451237116,0.589591045319081,0.129137237318996,0.0956442972576332,-0.973127853599699,0.106382978723404,0.0685385668428433,0.16069927709946,0.438866200424553,0.0944354619564903,-1.28809843671464,-0.658157270484756
"213",10,"Walsh et al. 2020","NCT04368728","BNT162b2","mRNA","ug","30","US","Day 0/21","Live SARS-CoV-2 virus","MNT 50",94,62,147,38,"20",0.67,"18-55","adult","21","prime",12,"GMT/CI",19,11,32,"Figure 4B",1.27875360095283,1.9731278535997,0.409822037824819,0.589591045319081,0.118305431929,0.0956442972576332,-0.69437425264687,0.202127659574468,0.0685385668428433,0.152131544466668,0.398722407087647,0.0887046000477361,-0.992552079801539,-0.3961964254922
"214",10,"Walsh et al. 2020","NCT04368728","BNT162b2","mRNA","ug","30","US","Day 0/21","Live SARS-CoV-2 virus","MNT 50",94,62,147,38,"20",0.67,"65-85","elderly","21","prime",12,"GMT/CI",10,10,10,"Figure 4B",1,1.9731278535997,0.44734451237116,0.589591045319081,0.129137237318996,0.0956442972576332,-0.973127853599699,0.106382978723404,0.0685385668428433,0.16069927709946,0.431698035412729,0.0925111762400512,-1.28809843671464,-0.658157270484756
"215",10,"Walsh et al. 2020","NCT04368728","BNT162b2","mRNA","ug","30","US","Day 0/21","Live SARS-CoV-2 virus","MNT 50",94,62,147,38,"30",1,"18-55","adult","21","prime",12,"GMT/CI",14,10,20,"Figure 4B",1.14612803567824,1.9731278535997,0.26602002402666,0.589591045319081,0.0767933662408116,0.0956442972576332,-0.826999817921461,0.148936170212766,0.0685385668428433,0.122658276102764,0.259166057829152,0.0571505231634445,-1.06741003908288,-0.586589596760043
"216",10,"Walsh et al. 2020","NCT04368728","BNT162b2","mRNA","ug","30","US","Day 0/21","Live SARS-CoV-2 virus","MNT 50",94,62,147,38,"30",1,"65-85","elderly","21","prime",12,"GMT/CI",12,10,15,"Figure 4B",1.07918124604762,1.9731278535997,0.155611738496537,0.589591045319081,0.0449212395550208,0.0956442972576332,-0.893946607552074,0.127659574468085,0.0685385668428433,0.105668109479947,0.153075899497245,0.0331289698770436,-1.10105610213277,-0.686837112971378
"217",10,"Walsh et al. 2020","NCT04368728","BNT162b1","mRNA","ug","30","US","Day 0/21","Live SARS-CoV-2 virus","MNT 50",94,62,147,38,"10",0.33,"18-55","adult","28","prime",12,"GMT/CI",168,111,252,"Figure 4B",2.22530928172586,1.9731278535997,0.314665524903265,0.589591045319081,0.0908361127537976,0.0956442972576332,0.252181428126164,1.78723404255319,0.0685385668428433,0.131905386463659,0.30694605154383,0.0661692051204242,-0.00635312934260662,0.510715985594935
"218",10,"Walsh et al. 2020","NCT04368728","BNT162b1","mRNA","ug","30","US","Day 0/21","Live SARS-CoV-2 virus","MNT 50",94,62,147,38,"10",0.33,"65-85","elderly","28","prime",12,"GMT/CI",20,12,32,"Figure 4B",1.30102999566398,1.9731278535997,0.376428309556783,0.589591045319081,0.108665492926602,0.0956442972576332,-0.672097857935717,0.212765957446809,0.0685385668428433,0.144761945796843,0.369480837132904,0.0793276788318814,-0.955831271697529,-0.388364444173906
"219",10,"Walsh et al. 2020","NCT04368728","BNT162b1","mRNA","ug","30","US","Day 0/21","Live SARS-CoV-2 virus","MNT 50",94,62,147,38,"20",0.67,"18-55","adult","28","prime",12,"GMT/CI",160,87,321,"Figure 4B",2.20411998265592,1.9731278535997,0.501044988652474,0.589591045319081,0.14463922953731,0.0956442972576332,0.230992129056226,1.70212765957447,0.0685385668428433,0.173402244273403,0.490983538584871,0.108195643211606,-0.108876269719644,0.570860527832096
"220",10,"Walsh et al. 2020","NCT04368728","BNT162b1","mRNA","ug","30","US","Day 0/21","Live SARS-CoV-2 virus","MNT 50",94,62,147,38,"20",0.67,"65-85","elderly","28","prime",12,"GMT/CI",179,95,328,"Figure 4B",2.25285303097989,1.9731278535997,0.475563038292678,0.589591045319081,0.137283224087457,0.0956442972576332,0.279725177380195,1.90425531914894,0.0685385668428433,0.167315615570554,0.465093961324676,0.0990392488499464,-0.0482134291380912,0.607663783898481
"221",10,"Walsh et al. 2020","NCT04368728","BNT162b1","mRNA","ug","30","US","Day 0/21","Live SARS-CoV-2 virus","MNT 50",94,62,147,38,"30",1,"18-55","adult","28","prime",12,"GMT/CI",267,173,409,"Figure 4B",2.42651126136458,1.9731278535997,0.330218318612228,0.589591045319081,0.0953258175710577,0.0956442972576332,0.453383407764877,2.8404255319149,0.0685385668428433,0.135036450980826,0.322801734640956,0.0719127173378428,0.188711963842457,0.718054851687296
"222",10,"Walsh et al. 2020","NCT04368728","BNT162b1","mRNA","ug","30","US","Day 0/21","Live SARS-CoV-2 virus","MNT 50",94,62,147,38,"30",1,"65-85","elderly","28","prime",12,"GMT/CI",101,46,221,"Figure 4B",2.00432137378264,1.9731278535997,0.602359941703565,0.589591045319081,0.1738863372458,0.0956442972576332,0.0311935201829441,1.07446808510638,0.0685385668428433,0.198454755243271,0.589196152582667,0.127333217344038,-0.357777800093867,0.420164840459755
"223",10,"Walsh et al. 2020","NCT04368728","BNT162b2","mRNA","ug","30","US","Day 0/21","Live SARS-CoV-2 virus","MNT 50",94,62,147,38,"10",0.33,"18-55","adult","28","prime",12,"GMT/CI",157,97,252,"Figure 4B",2.19589965240923,1.9731278535997,0.366407224064359,0.589591045319081,0.105772654723291,0.0956442972576332,0.222771798809535,1.67021276595745,0.0685385668428433,0.142603247105804,0.35558114754998,0.077168614622908,-0.0567305655178407,0.502274163136911
"224",10,"Walsh et al. 2020","NCT04368728","BNT162b2","mRNA","ug","30","US","Day 0/21","Live SARS-CoV-2 virus","MNT 50",94,62,147,38,"10",0.33,"65-85","elderly","28","prime",12,"GMT/CI",79,50,124,"Figure 4B",1.89762709129044,1.9731278535997,0.348576710368341,0.589591045319081,0.100625428782198,0.0956442972576332,-0.0755007623092572,0.840425531914894,0.0685385668428433,0.138828341902897,0.341517592036241,0.0739750234370434,-0.347604312438936,0.196602787820421
"225",10,"Walsh et al. 2020","NCT04368728","BNT162b2","mRNA","ug","30","US","Day 0/21","Live SARS-CoV-2 virus","MNT 50",94,62,147,38,"20",0.67,"18-55","adult","28","prime",12,"GMT/CI",363,257,513,"Figure 4B",2.55990662503611,1.9731278535997,0.26527263183439,0.589591045319081,0.0765776126991127,0.0956442972576332,0.586778771436414,3.86170212765957,0.0685385668428433,0.122523313555428,0.25743285574078,0.0553741382207647,0.346633076867774,0.826924466005053
"226",10,"Walsh et al. 2020","NCT04368728","BNT162b2","mRNA","ug","30","US","Day 0/21","Live SARS-CoV-2 virus","MNT 50",94,62,147,38,"20",0.67,"65-85","elderly","28","prime",12,"GMT/CI",84,46,159,"Figure 4B",1.92427928606188,1.9731278535997,0.475995215205865,0.589591045319081,0.13740798281604,0.0956442972576332,-0.048848567537817,0.893617021276596,0.0685385668428433,0.167417995865079,0.462615014923299,0.0992102462611013,-0.376987839433372,0.279290704357738
"227",10,"Walsh et al. 2020","NCT04368728","BNT162b2","mRNA","ug","30","US","Day 0/21","Live SARS-CoV-2 virus","MNT 50",94,62,147,38,"30",1,"18-55","adult","28","prime",12,"GMT/CI",361,238,549,"Figure 4B",2.55750720190566,1.9731278535997,0.320778802999402,0.589591045319081,0.0926008641310153,0.0956442972576332,0.584379348305959,3.84042553191489,0.0685385668428433,0.133126825379851,0.313532939311801,0.0670546451450773,0.323450770561452,0.845307926050467
"228",10,"Walsh et al. 2020","NCT04368728","BNT162b2","mRNA","ug","30","US","Day 0/21","Live SARS-CoV-2 virus","MNT 50",94,62,147,38,"30",1,"65-85","elderly","28","prime",12,"GMT/CI",149,86,270,"Figure 4B",2.17318626841227,1.9731278535997,0.439079574738834,0.589591045319081,0.126751355335566,0.0956442972576332,0.200058414812575,1.58510638297872,0.0685385668428433,0.158788342384791,0.424402847846942,0.0926419541467719,-0.111166736261614,0.511283565886765
"229",10,"Walsh et al. 2020","NCT04368728","BNT162b1","mRNA","ug","30","US","Day 0/21","Live SARS-CoV-2 virus","MNT 50",94,62,147,38,"10",0.33,"18-55","adult","35","prime",12,"GMT/CI",180,106,305,"Figure 4B",2.25527250510331,1.9731278535997,0.405612695652042,0.589591045319081,0.117090299510718,0.0956442972576332,0.282144651503607,1.91489361702128,0.0685385668428433,0.151188524159131,0.398554920810473,0.084478950421882,-0.0141848558482898,0.578474158855505
"230",10,"Walsh et al. 2020","NCT04368728","BNT162b1","mRNA","ug","30","US","Day 0/21","Live SARS-CoV-2 virus","MNT 50",94,62,147,38,"10",0.33,"65-85","elderly","35","prime",12,"GMT/CI",33,16,67,"Figure 4B",1.51851393987789,1.9731278535997,0.5496210960868,0.589591045319081,0.158661943889006,0.0956442972576332,-0.454613913721811,0.351063829787234,0.0685385668428433,0.185260476185679,0.535332509935265,0.113934832951641,-0.817724447045741,-0.0915033803978808
"231",10,"Walsh et al. 2020","NCT04368728","BNT162b1","mRNA","ug","30","US","Day 0/21","Live SARS-CoV-2 virus","MNT 50",94,62,147,38,"20",0.67,"18-55","adult","35","prime",12,"GMT/CI",203,123,334,"Figure 4B",2.30749603791321,1.9731278535997,0.38338534180058,0.589591045319081,0.110673815145961,0.0956442972576332,0.334368184313514,2.15957446808511,0.0685385668428433,0.146275510448157,0.373179810456228,0.0805828416942673,0.0476681838351272,0.621068184791902
"232",10,"Walsh et al. 2020","NCT04368728","BNT162b1","mRNA","ug","30","US","Day 0/21","Live SARS-CoV-2 virus","MNT 50",94,62,147,38,"20",0.67,"65-85","elderly","35","prime",12,"GMT/CI",105,44,234,"Figure 4B",2.02118929906994,1.9731278535997,0.641356481440354,0.589591045319081,0.18514366860305,0.0956442972576332,0.0480614454702397,1.11702127659575,0.0685385668428433,0.208389082299679,0.627700265581612,0.135577567738986,-0.360381155837131,0.456504046777611
"233",10,"Walsh et al. 2020","NCT04368728","BNT162b1","mRNA","ug","30","US","Day 0/21","Live SARS-CoV-2 virus","MNT 50",94,62,147,38,"30",1,"18-55","adult","35","prime",12,"GMT/CI",437,302,633,"Figure 4B",2.64048143697042,1.9731278535997,0.284018127518701,0.589591045319081,0.0819889711888277,0.0956442972576332,0.667353583370723,4.64893617021277,0.0685385668428433,0.125976279491454,0.278303650977122,0.0598044179637339,0.420440075567474,0.914267091173973
"234",10,"Walsh et al. 2020","NCT04368728","BNT162b1","mRNA","ug","30","US","Day 0/21","Live SARS-CoV-2 virus","MNT 50",94,62,147,38,"30",1,"65-85","elderly","35","prime",12,"GMT/CI",105,50,221,"Figure 4B",2.02118929906994,1.9731278535997,0.57035926675971,0.589591045319081,0.164648538099258,0.0956442972576332,0.0480614454702397,1.11702127659575,0.0685385668428433,0.190412637963265,0.56250763405514,0.118090825659208,-0.325147324937759,0.421270215878239
"235",10,"Walsh et al. 2020","NCT04368728","BNT162b2","mRNA","ug","30","US","Day 0/21","Live SARS-CoV-2 virus","MNT 50",94,62,147,38,"10",0.33,"18-55","adult","35","prime",12,"GMT/CI",97,49,190,"Figure 4B",1.98677173426624,1.9731278535997,0.520107923172294,0.589591045319081,0.150142224725591,0.0956442972576332,0.0136438806665462,1.03191489361702,0.0685385668428433,0.17801831153973,0.508534865719227,0.110779743618605,-0.335272009951324,0.362559771284416
"236",10,"Walsh et al. 2020","NCT04368728","BNT162b2","mRNA","ug","30","US","Day 0/21","Live SARS-CoV-2 virus","MNT 50",94,62,147,38,"10",0.33,"65-85","elderly","35","prime",12,"GMT/CI",111,81,167,"Figure 4B",2.04532297878666,1.9731278535997,0.277686143196912,0.589591045319081,0.0801610847624831,0.0956442972576332,0.072195125186959,1.18085106382979,0.0685385668428433,0.124794355273804,0.271496745387049,0.0579063285624749,-0.172401811149697,0.316792061523616
"237",10,"Walsh et al. 2020","NCT04368728","BNT162b2","mRNA","ug","30","US","Day 0/21","Live SARS-CoV-2 virus","MNT 50",94,62,147,38,"20",0.67,"18-55","adult","35","prime",12,"GMT/CI",292,208,476,"Figure 4B",2.46538285144842,1.9731278535997,0.317728476272201,0.589591045319081,0.0917203106524826,0.0956442972576332,0.49225499784872,3.10638297872341,0.0685385668428433,0.132515836729405,0.30990465947808,0.0673996703782331,0.232523957859085,0.751986037838354
"238",10,"Walsh et al. 2020","NCT04368728","BNT162b2","mRNA","ug","30","US","Day 0/21","Live SARS-CoV-2 virus","MNT 50",94,62,147,38,"20",0.67,"65-85","elderly","35","prime",12,"GMT/CI",81,38,171,"Figure 4B",1.90848501887865,1.9731278535997,0.577243501019735,0.589591045319081,0.166635845350853,0.0956442972576332,-0.0646428347210488,0.861702127659575,0.0685385668428433,0.192133642430731,0.561854298410875,0.122325950906035,-0.441224773885281,0.311939104443183
"239",10,"Walsh et al. 2020","NCT04368728","BNT162b2","mRNA","ug","30","US","Day 0/21","Live SARS-CoV-2 virus","MNT 50",94,62,147,38,"30",1,"18-55","adult","35","prime",12,"GMT/CI",163,116,230,"Figure 4B",2.21218760440396,1.9731278535997,0.262697182754931,0.589591045319081,0.0758341445894578,0.0956442972576332,0.239059750804259,1.73404255319149,0.0685385668428433,0.122060022462399,0.257838756855467,0.0563220605065974,-0.00017789322204248,0.478297394830561
"240",10,"Walsh et al. 2020","NCT04368728","BNT162b2","mRNA","ug","30","US","Day 0/21","Live SARS-CoV-2 virus","MNT 50",94,62,147,38,"30",1,"65-85","elderly","35","prime",12,"GMT/CI",206,109,392,"Figure 4B",2.31386722036915,1.9731278535997,0.491212763020211,0.589591045319081,0.141800910479549,0.0956442972576332,0.340739366769455,2.19148936170213,0.0685385668428433,0.171041894899278,0.480411082037089,0.102180434315333,0.0054972527668698,0.67598148077204
"241",11,"Sadoff et al. 2021","NCT04436276","Ad26.COV2.S","Non-replicating viral vector","10^10 viral particle","5","Belgium and the United States","Day 0","Live SARS-CoV-2 virus","MNT 50",522,299,891,32,"5",1,"18-55","adult","0","prime",75,"GMT/CI",58,NA,58,"Figure 2B, Results",1.76342799356294,2.71767050300226,0.44734451237116,0.684315597843092,0.0516548949275982,0.120971049926644,-0.954242509439325,0.111111111111111,0.086908167834284,0.131537915029606,0.44675367445927,0.0366844572333671,-1.21205682289735,-0.696428195981297
"242",11,"Sadoff et al. 2021","NCT04436276","Ad26.COV2.S","Non-replicating viral vector","10^10 viral particle","5","Belgium and the United States","Day 0","Live SARS-CoV-2 virus","MNT 50",522,299,891,32,"5",1,">=65","elderly","0","prime",75,"GMT/CI",58,NA,58,"Figure 2B, Results",1.76342799356294,2.71767050300226,0.44734451237116,0.684315597843092,0.0516548949275982,0.120971049926644,-0.954242509439325,0.111111111111111,0.086908167834284,0.131537915029606,0.445515364648811,0.0380133728133969,-1.21205682289735,-0.696428195981297
"243",11,"Sadoff et al. 2021","NCT04436276","Ad26.COV2.S","Non-replicating viral vector","10^10 viral particle","5","Belgium and the United States","Day 0","Live SARS-CoV-2 virus","MNT 50",522,299,891,32,"10",2,"18-55","adult","0","prime",75,"GMT/CI",58,NA,58,"Figure 2B, Results",1.76342799356294,2.71767050300226,0.44734451237116,0.684315597843092,0.0516548949275982,0.120971049926644,-0.954242509439325,0.111111111111111,0.086908167834284,0.131537915029606,0.446494809591945,0.0364330060982576,-1.21205682289735,-0.696428195981297
"244",11,"Sadoff et al. 2021","NCT04436276","Ad26.COV2.S","Non-replicating viral vector","10^10 viral particle","5","Belgium and the United States","Day 0","Live SARS-CoV-2 virus","MNT 50",522,299,891,32,"10",2,">=65","elderly","0","prime",75,"GMT/CI",58,NA,58,"Figure 2B, Results",1.76342799356294,2.71767050300226,0.44734451237116,0.684315597843092,0.0516548949275982,0.120971049926644,-0.954242509439325,0.111111111111111,0.086908167834284,0.131537915029606,0.446698126959015,0.0367894153793738,-1.21205682289735,-0.696428195981297
"245",11,"Sadoff et al. 2021","NCT04436276","Ad26.COV2.S","Non-replicating viral vector","10^10 viral particle","5","Belgium and the United States","Day 0/56","Live SARS-CoV-2 virus","MNT 50",522,299,891,32,"5",1,"18-55","adult","0","prime",75,"GMT/CI",58,NA,58,"Figure 2B, Results",1.76342799356294,2.71767050300226,0.44734451237116,0.684315597843092,0.0516548949275982,0.120971049926644,-0.954242509439325,0.111111111111111,0.086908167834284,0.131537915029606,0.44698774369795,0.0369962747928755,-1.21205682289735,-0.696428195981297
"246",11,"Sadoff et al. 2021","NCT04436276","Ad26.COV2.S","Non-replicating viral vector","10^10 viral particle","5","Belgium and the United States","Day 0/56","Live SARS-CoV-2 virus","MNT 50",522,299,891,32,"10",2,"18-55","adult","0","prime",75,"GMT/CI",58,NA,58,"Figure 2B, Results",1.76342799356294,2.71767050300226,0.44734451237116,0.684315597843092,0.0516548949275982,0.120971049926644,-0.954242509439325,0.111111111111111,0.086908167834284,0.131537915029606,0.445735170538249,0.0369231517170884,-1.21205682289735,-0.696428195981297
"247",11,"Sadoff et al. 2021","NCT04436276","Ad26.COV2.S","Non-replicating viral vector","10^10 viral particle","5","Belgium and the United States","Day 0","Live SARS-CoV-2 virus","MNT 50",522,299,891,32,"5",1,">=65","elderly","14","prime",75,"GMT/CI",212,137,284,"Figure 2B, Results",2.32633586092875,2.71767050300226,0.69944314822669,0.684315597843092,0.0807647379823038,0.120971049926644,-0.391334642073511,0.406130268199234,0.086908167834284,0.145454246489076,0.697073332287484,0.0566585798029404,-0.6764249651921,-0.106244318954922
"248",11,"Sadoff et al. 2021","NCT04436276","Ad26.COV2.S","Non-replicating viral vector","10^10 viral particle","5","Belgium and the United States","Day 0","Live SARS-CoV-2 virus","MNT 50",522,299,891,32,"10",2,">=65","elderly","14","prime",75,"GMT/CI",172,119,269,"Figure 2B, Results",2.23552844690755,2.71767050300226,0.782527561407436,0.684315597843092,0.0903584996453769,0.120971049926644,-0.482142056094713,0.329501915708812,0.086908167834284,0.150992229530258,0.779579239711871,0.0622508005069142,-0.77808682597402,-0.186197286215407
"249",11,"Sadoff et al. 2021","NCT04436276","Ad26.COV2.S","Non-replicating viral vector","10^10 viral particle","5","Belgium and the United States","Day 0","Live SARS-CoV-2 virus","MNT 50",522,299,891,32,"5",1,"18-55","adult","28","prime",75,"GMT/CI",224,158,318,"Figure 2B, Results",2.35024801833416,2.71767050300226,0.671103483450068,0.684315597843092,0.0774923553647985,0.120971049926644,-0.367422484668099,0.42911877394636,0.086908167834284,0.143663008670774,0.669593076143028,0.0547682105736421,-0.649001981662816,-0.0858429876733826
"250",11,"Sadoff et al. 2021","NCT04436276","Ad26.COV2.S","Non-replicating viral vector","10^10 viral particle","5","Belgium and the United States","Day 0","Live SARS-CoV-2 virus","MNT 50",522,299,891,32,"5",1,">=65","elderly","28","prime",75,"GMT/CI",277,193,307,"Figure 2B, Results",2.44247976906445,2.71767050300226,0.445342664501201,0.684315597843092,0.0514237414462787,0.120971049926644,-0.275190733937813,0.530651340996169,0.086908167834284,0.131447313037157,0.444165528152465,0.0373081997576479,-0.532827467490641,-0.0175540003849855
"251",11,"Sadoff et al. 2021","NCT04436276","Ad26.COV2.S","Non-replicating viral vector","10^10 viral particle","5","Belgium and the United States","Day 0","Live SARS-CoV-2 virus","MNT 50",522,299,891,32,"10",2,"18-55","adult","28","prime",75,"GMT/CI",215,169,273,"Figure 2B, Results",2.33243845991561,2.71767050300226,0.460133309028058,0.684315597843092,0.0531316179660925,0.120971049926644,-0.385232043086657,0.411877394636015,0.086908167834284,0.13212480368216,0.458903273994054,0.0369731271337855,-0.644196658303691,-0.126267427869622
"252",11,"Sadoff et al. 2021","NCT04436276","Ad26.COV2.S","Non-replicating viral vector","10^10 viral particle","5","Belgium and the United States","Day 0","Live SARS-CoV-2 virus","MNT 50",522,299,891,32,"10",2,">=65","elderly","28","prime",75,"GMT/CI",212,163,266,"Figure 2B, Results",2.32633586092875,2.71767050300226,0.469893967199038,0.684315597843092,0.0542586816905891,0.120971049926644,-0.391334642073511,0.406130268199234,0.086908167834284,0.132582048027459,0.467738979584066,0.0381001233632134,-0.65119545620733,-0.131473827939692
"253",11,"Sadoff et al. 2021","NCT04436276","Ad26.COV2.S","Non-replicating viral vector","10^10 viral particle","5","Belgium and the United States","Day 0/56","Live SARS-CoV-2 virus","MNT 50",522,299,891,32,"5",1,"18-55","adult","28","prime",75,"GMT/CI",224,168,298,"Figure 2B, Results",2.35024801833416,2.71767050300226,0.549897372180522,0.684315597843092,0.0634966791710185,0.120971049926644,-0.367422484668099,0.42911877394636,0.086908167834284,0.136622923355131,0.548641456597318,0.0444541205449835,-0.635203414444155,-0.0996415548920433
"254",11,"Sadoff et al. 2021","NCT04436276","Ad26.COV2.S","Non-replicating viral vector","10^10 viral particle","5","Belgium and the United States","Day 0/56","Live SARS-CoV-2 virus","MNT 50",522,299,891,32,"10",2,"18-55","adult","28","prime",75,"GMT/CI",354,220,571,"Figure 2B, Results",2.54900326202579,2.71767050300226,0.915100384534428,0.684315597843092,0.105666690669296,0.120971049926644,-0.168667240976474,0.67816091954023,0.086908167834284,0.160622054641806,0.910967785059179,0.075189686433099,-0.483486468074415,0.146151986121466
"255",11,"Sadoff et al. 2021","NCT04436276","Ad26.COV2.S","Non-replicating viral vector","10^10 viral particle","5","Belgium and the United States","Day 0","Live SARS-CoV-2 virus","MNT 50",522,299,891,32,"5",1,"18-55","adult","56","prime",75,"GMT/CI",310,228,422,"Figure 2B, Results",2.49136169383427,2.71767050300226,0.590703564881202,0.684315597843092,0.0682085724390867,0.120971049926644,-0.226308809167989,0.593869731800766,0.086908167834284,0.13887549918734,0.590331738662083,0.049086611556822,-0.498504787575175,0.0458871692391963
"256",11,"Sadoff et al. 2021","NCT04436276","Ad26.COV2.S","Non-replicating viral vector","10^10 viral particle","5","Belgium and the United States","Day 0","Live SARS-CoV-2 virus","MNT 50",522,299,891,32,"10",2,"18-55","adult","56","prime",75,"GMT/CI",370,268,511,"Figure 2B, Results",2.568201724067,2.71767050300226,0.619221653611099,0.684315597843092,0.0715015576800826,0.120971049926644,-0.149468778935267,0.708812260536399,0.086908167834284,0.140522125201097,0.618755833262556,0.0507503713234842,-0.424892144329418,0.125954586458883
"257",11,"Sadoff et al. 2021","NCT04436276","Ad26.COV2.S","Non-replicating viral vector","10^10 viral particle","5","Belgium and the United States","Day 0/56","Live SARS-CoV-2 virus","MNT 50",522,299,891,32,"5",1,"18-55","adult","56","prime",75,"GMT/CI",288,221,376,"Figure 2B, Results",2.45939248775923,2.71767050300226,0.509884764737219,0.684315597843092,0.0588764212353444,0.120971049926644,-0.258278015243031,0.551724137931035,0.086908167834284,0.134537830731123,0.507700520208832,0.0410533558026236,-0.521972163476033,0.00541613298997046
"258",11,"Sadoff et al. 2021","NCT04436276","Ad26.COV2.S","Non-replicating viral vector","10^10 viral particle","5","Belgium and the United States","Day 0/56","Live SARS-CoV-2 virus","MNT 50",522,299,891,32,"10",2,"18-55","adult","56","prime",75,"GMT/CI",488,334,714,"Figure 2B, Results",2.68841982200271,2.71767050300226,0.728945390720297,0.684315597843092,0.0841713635113801,0.120971049926644,-0.0292506809995516,0.934865900383142,0.086908167834284,0.147373041482218,0.724192916958924,0.0604826332191043,-0.318101842304699,0.259600480305596
"259",11,"Sadoff et al. 2021","NCT04436276","Ad26.COV2.S","Non-replicating viral vector","10^10 viral particle","5","Belgium and the United States","Day 0","Live SARS-CoV-2 virus","MNT 50",522,299,891,32,"5",1,"18-55","adult","70","prime",75,"GMT/CI",321,227,438,"Figure 2B, Results",2.50650503240487,2.71767050300226,0.630626119472454,0.684315597843092,0.072818431967086,0.120971049926644,-0.21116547059739,0.614942528735632,0.086908167834284,0.141196738469767,0.62590502315624,0.0513316576260675,-0.487911077998134,0.0655801368033531
"260",11,"Sadoff et al. 2021","NCT04436276","Ad26.COV2.S","Non-replicating viral vector","10^10 viral particle","5","Belgium and the United States","Day 0","Live SARS-CoV-2 virus","MNT 50",522,299,891,32,"10",2,"18-55","adult","70","prime",75,"GMT/CI",388,290,509,"Figure 2B, Results",2.58883172559421,2.71767050300226,0.539763112169069,0.684315597843092,0.0623264756218884,0.120971049926644,-0.128838777408055,0.743295019157088,0.086908167834284,0.136083005859661,0.538935617574655,0.0447930581561889,-0.39556146889299,0.137883914076881
"261",11,"Sadoff et al. 2021","NCT04436276","Ad26.COV2.S","Non-replicating viral vector","10^10 viral particle","5","Belgium and the United States","Day 0/56","Live SARS-CoV-2 virus","MNT 50",522,299,891,32,"5",1,"18-55","adult","70","booster",75,"GMT/CI",827,508,1183,"Figure 2B, Results",2.91750550955255,2.71767050300226,0.811061582330312,0.684315597843092,0.0936533245775538,0.120971049926644,0.199835006550285,1.58429118773946,0.086908167834284,0.152986731858627,0.808750213475642,0.0679103403680726,-0.100018987892623,0.499689000993193
"262",11,"Sadoff et al. 2021","NCT04436276","Ad26.COV2.S","Non-replicating viral vector","10^10 viral particle","5","Belgium and the United States","Day 0/56","Live SARS-CoV-2 virus","MNT 50",522,299,891,32,"10",2,"18-55","adult","70","booster",75,"GMT/CI",1266,746,2169,"Figure 2B, Results",3.10243370568134,2.71767050300226,1.02403245569778,0.684315597843092,0.118245082791205,0.120971049926644,0.384763202679074,2.42528735632184,0.086908167834284,0.16916233187283,1.02035617604624,0.0832328575422229,0.0532050322083267,0.716321373149822
"263",13,"Ella et al. 2021","NCT04471519","BBV152","Inactivated vaccine","ug","6 + Algel-IMDG","India","Day 0/14","SARS-CoV-2 wild-type","microneutralisation assay (MNT50)",62.31,40.77,95.22,41,"3 ug, Algel-IMDG",0.5,"18-55","adult","0","prime",99,"GMT/CI",6.2,5.9,6.5,"Table S4",0.792391689498254,1.79455775125476,0.106761504753865,0.601742528138427,0.0107299349491611,0.0939763943077385,-1.00216606175651,0.0995024875621891,0.0672768598935051,0.094586966285513,0.106548988712887,0.00750432385305084,-1.18755651567611,-0.816775607836902
"264",13,"Ella et al. 2021","NCT04471519","BBV152","Inactivated vaccine","ug","6 + Algel-IMDG","India","Day 0/14","SARS-CoV-2 wild-type","microneutralisation assay (MNT50)",62.31,40.77,95.22,41,"6 ug, Algel-IMDG",1,"18-55","adult","0","prime",99,"GMT/CI",6,5.8,6.2,"Table S4",0.778151250383644,1.79455775125476,0.0735166162954494,0.601742528138427,0.00738869794268282,0.0939763943077385,-1.01640650087112,0.0962927298988926,0.0672768598935051,0.0942664072953444,0.0734195624010765,0.00518200687058987,-1.20116865916999,-0.831644342572243
"265",13,"Ella et al. 2021","NCT04471519","BBV152","Inactivated vaccine","ug","6 + Algel-IMDG","India","Day 0/14","SARS-CoV-2 wild-type","microneutralisation assay (MNT50)",62.31,40.77,95.22,41,"6 ug, Algel",NA,"18-55","adult","0","prime",93,"GMT/CI",6,5.8,6.1,"Table S4",0.778151250383644,1.79455775125476,0.0538810484554875,0.601742528138427,0.00558720445097699,0.0939763943077385,-1.01640650087112,0.0962927298988926,0.0672768598935051,0.0941423366008119,0.0538507762752016,0.00392265485222729,-1.20092548060871,-0.831887521133526
"266",13,"Ella et al. 2021","NCT04471519","BBV152","Inactivated vaccine","ug","6 + Algel-IMDG","India","Day 0/14","SARS-CoV-2 wild-type","microneutralisation assay (MNT50)",62.31,40.77,95.22,41,"3 ug, Algel-IMDG",0.5,"18-55","adult","14","prime",99,"GMT/CI",9.1,8.1,10.4,"Table S4",0.959041392321094,1.79455775125476,0.27552095698228,0.601742528138427,0.0276908980663598,0.0939763943077385,-0.835516358933668,0.146043973679987,0.0672768598935051,0.0979711616895762,0.2745267174756,0.0201763538250581,-1.02753983584524,-0.643492882022099
"267",13,"Ella et al. 2021","NCT04471519","BBV152","Inactivated vaccine","ug","6 + Algel-IMDG","India","Day 0/14","SARS-CoV-2 wild-type","microneutralisation assay (MNT50)",62.31,40.77,95.22,41,"6 ug, Algel-IMDG",1,"18-55","adult","14","prime",99,"GMT/CI",11.2,9.6,13,"Table S4",1.04921802267018,1.79455775125476,0.334214552265654,0.601742528138427,0.0335898263436909,0.0939763943077385,-0.74533972858458,0.1797464291446,0.0672768598935051,0.099798993586523,0.334336474163283,0.0245220462167666,-0.940945756014165,-0.549733701154995
"268",13,"Ella et al. 2021","NCT04471519","BBV152","Inactivated vaccine","ug","6 + Algel-IMDG","India","Day 0/14","SARS-CoV-2 wild-type","microneutralisation assay (MNT50)",62.31,40.77,95.22,41,"6 ug, Algel",NA,"18-55","adult","14","prime",93,"GMT/CI",9.5,8.2,10.9,"Table S4",0.977723605288848,1.79455775125476,0.304101322294188,0.601742528138427,0.0315338381522722,0.0939763943077385,-0.816834145965914,0.15246348900658,0.0672768598935051,0.0991259079943142,0.303010207650621,0.0222531118024623,-1.01112092563477,-0.622547366297058
"269",13,"Ella et al. 2021","NCT04471519","BBV152","Inactivated vaccine","ug","6 + Algel-IMDG","India","Day 0/14","SARS-CoV-2 wild-type","microneutralisation assay (MNT50)",62.31,40.77,95.22,41,"3 ug, Algel-IMDG",0.5,"18-55","adult","28","prime",99,"GMT/CI",61.7,49.5,76.9,"Table S4",1.79028516403324,1.79455775125476,0.485617682694972,0.601742528138427,0.0488064134866996,0.0939763943077385,-0.00427258722151969,0.990210239126946,0.0672768598935051,0.10589442234848,0.483954187170545,0.0352215282435381,-0.21182565502454,0.203280480581501
"270",13,"Ella et al. 2021","NCT04471519","BBV152","Inactivated vaccine","ug","6 + Algel-IMDG","India","Day 0/14","SARS-CoV-2 wild-type","microneutralisation assay (MNT50)",62.31,40.77,95.22,41,"6 ug, Algel-IMDG",1,"18-55","adult","28","prime",99,"GMT/CI",66.4,53.4,82.4,"Table S4",1.82216807936802,1.79455775125476,0.478167495465698,0.601742528138427,0.0480576414970815,0.0939763943077385,0.027610328113256,1.06563954421441,0.0672768598935051,0.105551407348958,0.475908963058533,0.0338265793316898,-0.179270430290701,0.234491086517213
"271",13,"Ella et al. 2021","NCT04471519","BBV152","Inactivated vaccine","ug","6 + Algel-IMDG","India","Day 0/14","SARS-CoV-2 wild-type","microneutralisation assay (MNT50)",62.31,40.77,95.22,41,"6 ug, Algel",NA,"18-55","adult","28","prime",93,"GMT/CI",48,37.7,61.1,"Table S4",1.68124123737559,1.79455775125476,0.515885769087661,0.601742528138427,0.0534948622542759,0.0939763943077385,-0.113316513879174,0.770341839191141,0.0672768598935051,0.108135391869117,0.513136660162029,0.037254863112311,-0.325261881942644,0.0986288541842951
"272",14,"Chu et al. 2021","NCT04405076","mRNA-1273","mRNA","ug","100","US","Day 0/28","Live SARS-CoV-2 virus","MNT 50",321,235,438,32,"50",0.5,"18-55","adult","0","prime",90,"GMT/CI",46.2,44.9,47.6,"Table 3",1.66464197555613,2.50650503240487,0.0613754815418959,0.390216513878198,0.00646954380540047,0.0689811857735621,-0.841863056848746,0.14392523364486,0.0495575468201028,0.0692839013608261,0.061078941381206,0.00469667572981139,-0.977659503515966,-0.706066610181527
"273",14,"Chu et al. 2021","NCT04405076","mRNA-1273","mRNA","ug","100","US","Day 0/28","Live SARS-CoV-2 virus","MNT 50",321,235,438,32,"50",0.5,">=55","elderly","0","prime",89,"GMT/CI",45.6,NA,NA,"Table 3",1.65896484266444,2.50650503240487,0.44734451237116,0.390216513878198,0.0474184234745909,0.0689811857735621,-0.847540189740437,0.142056074766355,0.0495575468201028,0.0837072928456196,0.444285651904196,0.0331013502511543,-1.01160648371785,-0.683473895763022
"274",14,"Chu et al. 2021","NCT04405076","mRNA-1273","mRNA","ug","100","US","Day 0/28","Live SARS-CoV-2 virus","MNT 50",321,235,438,32,"100",1,"18-55","adult","0","prime",95,"GMT/CI",45.6,NA,NA,"Table 3",1.65896484266444,2.50650503240487,0.44734451237116,0.390216513878198,0.04589657856169,0.0689811857735621,-0.847540189740437,0.142056074766355,0.0495575468201028,0.082854691565391,0.445115978824434,0.0327532839090708,-1.0099353852086,-0.685144994272271
"275",14,"Chu et al. 2021","NCT04405076","mRNA-1273","mRNA","ug","100","US","Day 0/28","Live SARS-CoV-2 virus","MNT 50",321,235,438,32,"100",1,">=55","elderly","0","prime",91,"GMT/CI",45.6,NA,NA,"Table 3",1.65896484266444,2.50650503240487,0.44734451237116,0.390216513878198,0.0468944469109448,0.0689811857735621,-0.847540189740437,0.142056074766355,0.0495575468201028,0.0834115887740433,0.447080196239518,0.0335284986277834,-1.01102690373756,-0.684053475743312
"276",14,"Chu et al. 2021","NCT04405076","mRNA-1273","mRNA","ug","100","US","Day 0/28","Live SARS-CoV-2 virus","MNT 50",321,235,438,32,"50",0.5,"18-55","adult","28","prime",89,"GMT/CI",184,147,230,"Table 3",2.26481782300954,2.50650503240487,0.467873724706466,0.390216513878198,0.0495945156299533,0.0689811857735621,-0.241687209395336,0.573208722741433,0.0495575468201028,0.0849589310861217,0.465982986073113,0.0352861719919341,-0.408206714324134,-0.075167704466537
"277",14,"Chu et al. 2021","NCT04405076","mRNA-1273","mRNA","ug","100","US","Day 0/28","Live SARS-CoV-2 virus","MNT 50",321,235,438,32,"50",0.5,">=55","elderly","28","prime",79,"GMT/CI",160,122,208,"Table 3",2.20411998265592,2.50650503240487,0.525363722776831,0.390216513878198,0.0591080368081666,0.0689811857735621,-0.302385049748947,0.498442367601246,0.0495575468201028,0.0908414223030566,0.521358571041571,0.0417175613407749,-0.480434237462938,-0.124335862034956
"278",14,"Chu et al. 2021","NCT04405076","mRNA-1273","mRNA","ug","100","US","Day 0/28","Live SARS-CoV-2 virus","MNT 50",321,235,438,32,"100",1,"18-55","adult","28","prime",94,"GMT/CI",273,220,338,"Table 3",2.43616264704076,2.50650503240487,0.461256786552442,0.390216513878198,0.0475750049631246,0.0689811857735621,-0.0703423853641159,0.850467289719626,0.0495575468201028,0.0837960923192008,0.459946397538157,0.0332627563135729,-0.234582726309749,0.0938979555815177
"279",14,"Chu et al. 2021","NCT04405076","mRNA-1273","mRNA","ug","100","US","Day 0/28","Live SARS-CoV-2 virus","MNT 50",321,235,438,32,"100",1,">=55","elderly","28","prime",86,"GMT/CI",185,145,236,"Table 3",2.26717172840301,2.50650503240487,0.500453662711346,0.390216513878198,0.0539653063099826,0.0689811857735621,-0.239333304001858,0.576323987538941,0.0495575468201028,0.0875822943057382,0.498159894649102,0.0381336841247928,-0.410994600841105,-0.0676720071626113
"280",14,"Chu et al. 2021","NCT04405076","mRNA-1273","mRNA","ug","100","US","Day 0/28","Live SARS-CoV-2 virus","MNT 50",321,235,438,32,"50",0.5,"18-55","adult","42","prime",78,"GMT/CI",1733,1611,1865,"Table 3",3.23879856271392,2.50650503240487,0.143253179321561,0.390216513878198,0.0162202285014001,0.0689811857735621,0.732293530309045,5.398753894081,0.0495575468201028,0.0708625416095438,0.142930038217537,0.0117571787004283,0.593402948754339,0.871184111863751
"281",14,"Chu et al. 2021","NCT04405076","mRNA-1273","mRNA","ug","100","US","Day 0/28","Live SARS-CoV-2 virus","MNT 50",321,235,438,32,"50",0.5,">=55","elderly","42","prime",63,"GMT/CI",1827,1722,1938,"Table 3",3.26173854735254,2.50650503240487,0.103914499330263,0.390216513878198,0.0130919963257935,0.0689811857735621,0.755233514947666,5.69158878504673,0.0495575468201028,0.0702125655315434,0.103119738687659,0.00946319799998654,0.617616886505841,0.892850143389491
"282",14,"Chu et al. 2021","NCT04405076","mRNA-1273","mRNA","ug","100","US","Day 0/28","Live SARS-CoV-2 virus","MNT 50",321,235,438,32,"100",1,"18-55","adult","42","prime",88,"GMT/CI",1909,1849,1970,"Table 3",3.28080592839367,2.50650503240487,0.0658795576247422,0.390216513878198,0.00702278443939287,0.0689811857735621,0.774300895988795,5.94704049844237,0.0495575468201028,0.0693377494010937,0.0655331576059862,0.00490648473901983,0.638398907162651,0.910202884814939
"283",14,"Chu et al. 2021","NCT04405076","mRNA-1273","mRNA","ug","100","US","Day 0/28","Live SARS-CoV-2 virus","MNT 50",321,235,438,32,"100",1,">=55","elderly","42","prime",62,"GMT/CI",1686,1521,1869,"Table 3",3.22685757028872,2.50650503240487,0.179736457186449,0.390216513878198,0.0228265528892433,0.0689811857735621,0.720352537883852,5.25233644859814,0.0495575468201028,0.0726598617362579,0.178837529576257,0.0165574626644661,0.577939208880786,0.862765866886917
"284",14,"Chu et al. 2021","NCT04405076","mRNA-1273","mRNA","ug","100","US","Day 0/28","Live SARS-CoV-2 virus","MNT 50",321,235,438,32,"50",0.5,"18-55","adult","56","prime",80,"GMT/CI",1613,1488,1747,"Table 3",3.20763436738896,2.50650503240487,0.159011753782412,0.390216513878198,0.0177780545339467,0.0689811857735621,0.70112933498409,5.02492211838006,0.0495575468201028,0.0712352666432763,0.158332002761489,0.0127680291901314,0.561508212363268,0.840750457604911
"285",14,"Chu et al. 2021","NCT04405076","mRNA-1273","mRNA","ug","100","US","Day 0/28","Live SARS-CoV-2 virus","MNT 50",321,235,438,32,"50",0.5,">=55","elderly","56","prime",70,"GMT/CI",1671,1545,1807,"Table 3",3.22297644989339,2.50650503240487,0.145198225773924,0.390216513878198,0.0173545073469588,0.0689811857735621,0.71647141748852,5.20560747663552,0.0495575468201028,0.0711307452230211,0.144784316928611,0.0120766021608457,0.577055156851398,0.855887678125641
"286",14,"Chu et al. 2021","NCT04405076","mRNA-1273","mRNA","ug","100","US","Day 0/28","Live SARS-CoV-2 virus","MNT 50",321,235,438,32,"100",1,"18-55","adult","56","prime",82,"GMT/CI",1692,1586,1805,"Table 3",3.228400358703,2.50650503240487,0.129764646780312,0.390216513878198,0.0143301079745133,0.0689811857735621,0.721895326298133,5.27102803738318,0.0495575468201028,0.0704539281040305,0.129398848512914,0.00999213502585316,0.583805627214233,0.859985025382033
"287",14,"Chu et al. 2021","NCT04405076","mRNA-1273","mRNA","ug","100","US","Day 0/28","Live SARS-CoV-2 virus","MNT 50",321,235,438,32,"100",1,">=55","elderly","56","prime",70,"GMT/CI",1613,1460,1782,"Table 3",3.20763436738896,2.50650503240487,0.184737188795316,0.390216513878198,0.0220803173256171,0.0689811857735621,0.70112933498409,5.02492211838006,0.0495575468201028,0.0724288920523201,0.184548942607784,0.0156176196623542,0.559168706561542,0.843089963406637
"288",16,"Richmond et al. 2021","NCT04405908","SCB-2019","Protein subunit","ug","30 ug + CpG/Alum","Perth, WA, Australia","Day 0/21","Live SARS-CoV-2 virus","MNT 50",717,213,2417,21,"3",NA,"18-54","adult","0","prime",8,"GMT/CI",10,10,10,"Figure 5 (95% CI from Bingyi's data)",1,2.8555191556678,0.44734451237116,1.23320040003072,0.158160169112118,0.269106389532886,-1.8555191556678,0.0139470013947001,0.194986103776393,0.312142416183702,0.428212089773868,0.117037204135938,-2.46731829138786,-1.24372001994774
"289",16,"Richmond et al. 2021","NCT04405908","SCB-2019","Protein subunit","ug","30 ug + CpG/Alum","Perth, WA, Australia","Day 0/21","Live SARS-CoV-2 virus","MNT 50",717,213,2417,21,"9",NA,"18-54","adult","0","prime",8,"GMT/CI",10,10,10,"Figure 5 (95% CI from Bingyi's data)",1,2.8555191556678,0.44734451237116,1.23320040003072,0.158160169112118,0.269106389532886,-1.8555191556678,0.0139470013947001,0.194986103776393,0.312142416183702,0.430700348951314,0.115584777306328,-2.46731829138786,-1.24372001994774
"290",16,"Richmond et al. 2021","NCT04405908","SCB-2019","Protein subunit","ug","30 ug + CpG/Alum","Perth, WA, Australia","Day 0/21","Live SARS-CoV-2 virus","MNT 50",717,213,2417,21,"30",NA,"18-54","adult","0","prime",8,"GMT/CI",10,NA,NA,"Figure 5 (95% CI from Bingyi's data)",1,2.8555191556678,0.44734451237116,1.23320040003072,0.158160169112118,0.269106389532886,-1.8555191556678,0.0139470013947001,0.194986103776393,0.312142416183702,0.435244374763674,0.116324334698009,-2.46731829138786,-1.24372001994774
"291",16,"Richmond et al. 2021","NCT04405908","SCB-2019","Protein subunit","ug","30 ug + CpG/Alum","Perth, WA, Australia","Day 0/21","Live SARS-CoV-2 virus","MNT 50",717,213,2417,21,"3 + AS03",NA,"18-54","adult","0","prime",8,"GMT/CI",10,NA,NA,"Figure 5 (95% CI from Bingyi's data)",1,2.8555191556678,0.44734451237116,1.23320040003072,0.158160169112118,0.269106389532886,-1.8555191556678,0.0139470013947001,0.194986103776393,0.312142416183702,0.427948473305512,0.120190475708223,-2.46731829138786,-1.24372001994774
"292",16,"Richmond et al. 2021","NCT04405908","SCB-2019","Protein subunit","ug","30 ug + CpG/Alum","Perth, WA, Australia","Day 0/21","Live SARS-CoV-2 virus","MNT 50",717,213,2417,21,"3 + AS03",NA,"55-75","elderly","0","prime",8,"GMT/CI",10,10,10,"Figure 5 (95% CI from Bingyi's data)",1,2.8555191556678,0.44734451237116,1.23320040003072,0.158160169112118,0.269106389532886,-1.8555191556678,0.0139470013947001,0.194986103776393,0.312142416183702,0.432842055227244,0.117969861360604,-2.46731829138786,-1.24372001994774
"293",16,"Richmond et al. 2021","NCT04405908","SCB-2019","Protein subunit","ug","30 ug + CpG/Alum","Perth, WA, Australia","Day 0/21","Live SARS-CoV-2 virus","MNT 50",717,213,2417,21,"9 + AS03",NA,"18-54","adult","0","prime",8,"GMT/CI",10,10,10,"Figure 5 (95% CI from Bingyi's data)",1,2.8555191556678,0.44734451237116,1.23320040003072,0.158160169112118,0.269106389532886,-1.8555191556678,0.0139470013947001,0.194986103776393,0.312142416183702,0.431340720697275,0.11417858401639,-2.46731829138786,-1.24372001994774
"294",16,"Richmond et al. 2021","NCT04405908","SCB-2019","Protein subunit","ug","30 ug + CpG/Alum","Perth, WA, Australia","Day 0/21","Live SARS-CoV-2 virus","MNT 50",717,213,2417,21,"9 + AS03",NA,"55-75","elderly","0","prime",8,"GMT/CI",10,10,10,"Figure 5 (95% CI from Bingyi's data)",1,2.8555191556678,0.44734451237116,1.23320040003072,0.158160169112118,0.269106389532886,-1.8555191556678,0.0139470013947001,0.194986103776393,0.312142416183702,0.429737708587477,0.117334409817335,-2.46731829138786,-1.24372001994774
"295",16,"Richmond et al. 2021","NCT04405908","SCB-2019","Protein subunit","ug","30 ug + CpG/Alum","Perth, WA, Australia","Day 0/21","Live SARS-CoV-2 virus","MNT 50",717,213,2417,21,"30 + AS03",NA,"18-54","adult","0","prime",8,"GMT/CI",10,10,10,"Figure 5 (95% CI from Bingyi's data)",1,2.8555191556678,0.44734451237116,1.23320040003072,0.158160169112118,0.269106389532886,-1.8555191556678,0.0139470013947001,0.194986103776393,0.312142416183702,0.429418155451984,0.116921330590363,-2.46731829138786,-1.24372001994774
"296",16,"Richmond et al. 2021","NCT04405908","SCB-2019","Protein subunit","ug","30 ug + CpG/Alum","Perth, WA, Australia","Day 0/21","Live SARS-CoV-2 virus","MNT 50",717,213,2417,21,"30 + AS03",NA,"55-75","elderly","0","prime",8,"GMT/CI",10,10,10,"Figure 5 (95% CI from Bingyi's data)",1,2.8555191556678,0.44734451237116,1.23320040003072,0.158160169112118,0.269106389532886,-1.8555191556678,0.0139470013947001,0.194986103776393,0.312142416183702,0.432720216093837,0.117409074490188,-2.46731829138786,-1.24372001994774
"297",16,"Richmond et al. 2021","NCT04405908","SCB-2019","Protein subunit","ug","30 ug + CpG/Alum","Perth, WA, Australia","Day 0/21","Live SARS-CoV-2 virus","MNT 50",717,213,2417,21,"3 + CpG/Alum",0.1,"18-54","adult","0","prime",8,"GMT/CI",10,10,10,"Figure 5 (95% CI from Bingyi's data)",1,2.8555191556678,0.44734451237116,1.23320040003072,0.158160169112118,0.269106389532886,-1.8555191556678,0.0139470013947001,0.194986103776393,0.312142416183702,0.4320242104144,0.118415885293332,-2.46731829138786,-1.24372001994774
"298",16,"Richmond et al. 2021","NCT04405908","SCB-2019","Protein subunit","ug","30 ug + CpG/Alum","Perth, WA, Australia","Day 0/21","Live SARS-CoV-2 virus","MNT 50",717,213,2417,21,"3 + CpG/Alum",0.1,"55-75","elderly","0","prime",8,"GMT/CI",11,11,11,"Figure 5 (95% CI from Bingyi's data)",1.04139268515823,2.8555191556678,0.44734451237116,1.23320040003072,0.158160169112118,0.269106389532886,-1.81412647050957,0.0153417015341702,0.194986103776393,0.312142416183702,0.431874159721906,0.114300850056132,-2.42592560622963,-1.20232733478952
"299",16,"Richmond et al. 2021","NCT04405908","SCB-2019","Protein subunit","ug","30 ug + CpG/Alum","Perth, WA, Australia","Day 0/21","Live SARS-CoV-2 virus","MNT 50",717,213,2417,21,"9 + CpG/Alum",0.3,"18-54","adult","0","prime",8,"GMT/CI",10,10,10,"Figure 5 (95% CI from Bingyi's data)",1,2.8555191556678,0.44734451237116,1.23320040003072,0.158160169112118,0.269106389532886,-1.8555191556678,0.0139470013947001,0.194986103776393,0.312142416183702,0.427244357586561,0.1175621834974,-2.46731829138786,-1.24372001994774
"300",16,"Richmond et al. 2021","NCT04405908","SCB-2019","Protein subunit","ug","30 ug + CpG/Alum","Perth, WA, Australia","Day 0/21","Live SARS-CoV-2 virus","MNT 50",717,213,2417,21,"9 + CpG/Alum",0.3,"55-75","elderly","0","prime",8,"GMT/CI",10,10,10,"Figure 5 (95% CI from Bingyi's data)",1,2.8555191556678,0.44734451237116,1.23320040003072,0.158160169112118,0.269106389532886,-1.8555191556678,0.0139470013947001,0.194986103776393,0.312142416183702,0.431049427710091,0.118343564068068,-2.46731829138786,-1.24372001994774
"301",16,"Richmond et al. 2021","NCT04405908","SCB-2019","Protein subunit","ug","30 ug + CpG/Alum","Perth, WA, Australia","Day 0/21","Live SARS-CoV-2 virus","MNT 50",717,213,2417,21,"30 + CpG/Alum",1,"18-54","adult","0","prime",8,"GMT/CI",11,11,11,"Figure 5 (95% CI from Bingyi's data)",1.04139268515823,2.8555191556678,0.44734451237116,1.23320040003072,0.158160169112118,0.269106389532886,-1.81412647050957,0.0153417015341702,0.194986103776393,0.312142416183702,0.43264345055655,0.116549284434255,-2.42592560622963,-1.20232733478952
"302",16,"Richmond et al. 2021","NCT04405908","SCB-2019","Protein subunit","ug","30 ug + CpG/Alum","Perth, WA, Australia","Day 0/21","Live SARS-CoV-2 virus","MNT 50",717,213,2417,21,"30 + CpG/Alum",1,"55-75","elderly","0","prime",8,"GMT/CI",10,10,10,"Figure 5 (95% CI from Bingyi's data)",1,2.8555191556678,0.44734451237116,1.23320040003072,0.158160169112118,0.269106389532886,-1.8555191556678,0.0139470013947001,0.194986103776393,0.312142416183702,0.42726419566528,0.11935728208022,-2.46731829138786,-1.24372001994774
"303",16,"Richmond et al. 2021","NCT04405908","SCB-2019","Protein subunit","ug","30 ug + CpG/Alum","Perth, WA, Australia","Day 0/21","Live SARS-CoV-2 virus","MNT 50",717,213,2417,21,"3",NA,"18-54","adult","21","prime",8,"GMT/CI",10,10,10,"Figure 5 (95% CI from Bingyi's data)",1,2.8555191556678,0.44734451237116,1.23320040003072,0.158160169112118,0.269106389532886,-1.8555191556678,0.0139470013947001,0.194986103776393,0.312142416183702,0.426680202452667,0.11638403859281,-2.46731829138786,-1.24372001994774
"304",16,"Richmond et al. 2021","NCT04405908","SCB-2019","Protein subunit","ug","30 ug + CpG/Alum","Perth, WA, Australia","Day 0/21","Live SARS-CoV-2 virus","MNT 50",717,213,2417,21,"9",NA,"18-54","adult","21","prime",8,"GMT/CI",10,10,10,"Figure 5 (95% CI from Bingyi's data)",1,2.8555191556678,0.44734451237116,1.23320040003072,0.158160169112118,0.269106389532886,-1.8555191556678,0.0139470013947001,0.194986103776393,0.312142416183702,0.437513229332747,0.120264223348598,-2.46731829138786,-1.24372001994774
"305",16,"Richmond et al. 2021","NCT04405908","SCB-2019","Protein subunit","ug","30 ug + CpG/Alum","Perth, WA, Australia","Day 0/21","Live SARS-CoV-2 virus","MNT 50",717,213,2417,21,"30",NA,"18-54","adult","21","prime",7,"GMT/CI",10,NA,NA,"Figure 5 (95% CI from Bingyi's data)",1,2.8555191556678,0.44734451237116,1.23320040003072,0.169080332871935,0.269106389532886,-1.8555191556678,0.0139470013947001,0.194986103776393,0.317815052902643,0.426391175122693,0.128472349656579,-2.47843665935698,-1.23260165197862
"306",16,"Richmond et al. 2021","NCT04405908","SCB-2019","Protein subunit","ug","30 ug + CpG/Alum","Perth, WA, Australia","Day 0/21","Live SARS-CoV-2 virus","MNT 50",717,213,2417,21,"3 + AS03",NA,"18-54","adult","21","prime",8,"GMT/CI",26,15.3,43.8,"Figure 5 (95% CI from Bingyi's data)",1.41497334797082,2.8555191556678,0.329585847280497,1.23320040003072,0.116526193797577,0.269106389532886,-1.44054580769698,0.0362622036262204,0.194986103776393,0.293251773615055,0.318370156935785,0.0871469941377901,-2.01531928398249,-0.865772331411473
"307",16,"Richmond et al. 2021","NCT04405908","SCB-2019","Protein subunit","ug","30 ug + CpG/Alum","Perth, WA, Australia","Day 0/21","Live SARS-CoV-2 virus","MNT 50",717,213,2417,21,"3 + AS03",NA,"55-75","elderly","21","prime",8,"GMT/CI",28,10.2,86.2,"Figure 5 (95% CI from Bingyi's data)",1.44715803134222,2.8555191556678,0.668798256879306,1.23320040003072,0.23645589134255,0.269106389532886,-1.40836112432558,0.0390516039051604,0.194986103776393,0.358231262507929,0.648318495651613,0.176720398136328,-2.11049439884112,-0.706227849810039
"308",16,"Richmond et al. 2021","NCT04405908","SCB-2019","Protein subunit","ug","30 ug + CpG/Alum","Perth, WA, Australia","Day 0/21","Live SARS-CoV-2 virus","MNT 50",717,213,2417,21,"9 + AS03",NA,"18-54","adult","21","prime",8,"GMT/CI",40,18.7,85.4,"Figure 5 (95% CI from Bingyi's data)",1.60205999132796,2.8555191556678,0.475937891186912,1.23320040003072,0.168269455140945,0.269106389532886,-1.25345916433984,0.0557880055788005,0.194986103776393,0.317384401665955,0.454916725662889,0.122673892792808,-1.87553259160511,-0.631385737074567
"309",16,"Richmond et al. 2021","NCT04405908","SCB-2019","Protein subunit","ug","30 ug + CpG/Alum","Perth, WA, Australia","Day 0/21","Live SARS-CoV-2 virus","MNT 50",717,213,2417,21,"9 + AS03",NA,"55-75","elderly","21","prime",8,"GMT/CI",48,17.3,131.9,"Figure 5 (95% CI from Bingyi's data)",1.68124123737559,2.8555191556678,0.636539467104458,1.23320040003072,0.225050686841217,0.269106389532886,-1.17427791829221,0.0669456066945607,0.194986103776393,0.350807725877194,0.620640451189611,0.167856961723705,-1.86186106101151,-0.486694775572912
"310",16,"Richmond et al. 2021","NCT04405908","SCB-2019","Protein subunit","ug","30 ug + CpG/Alum","Perth, WA, Australia","Day 0/21","Live SARS-CoV-2 virus","MNT 50",717,213,2417,21,"30 + AS03",NA,"18-54","adult","21","prime",8,"GMT/CI",87,35.5,213.8,"Figure 5 (95% CI from Bingyi's data)",1.93951925261862,2.8555191556678,0.562640065990913,1.23320040003072,0.19892330301471,0.269106389532886,-0.915999903049182,0.121338912133891,0.194986103776393,0.334647171465273,0.541449232292663,0.14973236831031,-1.57190835912112,-0.260091446977247
"311",16,"Richmond et al. 2021","NCT04405908","SCB-2019","Protein subunit","ug","30 ug + CpG/Alum","Perth, WA, Australia","Day 0/21","Live SARS-CoV-2 virus","MNT 50",717,213,2417,21,"30 + AS03",NA,"55-75","elderly","21","prime",8,"GMT/CI",31,14.6,65.8,"Figure 5 (95% CI from Bingyi's data)",1.49136169383427,2.8555191556678,0.471793937841123,1.23320040003072,0.166804346385081,0.269106389532886,-1.36415746183353,0.0432357043235704,0.194986103776393,0.316610073845384,0.453361543320903,0.125723900966968,-1.98471320657048,-0.743601717096575
"312",16,"Richmond et al. 2021","NCT04405908","SCB-2019","Protein subunit","ug","30 ug + CpG/Alum","Perth, WA, Australia","Day 0/21","Live SARS-CoV-2 virus","MNT 50",717,213,2417,21,"3 + CpG/Alum",0.1,"18-54","adult","21","prime",8,"GMT/CI",12,12,12,"Figure 5 (95% CI from Bingyi's data)",1.07918124604762,2.8555191556678,0.44734451237116,1.23320040003072,0.158160169112118,0.269106389532886,-1.77633790962018,0.0167364016736402,0.194986103776393,0.312142416183702,0.434109230142082,0.114877171790074,-2.38813704534023,-1.16453877390012
"313",16,"Richmond et al. 2021","NCT04405908","SCB-2019","Protein subunit","ug","30 ug + CpG/Alum","Perth, WA, Australia","Day 0/21","Live SARS-CoV-2 virus","MNT 50",717,213,2417,21,"3 + CpG/Alum",0.1,"55-75","elderly","21","prime",8,"GMT/CI",11,11,11,"Figure 5 (95% CI from Bingyi's data)",1.04139268515823,2.8555191556678,0.44734451237116,1.23320040003072,0.158160169112118,0.269106389532886,-1.81412647050957,0.0153417015341702,0.194986103776393,0.312142416183702,0.431360264757444,0.117870496273185,-2.42592560622963,-1.20232733478952
"314",16,"Richmond et al. 2021","NCT04405908","SCB-2019","Protein subunit","ug","30 ug + CpG/Alum","Perth, WA, Australia","Day 0/21","Live SARS-CoV-2 virus","MNT 50",717,213,2417,21,"9 + CpG/Alum",0.3,"18-54","adult","21","prime",8,"GMT/CI",26,10.9,62.1,"Figure 5 (95% CI from Bingyi's data)",1.41497334797082,2.8555191556678,0.545240732752113,1.23320040003072,0.192771709754071,0.269106389532886,-1.44054580769698,0.0362622036262204,0.194986103776393,0.331027462560031,0.527083446099516,0.144250204434654,-2.08935963431464,-0.791731981079321
"315",16,"Richmond et al. 2021","NCT04405908","SCB-2019","Protein subunit","ug","30 ug + CpG/Alum","Perth, WA, Australia","Day 0/21","Live SARS-CoV-2 virus","MNT 50",717,213,2417,21,"9 + CpG/Alum",0.3,"55-75","elderly","21","prime",7,"GMT/CI",10,10,10,"Figure 5 (95% CI from Bingyi's data)",1,2.8555191556678,0.44734451237116,1.23320040003072,0.169080332871935,0.269106389532886,-1.8555191556678,0.0139470013947001,0.194986103776393,0.317815052902643,0.427519789643839,0.124728873095884,-2.47843665935698,-1.23260165197862
"316",16,"Richmond et al. 2021","NCT04405908","SCB-2019","Protein subunit","ug","30 ug + CpG/Alum","Perth, WA, Australia","Day 0/21","Live SARS-CoV-2 virus","MNT 50",717,213,2417,21,"30 + CpG/Alum",1,"18-54","adult","21","prime",8,"GMT/CI",52,19.7,138.4,"Figure 5 (95% CI from Bingyi's data)",1.7160033436348,2.8555191556678,0.610904083910004,1.23320040003072,0.21598721019366,0.269106389532886,-1.139515812033,0.0725244072524407,0.194986103776393,0.345063362086828,0.592725862935744,0.16257556480764,-1.81584000172318,-0.463191622342818
"317",16,"Richmond et al. 2021","NCT04405908","SCB-2019","Protein subunit","ug","30 ug + CpG/Alum","Perth, WA, Australia","Day 0/21","Live SARS-CoV-2 virus","MNT 50",717,213,2417,21,"30 + CpG/Alum",1,"55-75","elderly","21","prime",8,"GMT/CI",10,10,10,"Figure 5 (95% CI from Bingyi's data)",1,2.8555191556678,0.44734451237116,1.23320040003072,0.158160169112118,0.269106389532886,-1.8555191556678,0.0139470013947001,0.194986103776393,0.312142416183702,0.430396150824801,0.118774417105109,-2.46731829138786,-1.24372001994774
"318",16,"Richmond et al. 2021","NCT04405908","SCB-2019","Protein subunit","ug","30 ug + CpG/Alum","Perth, WA, Australia","Day 0/21","Live SARS-CoV-2 virus","MNT 50",717,213,2417,21,"3",NA,"18-54","adult","35","prime",8,"GMT/CI",10,10,10,"Figure 5 (95% CI from Bingyi's data)",1,2.8555191556678,0.44734451237116,1.23320040003072,0.158160169112118,0.269106389532886,-1.8555191556678,0.0139470013947001,0.194986103776393,0.312142416183702,0.433392998762383,0.118132201848186,-2.46731829138786,-1.24372001994774
"319",16,"Richmond et al. 2021","NCT04405908","SCB-2019","Protein subunit","ug","30 ug + CpG/Alum","Perth, WA, Australia","Day 0/21","Live SARS-CoV-2 virus","MNT 50",717,213,2417,21,"9",NA,"18-54","adult","35","prime",8,"GMT/CI",10,10,10,"Figure 5 (95% CI from Bingyi's data)",1,2.8555191556678,0.44734451237116,1.23320040003072,0.158160169112118,0.269106389532886,-1.8555191556678,0.0139470013947001,0.194986103776393,0.312142416183702,0.432603210708295,0.114620644257268,-2.46731829138786,-1.24372001994774
"320",16,"Richmond et al. 2021","NCT04405908","SCB-2019","Protein subunit","ug","30 ug + CpG/Alum","Perth, WA, Australia","Day 0/21","Live SARS-CoV-2 virus","MNT 50",717,213,2417,21,"30",NA,"18-54","adult","35","prime",7,"GMT/CI",13,NA,NA,"Figure 5 (95% CI from Bingyi's data)",1.11394335230684,2.8555191556678,0.44734451237116,1.23320040003072,0.169080332871935,0.269106389532886,-1.74157580336096,0.0181311018131102,0.194986103776393,0.317815052902643,0.427660570121294,0.121491851321291,-2.36449330705014,-1.11865829967178
"321",16,"Richmond et al. 2021","NCT04405908","SCB-2019","Protein subunit","ug","30 ug + CpG/Alum","Perth, WA, Australia","Day 0/21","Live SARS-CoV-2 virus","MNT 50",717,213,2417,21,"3 + AS03",NA,"18-54","adult","35","prime",8,"GMT/CI",1280,535.4,3047.3,"Figure 5 (95% CI from Bingyi's data)",3.10720996964787,2.8555191556678,0.544931728949968,1.23320040003072,0.192662460412116,0.269106389532886,0.251690813980068,1.78521617852162,0.194986103776393,0.330963853826178,0.523023914140923,0.142082145882861,-0.39699833951924,0.900379967479376
"322",16,"Richmond et al. 2021","NCT04405908","SCB-2019","Protein subunit","ug","30 ug + CpG/Alum","Perth, WA, Australia","Day 0/21","Live SARS-CoV-2 virus","MNT 50",717,213,2417,21,"3 + AS03",NA,"55-75","elderly","35","prime",8,"GMT/CI",1076,233.3,5085,"Figure 5 (95% CI from Bingyi's data)",3.03181227133037,2.8555191556678,0.965688673321854,1.23320040003072,0.341422504710462,0.269106389532886,0.17629311566257,1.50069735006974,0.194986103776393,0.434727012744999,0.935435925905204,0.250201500840723,-0.675771829317628,1.02835806064277
"323",16,"Richmond et al. 2021","NCT04405908","SCB-2019","Protein subunit","ug","30 ug + CpG/Alum","Perth, WA, Australia","Day 0/21","Live SARS-CoV-2 virus","MNT 50",717,213,2417,21,"9 + AS03",NA,"18-54","adult","35","prime",8,"GMT/CI",1810,715.4,4528.4,"Figure 5 (95% CI from Bingyi's data)",3.25767857486918,2.8555191556678,0.578237180670899,1.23320040003072,0.204437715793292,0.269106389532886,0.402159419201384,2.52440725244073,0.194986103776393,0.337954181104782,0.557133454956882,0.148817674740331,-0.260230775763989,1.06454961416676
"324",16,"Richmond et al. 2021","NCT04405908","SCB-2019","Protein subunit","ug","30 ug + CpG/Alum","Perth, WA, Australia","Day 0/21","Live SARS-CoV-2 virus","MNT 50",717,213,2417,21,"9 + AS03",NA,"55-75","elderly","35","prime",8,"GMT/CI",3320,1674.1,6600.6,"Figure 5 (95% CI from Bingyi's data)",3.52113808370404,2.8555191556678,0.429893518002057,1.23320040003072,0.151990310883698,0.269106389532886,0.665618928036236,4.63040446304045,0.194986103776393,0.309061973542441,0.415930580061157,0.109302086966186,0.059857459893052,1.27138039617942
"325",16,"Richmond et al. 2021","NCT04405908","SCB-2019","Protein subunit","ug","30 ug + CpG/Alum","Perth, WA, Australia","Day 0/21","Live SARS-CoV-2 virus","MNT 50",717,213,2417,21,"30 + AS03",NA,"18-54","adult","35","prime",8,"GMT/CI",3948,2325.1,6664.6,"Figure 5 (95% CI from Bingyi's data)",3.5963771439976,2.8555191556678,0.329982529090278,1.23320040003072,0.116666441996411,0.269106389532886,0.740857988329799,5.50627615062761,0.194986103776393,0.293307530717381,0.322119422196361,0.088698509170689,0.165975228123733,1.31574074853587
"326",16,"Richmond et al. 2021","NCT04405908","SCB-2019","Protein subunit","ug","30 ug + CpG/Alum","Perth, WA, Australia","Day 0/21","Live SARS-CoV-2 virus","MNT 50",717,213,2417,21,"30 + AS03",NA,"55-75","elderly","35","prime",8,"GMT/CI",1174,540.6,2585.8,"Figure 5 (95% CI from Bingyi's data)",3.0696680969116,2.8555191556678,0.490442690047856,1.23320040003072,0.173397675958105,0.269106389532886,0.214148941243796,1.6373779637378,0.194986103776393,0.320132789503196,0.474079735271417,0.127816512189893,-0.413311326182468,0.841609208670059
"327",16,"Richmond et al. 2021","NCT04405908","SCB-2019","Protein subunit","ug","30 ug + CpG/Alum","Perth, WA, Australia","Day 0/21","Live SARS-CoV-2 virus","MNT 50",717,213,2417,21,"3 + CpG/Alum",0.1,"18-54","adult","35","prime",8,"GMT/CI",190,91.4,400.7,"Figure 5 (95% CI from Bingyi's data)",2.27875360095283,2.8555191556678,0.463135566012569,1.23320040003072,0.163743149668079,0.269106389532886,-0.576765554714971,0.264993026499303,0.194986103776393,0.315008044263394,0.445515270031224,0.119363331854019,-1.19418132147122,0.0406502120412802
"328",16,"Richmond et al. 2021","NCT04405908","SCB-2019","Protein subunit","ug","30 ug + CpG/Alum","Perth, WA, Australia","Day 0/21","Live SARS-CoV-2 virus","MNT 50",717,213,2417,21,"3 + CpG/Alum",0.1,"55-75","elderly","35","prime",8,"GMT/CI",123,54.8,280.3,"Figure 5 (95% CI from Bingyi's data)",2.0899051114394,2.8555191556678,0.511456496240299,1.23320040003072,0.180827178386713,0.269106389532886,-0.765614044228402,0.171548117154812,0.194986103776393,0.324217083650331,0.494011835817541,0.136439075867604,-1.40107952818305,-0.130148560273754
"329",16,"Richmond et al. 2021","NCT04405908","SCB-2019","Protein subunit","ug","30 ug + CpG/Alum","Perth, WA, Australia","Day 0/21","Live SARS-CoV-2 virus","MNT 50",717,213,2417,21,"9 + CpG/Alum",0.3,"18-54","adult","35","prime",8,"GMT/CI",494,124.5,1953.9,"Figure 5 (95% CI from Bingyi's data)",2.69372694892365,2.8555191556678,0.86276622416345,1.23320040003072,0.305033923842344,0.269106389532886,-0.161792206744153,0.688981868898187,0.194986103776393,0.406772594433404,0.838176754090981,0.229589878161191,-0.959066491833625,0.635482078345319
"330",16,"Richmond et al. 2021","NCT04405908","SCB-2019","Protein subunit","ug","30 ug + CpG/Alum","Perth, WA, Australia","Day 0/21","Live SARS-CoV-2 virus","MNT 50",717,213,2417,21,"9 + CpG/Alum",0.3,"55-75","elderly","35","prime",7,"GMT/CI",263,61.5,1105,"Figure 5 (95% CI from Bingyi's data)",2.41995574848976,2.8555191556678,0.84669924852686,1.23320040003072,0.320022235266763,0.269106389532886,-0.435563407178042,0.366806136680614,0.194986103776393,0.418129740574096,0.811065368361904,0.236722428695162,-1.25509769870327,0.383970884347187
"331",16,"Richmond et al. 2021","NCT04405908","SCB-2019","Protein subunit","ug","30 ug + CpG/Alum","Perth, WA, Australia","Day 0/21","Live SARS-CoV-2 virus","MNT 50",717,213,2417,21,"30 + CpG/Alum",1,"18-54","adult","35","prime",7,"GMT/CI",1050,353.4,3136.9,"Figure 5 (95% CI from Bingyi's data)",3.02118929906994,2.8555191556678,0.639997880131805,1.23320040003072,0.24189646149104,0.269106389532886,0.165670143402138,1.46443514644352,0.194986103776393,0.361845473882584,0.616830888637158,0.186381261142722,-0.543546985407726,0.874887272212002
"332",16,"Richmond et al. 2021","NCT04405908","SCB-2019","Protein subunit","ug","30 ug + CpG/Alum","Perth, WA, Australia","Day 0/21","Live SARS-CoV-2 virus","MNT 50",717,213,2417,21,"30 + CpG/Alum",1,"55-75","elderly","35","prime",8,"GMT/CI",190,55.8,649.5,"Figure 5 (95% CI from Bingyi's data)",2.27875360095283,2.8555191556678,0.769119292951607,1.23320040003072,0.271924733793742,0.269106389532886,-0.576765554714971,0.264993026499303,0.194986103776393,0.382571966741191,0.745466320699329,0.195507210533482,-1.32660660952771,0.173075500097763
"333",16,"Richmond et al. 2021","NCT04405908","SCB-2019","Protein subunit","ug","30 ug + CpG/Alum","Perth, WA, Australia","Day 0/21","Live SARS-CoV-2 virus","MNT 50",717,213,2417,21,"3",NA,"18-54","adult","49","prime",8,"GMT/CI",10,10,10,"Figure 5 (95% CI from Bingyi's data)",1,2.8555191556678,0.44734451237116,1.23320040003072,0.158160169112118,0.269106389532886,-1.8555191556678,0.0139470013947001,0.194986103776393,0.312142416183702,0.434119584928636,0.117627539178361,-2.46731829138786,-1.24372001994774
"334",16,"Richmond et al. 2021","NCT04405908","SCB-2019","Protein subunit","ug","30 ug + CpG/Alum","Perth, WA, Australia","Day 0/21","Live SARS-CoV-2 virus","MNT 50",717,213,2417,21,"9",NA,"18-54","adult","49","prime",8,"GMT/CI",12,NA,NA,"Figure 5 (95% CI from Bingyi's data)",1.07918124604762,2.8555191556678,0.44734451237116,1.23320040003072,0.158160169112118,0.269106389532886,-1.77633790962018,0.0167364016736402,0.194986103776393,0.312142416183702,0.434083760404433,0.11787341124001,-2.38813704534023,-1.16453877390012
"335",16,"Richmond et al. 2021","NCT04405908","SCB-2019","Protein subunit","ug","30 ug + CpG/Alum","Perth, WA, Australia","Day 0/21","Live SARS-CoV-2 virus","MNT 50",717,213,2417,21,"30",NA,"18-54","adult","49","prime",7,"GMT/CI",15,NA,NA,"Figure 5 (95% CI from Bingyi's data)",1.17609125905568,2.8555191556678,0.44734451237116,1.23320040003072,0.169080332871935,0.269106389532886,-1.67942789661212,0.0209205020920502,0.194986103776393,0.317815052902643,0.431902195065859,0.13007684817345,-2.3023454003013,-1.05651039292294
"336",16,"Richmond et al. 2021","NCT04405908","SCB-2019","Protein subunit","ug","30 ug + CpG/Alum","Perth, WA, Australia","Day 0/21","Live SARS-CoV-2 virus","MNT 50",717,213,2417,21,"3 + AS03",NA,"18-54","adult","49","prime",8,"GMT/CI",761,305.7,1879.9,"Figure 5 (95% CI from Bingyi's data)",2.88138465677057,2.8555191556678,0.569177168131131,1.23320040003072,0.201234517641039,0.269106389532886,0.0258655011027726,1.06136680613668,0.194986103776393,0.336026159662677,0.547994287080518,0.14805500548181,-0.632745771836075,0.68447677404162
"337",16,"Richmond et al. 2021","NCT04405908","SCB-2019","Protein subunit","ug","30 ug + CpG/Alum","Perth, WA, Australia","Day 0/21","Live SARS-CoV-2 virus","MNT 50",717,213,2417,21,"3 + AS03",NA,"55-75","elderly","49","prime",8,"GMT/CI",494,109.8,2280.6,"Figure 5 (95% CI from Bingyi's data)",2.69372694892365,2.8555191556678,0.950587297857499,1.23320040003072,0.336083362212417,0.269106389532886,-0.161792206744153,0.688981868898187,0.194986103776393,0.430546484416524,0.920508911028164,0.252594002938159,-1.00566331620054,0.682078902712233
"338",16,"Richmond et al. 2021","NCT04405908","SCB-2019","Protein subunit","ug","30 ug + CpG/Alum","Perth, WA, Australia","Day 0/21","Live SARS-CoV-2 virus","MNT 50",717,213,2417,21,"9 + AS03",NA,"18-54","adult","49","prime",8,"GMT/CI",1174,811.1,1690.3,"Figure 5 (95% CI from Bingyi's data)",3.0696680969116,2.8555191556678,0.230090663432734,1.23320040003072,0.0813493342004989,0.269106389532886,0.214148941243796,1.6373779637378,0.194986103776393,0.281133354588689,0.222617152652813,0.0609185262876785,-0.336872433750036,0.765170316237627
"339",16,"Richmond et al. 2021","NCT04405908","SCB-2019","Protein subunit","ug","30 ug + CpG/Alum","Perth, WA, Australia","Day 0/21","Live SARS-CoV-2 virus","MNT 50",717,213,2417,21,"9 + AS03",NA,"55-75","elderly","49","prime",8,"GMT/CI",1396,467.7,4151.3,"Figure 5 (95% CI from Bingyi's data)",3.14488541828714,2.8555191556678,0.684173973106792,1.23320040003072,0.241892027947578,0.269106389532886,0.289366262619342,1.94700139470014,0.194986103776393,0.361842510039958,0.666279955773439,0.182518201605352,-0.419845057058975,0.99857758229766
"340",16,"Richmond et al. 2021","NCT04405908","SCB-2019","Protein subunit","ug","30 ug + CpG/Alum","Perth, WA, Australia","Day 0/21","Live SARS-CoV-2 virus","MNT 50",717,213,2417,21,"30 + AS03",NA,"18-54","adult","49","prime",8,"GMT/CI",1522,551.1,4141.3,"Figure 5 (95% CI from Bingyi's data)",3.18241465243455,2.8555191556678,0.631999256355094,1.23320040003072,0.223445479936771,0.269106389532886,0.326895496766754,2.12273361227336,0.194986103776393,0.349780118633977,0.601348265134579,0.165598877571535,-0.358673535755842,1.01246452928935
"341",16,"Richmond et al. 2021","NCT04405908","SCB-2019","Protein subunit","ug","30 ug + CpG/Alum","Perth, WA, Australia","Day 0/21","Live SARS-CoV-2 virus","MNT 50",717,213,2417,21,"30 + AS03",NA,"55-75","elderly","49","prime",8,"GMT/CI",830,416.5,1658,"Figure 5 (95% CI from Bingyi's data)",2.91907809237607,2.8555191556678,0.432900526970002,1.23320040003072,0.153053449099859,0.269106389532886,0.0635589367082736,1.15760111576011,0.194986103776393,0.309586186979956,0.415243127812802,0.114086844676021,-0.543229989772441,0.670347863188988
"342",16,"Richmond et al. 2021","NCT04405908","SCB-2019","Protein subunit","ug","30 ug + CpG/Alum","Perth, WA, Australia","Day 0/21","Live SARS-CoV-2 virus","MNT 50",717,213,2417,21,"3 + CpG/Alum",0.1,"18-54","adult","49","prime",8,"GMT/CI",207,71.1,595.4,"Figure 5 (95% CI from Bingyi's data)",2.31597034545692,2.8555191556678,0.66593529373446,1.23320040003072,0.235443681015546,0.269106389532886,-0.539548810210882,0.288702928870293,0.194986103776393,0.35756394647332,0.643924393553815,0.175671846009331,-1.24037414529859,0.161276524876825
"343",16,"Richmond et al. 2021","NCT04405908","SCB-2019","Protein subunit","ug","30 ug + CpG/Alum","Perth, WA, Australia","Day 0/21","Live SARS-CoV-2 virus","MNT 50",717,213,2417,21,"3 + CpG/Alum",0.1,"55-75","elderly","49","prime",8,"GMT/CI",48,14.6,157,"Figure 5 (95% CI from Bingyi's data)",1.68124123737559,2.8555191556678,0.744299729596586,1.23320040003072,0.26314969301653,0.269106389532886,-1.17427791829221,0.0669456066945607,0.194986103776393,0.376385453786566,0.720206154090266,0.198058174508335,-1.91199340771388,-0.436562428870544
"344",16,"Richmond et al. 2021","NCT04405908","SCB-2019","Protein subunit","ug","30 ug + CpG/Alum","Perth, WA, Australia","Day 0/21","Live SARS-CoV-2 virus","MNT 50",717,213,2417,21,"9 + CpG/Alum",0.3,"18-54","adult","49","prime",8,"GMT/CI",453,116.3,1756.9,"Figure 5 (95% CI from Bingyi's data)",2.65609820201283,2.8555191556678,0.850813483529155,1.23320040003072,0.300807991864207,0.269106389532886,-0.199420953654968,0.631799163179916,0.194986103776393,0.403613301139596,0.824419116995344,0.222319633572955,-0.990503023888576,0.59166111657864
"345",16,"Richmond et al. 2021","NCT04405908","SCB-2019","Protein subunit","ug","30 ug + CpG/Alum","Perth, WA, Australia","Day 0/21","Live SARS-CoV-2 virus","MNT 50",717,213,2417,21,"9 + CpG/Alum",0.3,"55-75","elderly","49","prime",7,"GMT/CI",195,77.5,90.8,"Figure 5 (95% CI from Bingyi's data)",2.29003461136252,2.8555191556678,0.0464249348211858,1.23320040003072,0.0175469760241772,0.269106389532886,-0.565484544305282,0.271966527196653,0.194986103776393,0.269677854587688,0.0445813077591109,0.0128475838765215,-1.09405313929715,-0.0369159493134131
"346",16,"Richmond et al. 2021","NCT04405908","SCB-2019","Protein subunit","ug","30 ug + CpG/Alum","Perth, WA, Australia","Day 0/21","Live SARS-CoV-2 virus","MNT 50",717,213,2417,21,"30 + CpG/Alum",1,"18-54","adult","49","prime",7,"GMT/CI",1159,396.8,3389,"Figure 5 (95% CI from Bingyi's data)",3.0640834359636,2.8555191556678,0.628703340778102,1.23320040003072,0.237627526876336,0.269106389532886,0.208564280295796,1.61645746164575,0.194986103776393,0.359005696914115,0.598760342572598,0.176186781593967,-0.495086885655869,0.91221544624746
"347",16,"Richmond et al. 2021","NCT04405908","SCB-2019","Protein subunit","ug","30 ug + CpG/Alum","Perth, WA, Australia","Day 0/21","Live SARS-CoV-2 virus","MNT 50",717,213,2417,21,"30 + CpG/Alum",1,"55-75","elderly","49","prime",8,"GMT/CI",135,46.5,385.5,"Figure 5 (95% CI from Bingyi's data)",2.13033376849501,2.8555191556678,0.662783762042413,1.23320040003072,0.234329446300261,0.269106389532886,-0.725185387172794,0.188284518828452,0.194986103776393,0.356831246236666,0.643582674106971,0.17206318616392,-1.42457462979666,-0.0257961445489289
"348",18,"Li et al. 2021","NCT04523571","BNT162b1","mRNA","ug","30","Jiangsu Province, China","Day 0/21","Live SARS-CoV-2 virus","MNT 50",119.9,70.4,204.6,24,"10",0.33,"18-55","adult","0","prime",24,"GMT/CI",5,5,5,"Figure 2A (95% CI from Bingyi's data)",0.698970004336019,2.07881918309885,0.44734451237116,0.579045590857917,0.0913138162119583,0.118197186284191,-1.37984917876283,0.0417014178482068,0.0853756146189596,0.149361266319923,0.440230822005258,0.0665397183661287,-1.67259726074988,-1.08710109677578
"349",18,"Li et al. 2021","NCT04523571","BNT162b1","mRNA","ug","30","Jiangsu Province, China","Day 0/21","Live SARS-CoV-2 virus","MNT 50",119.9,70.4,204.6,24,"10",0.33,"65-85","elderly","0","prime",24,"GMT/CI",5,5,5,"Figure 2A (95% CI from Bingyi's data)",0.698970004336019,2.07881918309885,0.44734451237116,0.579045590857917,0.0913138162119583,0.118197186284191,-1.37984917876283,0.0417014178482068,0.0853756146189596,0.149361266319923,0.443050638646175,0.0657629394788956,-1.67259726074988,-1.08710109677578
"350",18,"Li et al. 2021","NCT04523571","BNT162b1","mRNA","ug","30","Jiangsu Province, China","Day 0/21","Live SARS-CoV-2 virus","MNT 50",119.9,70.4,204.6,24,"30",1,"18-55","adult","0","prime",24,"GMT/CI",5,5,5,"Figure 2A (95% CI from Bingyi's data)",0.698970004336019,2.07881918309885,0.44734451237116,0.579045590857917,0.0913138162119583,0.118197186284191,-1.37984917876283,0.0417014178482068,0.0853756146189596,0.149361266319923,0.441781516423866,0.0650105735499632,-1.67259726074988,-1.08710109677578
"351",18,"Li et al. 2021","NCT04523571","BNT162b1","mRNA","ug","30","Jiangsu Province, China","Day 0/21","Live SARS-CoV-2 virus","MNT 50",119.9,70.4,204.6,24,"30",1,"65-85","elderly","0","prime",24,"GMT/CI",5,5,5,"Figure 2A (95% CI from Bingyi's data)",0.698970004336019,2.07881918309885,0.44734451237116,0.579045590857917,0.0913138162119583,0.118197186284191,-1.37984917876283,0.0417014178482068,0.0853756146189596,0.149361266319923,0.44175847224934,0.067057108082345,-1.67259726074988,-1.08710109677578
"352",18,"Li et al. 2021","NCT04523571","BNT162b1","mRNA","ug","30","Jiangsu Province, China","Day 0/21","Live SARS-CoV-2 virus","MNT 50",119.9,70.4,204.6,24,"10",0.33,"18-55","adult","21","prime",24,"GMT/CI",18.9,11,33,"Figure 2A (95% CI from Bingyi's data)",1.27646180417324,2.07881918309885,0.596277356887578,0.579045590857917,0.121714605795832,0.118197186284191,-0.802357378925605,0.157631359466222,0.0853756146189596,0.169661486818708,0.591074993471532,0.0858481783738673,-1.13489389309027,-0.469820864760937
"353",18,"Li et al. 2021","NCT04523571","BNT162b1","mRNA","ug","30","Jiangsu Province, China","Day 0/21","Live SARS-CoV-2 virus","MNT 50",119.9,70.4,204.6,24,"10",0.33,"65-85","elderly","21","prime",24,"GMT/CI",7,5,10,"Figure 2A (95% CI from Bingyi's data)",0.845098040014257,2.07881918309885,0.37620912584132,0.579045590857917,0.0767933662408115,0.118197186284191,-1.23372114308459,0.0583819849874896,0.0853756146189596,0.140953169329729,0.372285079353014,0.054956146735385,-1.50998935497086,-0.957452931198323
"354",18,"Li et al. 2021","NCT04523571","BNT162b1","mRNA","ug","30","Jiangsu Province, China","Day 0/21","Live SARS-CoV-2 virus","MNT 50",119.9,70.4,204.6,24,"30",1,"18-55","adult","21","prime",24,"GMT/CI",14.6,10,22,"Figure 2A (95% CI from Bingyi's data)",1.16435285578444,2.07881918309885,0.427939206311384,0.579045590857917,0.0873527246995424,0.118197186284191,-0.914466327314412,0.121768140116764,0.0853756146189596,0.146973036159473,0.426587546349941,0.0642972627944616,-1.20253347818698,-0.626399176441844
"355",18,"Li et al. 2021","NCT04523571","BNT162b1","mRNA","ug","30","Jiangsu Province, China","Day 0/21","Live SARS-CoV-2 virus","MNT 50",119.9,70.4,204.6,24,"30",1,"65-85","elderly","21","prime",24,"GMT/CI",11,7,16,"Figure 2A (95% CI from Bingyi's data)",1.04139268515823,2.07881918309885,0.448683962211661,0.579045590857917,0.0915872302657316,0.118197186284191,-1.03742649794062,0.091743119266055,0.0853756146189596,0.149528577848008,0.44218895381079,0.0648587651088641,-1.33050251052272,-0.744350485358527
"356",18,"Li et al. 2021","NCT04523571","BNT162b1","mRNA","ug","30","Jiangsu Province, China","Day 0/21","Live SARS-CoV-2 virus","MNT 50",119.9,70.4,204.6,24,"10",0.33,"18-55","adult","28","prime",24,"GMT/CI",56.6,32,101,"Figure 2A (95% CI from Bingyi's data)",1.75281643118827,2.07881918309885,0.623834292386091,0.579045590857917,0.127339641699678,0.118197186284191,-0.326002751910577,0.472060050041701,0.0853756146189596,0.173741069392651,0.620545626269408,0.0923062191646441,-0.666535247920174,0.0145297440990194
"357",18,"Li et al. 2021","NCT04523571","BNT162b1","mRNA","ug","30","Jiangsu Province, China","Day 0/21","Live SARS-CoV-2 virus","MNT 50",119.9,70.4,204.6,24,"10",0.33,"65-85","elderly","28","prime",24,"GMT/CI",14.4,9,24,"Figure 2A (95% CI from Bingyi's data)",1.15836249209525,2.07881918309885,0.532350020636381,0.579045590857917,0.108665492926602,0.118197186284191,-0.920456691003599,0.120100083402836,0.0853756146189596,0.160557666271285,0.529457796632677,0.0781079183660521,-1.23514971689532,-0.605763665111881
"358",18,"Li et al. 2021","NCT04523571","BNT162b1","mRNA","ug","30","Jiangsu Province, China","Day 0/21","Live SARS-CoV-2 virus","MNT 50",119.9,70.4,204.6,24,"30",1,"18-55","adult","28","prime",24,"GMT/CI",119.9,81,173,"Figure 2A (95% CI from Bingyi's data)",2.07881918309885,2.07881918309885,0.411865558924099,0.579045590857917,0.0840717051658535,0.118197186284191,0,1,0.0853756146189596,0.145046980165028,0.407026969421581,0.0606757574954595,-0.284292081123455,0.284292081123455
"359",18,"Li et al. 2021","NCT04523571","BNT162b1","mRNA","ug","30","Jiangsu Province, China","Day 0/21","Live SARS-CoV-2 virus","MNT 50",119.9,70.4,204.6,24,"30",1,"65-85","elderly","28","prime",24,"GMT/CI",49.4,26,92,"Figure 2A (95% CI from Bingyi's data)",1.69372694892365,2.07881918309885,0.685875223428219,0.579045590857917,0.140003693718045,0.118197186284191,-0.385092234175202,0.412010008340283,0.0853756146189596,0.183225568904004,0.679690134113271,0.102191154557528,-0.74421434922705,-0.0259701191233536
"360",18,"Li et al. 2021","NCT04523571","BNT162b1","mRNA","ug","30","Jiangsu Province, China","Day 0/21","Live SARS-CoV-2 virus","MNT 50",119.9,70.4,204.6,24,"10",0.33,"18-55","adult","42","prime",24,"GMT/CI",232.9,163,359,"Figure 2A (95% CI from Bingyi's data)",2.36716948853468,2.07881918309885,0.428544284456759,0.579045590857917,0.0874762357587657,0.118197186284191,0.288350305435832,1.94245204336947,0.0853756146189596,0.147046477917776,0.423246634539879,0.0637811547577856,0.000139208716991357,0.576561402154673
"361",18,"Li et al. 2021","NCT04523571","BNT162b1","mRNA","ug","30","Jiangsu Province, China","Day 0/21","Live SARS-CoV-2 virus","MNT 50",119.9,70.4,204.6,24,"10",0.33,"65-85","elderly","42","prime",24,"GMT/CI",80,50,131,"Figure 2A (95% CI from Bingyi's data)",1.90308998699194,2.07881918309885,0.522767715551365,0.579045590857917,0.106709513091772,0.118197186284191,-0.175729196106905,0.667222685571309,0.0853756146189596,0.159240368719062,0.515425888818023,0.0780460414522569,-0.487840318796267,0.136381926582456
"362",18,"Li et al. 2021","NCT04523571","BNT162b1","mRNA","ug","30","Jiangsu Province, China","Day 0/21","Live SARS-CoV-2 virus","MNT 50",119.9,70.4,204.6,24,"30",1,"18-55","adult","42","prime",24,"GMT/CI",254,185,349,"Figure 2A (95% CI from Bingyi's data)",2.40483371661994,2.07881918309885,0.344495360802844,0.579045590857917,0.0703198210602464,0.118197186284191,0.326014533521089,2.11843202668891,0.0853756146189596,0.137533458036381,0.341244862729091,0.0499921991144616,0.0564489557697834,0.595580111272395
"363",18,"Li et al. 2021","NCT04523571","BNT162b1","mRNA","ug","30","Jiangsu Province, China","Day 0/21","Live SARS-CoV-2 virus","MNT 50",119.9,70.4,204.6,24,"30",1,"65-85","elderly","42","prime",24,"GMT/CI",160,96,263,"Figure 2A (95% CI from Bingyi's data)",2.20411998265592,2.07881918309885,0.546991699576666,0.579045590857917,0.111654213125048,0.118197186284191,0.125300799557076,1.33444537114262,0.0853756146189596,0.162595320209634,0.540891224079721,0.0798165299280622,-0.193386028053807,0.443987627167959
"364",18,"Li et al. 2021","NCT04523571","BNT162b1","mRNA","ug","30","Jiangsu Province, China","Day 0/21","Live SARS-CoV-2 virus","MNT 50",119.9,70.4,204.6,24,"10",0.33,"18-55","adult","7","prime",24,"GMT/CI",5,5,5,"Figure 2A (95% CI from Bingyi's data)",0.698970004336019,2.07881918309885,0.44734451237116,0.579045590857917,0.0913138162119583,0.118197186284191,-1.37984917876283,0.0417014178482068,0.0853756146189596,0.149361266319923,0.443489653464215,0.0658250060455398,-1.67259726074988,-1.08710109677578
"365",18,"Li et al. 2021","NCT04523571","BNT162b1","mRNA","ug","30","Jiangsu Province, China","Day 0/21","Live SARS-CoV-2 virus","MNT 50",119.9,70.4,204.6,24,"30",1,"18-55","adult","7","prime",24,"GMT/CI",5,5,5,"Figure 2A (95% CI from Bingyi's data)",0.698970004336019,2.07881918309885,0.44734451237116,0.579045590857917,0.0913138162119583,0.118197186284191,-1.37984917876283,0.0417014178482068,0.0853756146189596,0.149361266319923,0.442246757573495,0.0669973265077325,-1.67259726074988,-1.08710109677578
"366",19,"Ward et al. 2021","NCT04450004","CoVLP","Virus-like particle","Virus-like particle","3.75 ug + AS03","Quebec, Canada","Day 0/21","Pseudo virus","PsVNA IC50",199.8,108.5,364.3,35,"3.75",NA,"18-55","adult","0","prime",20,"GMT/CI",5,5,5,"Table S12",0.698970004336019,2.30059548388996,0.44734451237116,0.793885738322971,0.100029273902341,0.13419118190239,-1.60162547955394,0.025025025025025,0.0962727868757962,0.167371230914365,0.440748152100005,0.0733573300377838,-1.9296730921461,-1.27357786696179
"367",19,"Ward et al. 2021","NCT04450004","CoVLP","Virus-like particle","Virus-like particle","3.75 ug + AS03","Quebec, Canada","Day 0/21","Pseudo virus","PsVNA IC50",199.8,108.5,364.3,35,"3.75 + CpG 1018",NA,"18-55","adult","0","prime",20,"GMT/CI",5,5,5,"Table S12",0.698970004336019,2.30059548388996,0.44734451237116,0.793885738322971,0.100029273902341,0.13419118190239,-1.60162547955394,0.025025025025025,0.0962727868757962,0.167371230914365,0.440091843058059,0.0714842015206978,-1.9296730921461,-1.27357786696179
"368",19,"Ward et al. 2021","NCT04450004","CoVLP","Virus-like particle","Virus-like particle","3.75 ug + AS03","Quebec, Canada","Day 0/21","Pseudo virus","PsVNA IC50",199.8,108.5,364.3,35,"3.75 + AS03",1,"18-55","adult","0","prime",20,"GMT/CI",5,5,5,"Table S12",0.698970004336019,2.30059548388996,0.44734451237116,0.793885738322971,0.100029273902341,0.13419118190239,-1.60162547955394,0.025025025025025,0.0962727868757962,0.167371230914365,0.44133145065768,0.0709976947833086,-1.9296730921461,-1.27357786696179
"369",19,"Ward et al. 2021","NCT04450004","CoVLP","Virus-like particle","Virus-like particle","3.75 ug + AS03","Quebec, Canada","Day 0/21","Pseudo virus","PsVNA IC50",199.8,108.5,364.3,35,"7.5",NA,"18-55","adult","0","prime",20,"GMT/CI",5,5,5,"Table S12",0.698970004336019,2.30059548388996,0.44734451237116,0.793885738322971,0.100029273902341,0.13419118190239,-1.60162547955394,0.025025025025025,0.0962727868757962,0.167371230914365,0.443925691607167,0.0718345725600275,-1.9296730921461,-1.27357786696179
"370",19,"Ward et al. 2021","NCT04450004","CoVLP","Virus-like particle","Virus-like particle","3.75 ug + AS03","Quebec, Canada","Day 0/21","Pseudo virus","PsVNA IC50",199.8,108.5,364.3,35,"7.5 + CpG 1018",NA,"18-55","adult","0","prime",20,"GMT/CI",5,5,5,"Table S12",0.698970004336019,2.30059548388996,0.44734451237116,0.793885738322971,0.100029273902341,0.13419118190239,-1.60162547955394,0.025025025025025,0.0962727868757962,0.167371230914365,0.439485232403986,0.0727070195212718,-1.9296730921461,-1.27357786696179
"371",19,"Ward et al. 2021","NCT04450004","CoVLP","Virus-like particle","Virus-like particle","3.75 ug + AS03","Quebec, Canada","Day 0/21","Pseudo virus","PsVNA IC50",199.8,108.5,364.3,35,"7.5 + AS03",2,"18-55","adult","0","prime",20,"GMT/CI",5,5,5,"Table S12",0.698970004336019,2.30059548388996,0.44734451237116,0.793885738322971,0.100029273902341,0.13419118190239,-1.60162547955394,0.025025025025025,0.0962727868757962,0.167371230914365,0.443447372555652,0.071723004938807,-1.9296730921461,-1.27357786696179
"372",19,"Ward et al. 2021","NCT04450004","CoVLP","Virus-like particle","Virus-like particle","3.75 ug + AS03","Quebec, Canada","Day 0/21","Pseudo virus","PsVNA IC50",199.8,108.5,364.3,35,"15",NA,"18-55","adult","0","prime",20,"GMT/CI",5,5,5,"Table S12",0.698970004336019,2.30059548388996,0.44734451237116,0.793885738322971,0.100029273902341,0.13419118190239,-1.60162547955394,0.025025025025025,0.0962727868757962,0.167371230914365,0.443942513717403,0.0714751421494419,-1.9296730921461,-1.27357786696179
"373",19,"Ward et al. 2021","NCT04450004","CoVLP","Virus-like particle","Virus-like particle","3.75 ug + AS03","Quebec, Canada","Day 0/21","Pseudo virus","PsVNA IC50",199.8,108.5,364.3,35,"15 + CpG 1018",NA,"18-55","adult","0","prime",20,"GMT/CI",5,5,5,"Table S12",0.698970004336019,2.30059548388996,0.44734451237116,0.793885738322971,0.100029273902341,0.13419118190239,-1.60162547955394,0.025025025025025,0.0962727868757962,0.167371230914365,0.442708954172552,0.069164310185869,-1.9296730921461,-1.27357786696179
"374",19,"Ward et al. 2021","NCT04450004","CoVLP","Virus-like particle","Virus-like particle","3.75 ug + AS03","Quebec, Canada","Day 0/21","Pseudo virus","PsVNA IC50",199.8,108.5,364.3,35,"15 + AS03",4,"18-55","adult","0","prime",20,"GMT/CI",5,5,5,"Table S12",0.698970004336019,2.30059548388996,0.44734451237116,0.793885738322971,0.100029273902341,0.13419118190239,-1.60162547955394,0.025025025025025,0.0962727868757962,0.167371230914365,0.442074454735663,0.0733112547383348,-1.9296730921461,-1.27357786696179
"375",19,"Ward et al. 2021","NCT04450004","CoVLP","Virus-like particle","Virus-like particle","3.75 ug + AS03","Quebec, Canada","Day 0/21","Live SARS-CoV-2 virus","PRNT 50",58.3,35.1,96.8,35,"3.75",NA,"18-55","adult","0","prime",20,"GMT/CI",5.2,4.8,5.6,"Table S13",0.716003343634799,1.76566855475901,0.0763763124946067,0.66490736293992,0.0170782626608707,0.112389857357798,-1.04966521112421,0.0891938250428817,0.0806318614309467,0.113680020638721,0.075143478892135,0.0123309729963437,-1.27247805157611,-0.826852370672322
"376",19,"Ward et al. 2021","NCT04450004","CoVLP","Virus-like particle","Virus-like particle","3.75 ug + AS03","Quebec, Canada","Day 0/21","Live SARS-CoV-2 virus","PRNT 50",58.3,35.1,96.8,35,"3.75 + CpG 1018",NA,"18-55","adult","0","prime",20,"GMT/CI",5.2,4.8,5.6,"Table S13",0.716003343634799,1.76566855475901,0.0763763124946067,0.66490736293992,0.0170782626608707,0.112389857357798,-1.04966521112421,0.0891938250428817,0.0806318614309467,0.113680020638721,0.0754207706721363,0.0123690098427317,-1.27247805157611,-0.826852370672322
"377",19,"Ward et al. 2021","NCT04450004","CoVLP","Virus-like particle","Virus-like particle","3.75 ug + AS03","Quebec, Canada","Day 0/21","Live SARS-CoV-2 virus","PRNT 50",58.3,35.1,96.8,35,"3.75 + AS03",1,"18-55","adult","0","prime",20,"GMT/CI",5,5,5,"Table S13",0.698970004336019,1.76566855475901,0.44734451237116,0.66490736293992,0.100029273902341,0.112389857357798,-1.066698550423,0.0857632933104631,0.0806318614309467,0.150457089146161,0.439766120713048,0.069111644255568,-1.36159444514947,-0.77180265569652
"378",19,"Ward et al. 2021","NCT04450004","CoVLP","Virus-like particle","Virus-like particle","3.75 ug + AS03","Quebec, Canada","Day 0/21","Live SARS-CoV-2 virus","PRNT 50",58.3,35.1,96.8,35,"7.5",NA,"18-55","adult","0","prime",20,"GMT/CI",5.5,4.9,6.2,"Table S13",0.740362689494244,1.76566855475901,0.116589964171612,0.66490736293992,0.026070308538199,0.112389857357798,-1.02530586526477,0.0943396226415094,0.0806318614309467,0.115373918301248,0.115470108575402,0.0185116102794841,-1.25143874513522,-0.799172985394323
"379",19,"Ward et al. 2021","NCT04450004","CoVLP","Virus-like particle","Virus-like particle","3.75 ug + AS03","Quebec, Canada","Day 0/21","Live SARS-CoV-2 virus","PRNT 50",58.3,35.1,96.8,35,"7.5 + CpG 1018",NA,"18-55","adult","0","prime",20,"GMT/CI",5.2,4.8,5.6,"Table S13",0.716003343634799,1.76566855475901,0.0763763124946067,0.66490736293992,0.0170782626608707,0.112389857357798,-1.04966521112421,0.0891938250428817,0.0806318614309467,0.113680020638721,0.0754755466207505,0.0123288930373788,-1.27247805157611,-0.826852370672322
"380",19,"Ward et al. 2021","NCT04450004","CoVLP","Virus-like particle","Virus-like particle","3.75 ug + AS03","Quebec, Canada","Day 0/21","Live SARS-CoV-2 virus","PRNT 50",58.3,35.1,96.8,35,"7.5 + AS03",2,"18-55","adult","0","prime",20,"GMT/CI",5.4,4.9,5.9,"Table S13",0.732393759822969,1.76566855475901,0.0920164009574756,0.66490736293992,0.0205754927585792,0.112389857357798,-1.03327479493605,0.0926243567753002,0.0806318614309467,0.114257739077774,0.0906207150644506,0.0150940888411453,-1.25721996352848,-0.809329626343609
"381",19,"Ward et al. 2021","NCT04450004","CoVLP","Virus-like particle","Virus-like particle","3.75 ug + AS03","Quebec, Canada","Day 0/21","Live SARS-CoV-2 virus","PRNT 50",58.3,35.1,96.8,35,"15",NA,"18-55","adult","0","prime",20,"GMT/CI",5.2,4.8,5.6,"Table S13",0.716003343634799,1.76566855475901,0.0763763124946067,0.66490736293992,0.0170782626608707,0.112389857357798,-1.04966521112421,0.0891938250428817,0.0806318614309467,0.113680020638721,0.0750682061880805,0.0119668480066334,-1.27247805157611,-0.826852370672322
"382",19,"Ward et al. 2021","NCT04450004","CoVLP","Virus-like particle","Virus-like particle","3.75 ug + AS03","Quebec, Canada","Day 0/21","Live SARS-CoV-2 virus","PRNT 50",58.3,35.1,96.8,35,"15 + CpG 1018",NA,"18-55","adult","0","prime",20,"GMT/CI",5.2,4.8,5.6,"Table S13",0.716003343634799,1.76566855475901,0.0763763124946067,0.66490736293992,0.0170782626608707,0.112389857357798,-1.04966521112421,0.0891938250428817,0.0806318614309467,0.113680020638721,0.0752245870535075,0.012447910418125,-1.27247805157611,-0.826852370672322
"383",19,"Ward et al. 2021","NCT04450004","CoVLP","Virus-like particle","Virus-like particle","3.75 ug + AS03","Quebec, Canada","Day 0/21","Live SARS-CoV-2 virus","PRNT 50",58.3,35.1,96.8,35,"15 + AS03",4,"18-55","adult","0","prime",20,"GMT/CI",5.4,4.6,6.2,"Table S13",0.732393759822969,1.76566855475901,0.147892917481448,0.66490736293992,0.0330698616879285,0.112389857357798,-1.03327479493605,0.0926243567753002,0.0806318614309467,0.117154153955227,0.14576701479372,0.0237090802828169,-1.26289693668829,-0.803652653183801
"384",19,"Ward et al. 2021","NCT04450004","CoVLP","Virus-like particle","Virus-like particle","3.75 ug + AS03","Quebec, Canada","Day 0/21","Pseudo virus","PsVNA IC50",199.8,108.5,364.3,35,"3.75",NA,"18-55","adult","21","prime",20,"GMT/CI",5,3.2,7.7,"Table S12",0.698970004336019,2.30059548388996,0.435052975792295,0.793885738322971,0.0972808027685142,0.13419118190239,-1.60162547955394,0.025025025025025,0.0962727868757962,0.165743258950845,0.428767678118534,0.0682339512778101,-1.9264822670976,-1.27676869201029
"385",19,"Ward et al. 2021","NCT04450004","CoVLP","Virus-like particle","Virus-like particle","3.75 ug + AS03","Quebec, Canada","Day 0/21","Pseudo virus","PsVNA IC50",199.8,108.5,364.3,35,"3.75 + CpG 1018",NA,"18-55","adult","21","prime",20,"GMT/CI",5.4,3.5,8.3,"Table S12",0.732393759822969,2.30059548388996,0.427830591648544,0.793885738322971,0.0956658285780098,0.13419118190239,-1.568201724067,0.027027027027027,0.0962727868757962,0.16480055842708,0.425552903134954,0.0692007395959796,-1.89121081858407,-1.24519262954992
"386",19,"Ward et al. 2021","NCT04450004","CoVLP","Virus-like particle","Virus-like particle","3.75 ug + AS03","Quebec, Canada","Day 0/21","Pseudo virus","PsVNA IC50",199.8,108.5,364.3,35,"3.75 + AS03",1,"18-55","adult","21","prime",20,"GMT/CI",41.6,27,64.1,"Table S12",1.61909333062674,2.30059548388996,0.428383011482615,0.793885738322971,0.0957893534081199,0.13419118190239,-0.681502153263221,0.208208208208208,0.0962727868757962,0.164872294600111,0.423895409563725,0.067658578650694,-1.00465185067944,-0.358352455847002
"387",19,"Ward et al. 2021","NCT04450004","CoVLP","Virus-like particle","Virus-like particle","3.75 ug + AS03","Quebec, Canada","Day 0/21","Pseudo virus","PsVNA IC50",199.8,108.5,364.3,35,"7.5",NA,"18-55","adult","21","prime",20,"GMT/CI",5,3.2,7.7,"Table S12",0.698970004336019,2.30059548388996,0.435052975792295,0.793885738322971,0.0972808027685142,0.13419118190239,-1.60162547955394,0.025025025025025,0.0962727868757962,0.165743258950845,0.426884947440583,0.0702823729355505,-1.9264822670976,-1.27676869201029
"388",19,"Ward et al. 2021","NCT04450004","CoVLP","Virus-like particle","Virus-like particle","3.75 ug + AS03","Quebec, Canada","Day 0/21","Pseudo virus","PsVNA IC50",199.8,108.5,364.3,35,"7.5 + CpG 1018",NA,"18-55","adult","21","prime",19,"GMT/CI",5.7,3.6,8.8,"Table S12",0.755874855672491,2.30059548388996,0.431642382383745,0.793885738322971,0.0990255539242045,0.13419118190239,-1.54472062821747,0.0285285285285285,0.0962727868757962,0.166773300112325,0.423420188743032,0.0706024938008293,-1.87159629643763,-1.21784495999731
"389",19,"Ward et al. 2021","NCT04450004","CoVLP","Virus-like particle","Virus-like particle","3.75 ug + AS03","Quebec, Canada","Day 0/21","Pseudo virus","PsVNA IC50",199.8,108.5,364.3,35,"7.5 + AS03",2,"18-55","adult","21","prime",19,"GMT/CI",37.8,24.3,58.9,"Table S12",1.57749179983723,2.30059548388996,0.427560195469815,0.793885738322971,0.0980890360175484,0.13419118190239,-0.723103684052738,0.189189189189189,0.0962727868757962,0.166218928787344,0.421107967462707,0.0698381356662252,-1.04889278447593,-0.397314583629544
"390",19,"Ward et al. 2021","NCT04450004","CoVLP","Virus-like particle","Virus-like particle","3.75 ug + AS03","Quebec, Canada","Day 0/21","Pseudo virus","PsVNA IC50",199.8,108.5,364.3,35,"15",NA,"18-55","adult","21","prime",19,"GMT/CI",5,3.2,7.8,"Table S12",0.698970004336019,2.30059548388996,0.430268498565724,0.793885738322971,0.0987103633598404,0.13419118190239,-1.60162547955394,0.025025025025025,0.0962727868757962,0.166586341381855,0.425636761481698,0.0717591219864629,-1.92813470866238,-1.27511625044551
"391",19,"Ward et al. 2021","NCT04450004","CoVLP","Virus-like particle","Virus-like particle","3.75 ug + AS03","Quebec, Canada","Day 0/21","Pseudo virus","PsVNA IC50",199.8,108.5,364.3,35,"15 + CpG 1018",NA,"18-55","adult","21","prime",18,"GMT/CI",5.5,3.5,8.7,"Table S12",0.740362689494244,2.30059548388996,0.427999333155549,0.793885738322971,0.100880410272536,0.13419118190239,-1.56023279439572,0.0275275275275275,0.0962727868757962,0.167881298771232,0.420963044670727,0.0740489689084604,-1.88928013998733,-1.23118544880411
"392",19,"Ward et al. 2021","NCT04450004","CoVLP","Virus-like particle","Virus-like particle","3.75 ug + AS03","Quebec, Canada","Day 0/21","Pseudo virus","PsVNA IC50",199.8,108.5,364.3,35,"15 + AS03",4,"18-55","adult","21","prime",20,"GMT/CI",23.6,15.3,36.4,"Table S12",1.37291200297011,2.30059548388996,0.429427674458483,0.793885738322971,0.0960229471508819,0.13419118190239,-0.927683480919857,0.118118118118118,0.0962727868757962,0.165008120042322,0.421669487897534,0.0691686788276663,-1.25109939620281,-0.604267565636906
"393",19,"Ward et al. 2021","NCT04450004","CoVLP","Virus-like particle","Virus-like particle","3.75 ug + AS03","Quebec, Canada","Day 0/21","Live SARS-CoV-2 virus","PRNT 50",58.3,35.1,96.8,35,"3.75",NA,"18-55","adult","21","prime",20,"GMT/CI",5.5,4.7,6.5,"Table S13",0.740362689494244,1.76566855475901,0.160649503772803,0.66490736293992,0.0359223210987597,0.112389857357798,-1.02530586526477,0.0943396226415094,0.0806318614309467,0.117991072501392,0.158592534081544,0.0259216268354616,-1.2565683673675,-0.794043363162043
"394",19,"Ward et al. 2021","NCT04450004","CoVLP","Virus-like particle","Virus-like particle","3.75 ug + AS03","Quebec, Canada","Day 0/21","Live SARS-CoV-2 virus","PRNT 50",58.3,35.1,96.8,35,"3.75 + CpG 1018",NA,"18-55","adult","21","prime",20,"GMT/CI",6.8,5.2,8.9,"Table S13",0.832508912706236,1.76566855475901,0.266259409965536,0.66490736293992,0.0595374140331922,0.112389857357798,-0.933159642052778,0.11663807890223,0.0806318614309467,0.127185626965731,0.26282548561299,0.0440494126451615,-1.18244347090561,-0.683875813199946
"395",19,"Ward et al. 2021","NCT04450004","CoVLP","Virus-like particle","Virus-like particle","3.75 ug + AS03","Quebec, Canada","Day 0/21","Live SARS-CoV-2 virus","PRNT 50",58.3,35.1,96.8,35,"3.75 + AS03",1,"18-55","adult","21","prime",20,"GMT/CI",29.3,17.3,49.7,"Table S13",1.46686762035411,1.76566855475901,0.522863751734228,0.66490736293992,0.116915889184831,0.112389857357798,-0.298800934404905,0.502572898799314,0.0806318614309467,0.16217522986198,0.519592559992949,0.083953977405569,-0.616664384934384,0.0190625161245753
"396",19,"Ward et al. 2021","NCT04450004","CoVLP","Virus-like particle","Virus-like particle","3.75 ug + AS03","Quebec, Canada","Day 0/21","Live SARS-CoV-2 virus","PRNT 50",58.3,35.1,96.8,35,"7.5",NA,"18-55","adult","21","prime",20,"GMT/CI",6.2,4.6,8.3,"Table S13",0.792391689498254,1.76566855475901,0.292423228022127,0.66490736293992,0.0653878216057398,0.112389857357798,-0.97327686526076,0.106346483704974,0.0806318614309467,0.130027101987433,0.28981983994518,0.0455864737955968,-1.22812998515613,-0.718423745365391
"397",19,"Ward et al. 2021","NCT04450004","CoVLP","Virus-like particle","Virus-like particle","3.75 ug + AS03","Quebec, Canada","Day 0/21","Live SARS-CoV-2 virus","PRNT 50",58.3,35.1,96.8,35,"7.5 + CpG 1018",NA,"18-55","adult","21","prime",20,"GMT/CI",6.8,5.2,8.9,"Table S13",0.832508912706236,1.76566855475901,0.266259409965536,0.66490736293992,0.0595374140331922,0.112389857357798,-0.933159642052778,0.11663807890223,0.0806318614309467,0.127185626965731,0.262401174754903,0.0435559362707043,-1.18244347090561,-0.683875813199946
"398",19,"Ward et al. 2021","NCT04450004","CoVLP","Virus-like particle","Virus-like particle","3.75 ug + AS03","Quebec, Canada","Day 0/21","Live SARS-CoV-2 virus","PRNT 50",58.3,35.1,96.8,35,"7.5 + AS03",2,"18-55","adult","21","prime",20,"GMT/CI",29.8,16.9,52.7,"Table S13",1.47421626407626,1.76566855475901,0.563493591740617,0.66490736293992,0.126000997601753,0.112389857357798,-0.291452290682759,0.51114922813036,0.0806318614309467,0.168842327138497,0.553018012219413,0.0915193718904761,-0.622383251874213,0.0394786705086957
"399",19,"Ward et al. 2021","NCT04450004","CoVLP","Virus-like particle","Virus-like particle","3.75 ug + AS03","Quebec, Canada","Day 0/21","Live SARS-CoV-2 virus","PRNT 50",58.3,35.1,96.8,35,"15",NA,"18-55","adult","21","prime",20,"GMT/CI",5.4,4.9,5.9,"Table S13",0.732393759822969,1.76566855475901,0.0920164009574756,0.66490736293992,0.0205754927585792,0.112389857357798,-1.03327479493605,0.0926243567753002,0.0806318614309467,0.114257739077774,0.0903848823188915,0.0151495172334665,-1.25721996352848,-0.809329626343609
"400",19,"Ward et al. 2021","NCT04450004","CoVLP","Virus-like particle","Virus-like particle","3.75 ug + AS03","Quebec, Canada","Day 0/21","Live SARS-CoV-2 virus","PRNT 50",58.3,35.1,96.8,35,"15 + CpG 1018",NA,"18-55","adult","21","prime",19,"GMT/CI",6.6,5.2,8.4,"Table S13",0.819543935541869,1.76566855475901,0.231595353421007,0.66490736293992,0.0531316179660925,0.112389857357798,-0.946124619217145,0.113207547169811,0.0806318614309467,0.12431592361641,0.228705369701015,0.0381974500523869,-1.18978382950531,-0.702465408928982
"401",19,"Ward et al. 2021","NCT04450004","CoVLP","Virus-like particle","Virus-like particle","3.75 ug + AS03","Quebec, Canada","Day 0/21","Live SARS-CoV-2 virus","PRNT 50",58.3,35.1,96.8,35,"15 + AS03",4,"18-55","adult","21","prime",20,"GMT/CI",21.1,11.6,38.4,"Table S13",1.32428245529769,1.76566855475901,0.593097904825072,0.66490736293992,0.132620723250156,0.112389857357798,-0.441386099461321,0.361921097770154,0.0806318614309467,0.173838247437958,0.584829639444125,0.0958987649907658,-0.78210906443972,-0.100663134482923
"402",19,"Ward et al. 2021","NCT04450004","CoVLP","Virus-like particle","Virus-like particle","3.75 ug + AS03","Quebec, Canada","Day 0/21","Pseudo virus","PsVNA IC50",199.8,108.5,364.3,35,"3.75",NA,"18-55","adult","42","prime",20,"GMT/CI",7.9,4.7,13.2,"Table S12",0.897627091290441,2.30059548388996,0.511644380670506,0.793885738322971,0.114407161548503,0.13419118190239,-1.40296839259952,0.0395395395395395,0.0962727868757962,0.176341350550418,0.504358386097901,0.0812458296452983,-1.74859743967834,-1.0573393455207
"403",19,"Ward et al. 2021","NCT04450004","CoVLP","Virus-like particle","Virus-like particle","3.75 ug + AS03","Quebec, Canada","Day 0/21","Pseudo virus","PsVNA IC50",199.8,108.5,364.3,35,"3.75 + CpG 1018",NA,"18-55","adult","42","prime",19,"GMT/CI",71.3,42,121.2,"Table S12",1.85308952985187,2.30059548388996,0.511785140669342,0.793885738322971,0.117411563630706,0.13419118190239,-0.447505954038098,0.356856856856857,0.0962727868757962,0.178305211854751,0.502582762659702,0.0841990431769706,-0.796984169273409,-0.0980277388027869
"404",19,"Ward et al. 2021","NCT04450004","CoVLP","Virus-like particle","Virus-like particle","3.75 ug + AS03","Quebec, Canada","Day 0/21","Pseudo virus","PsVNA IC50",199.8,108.5,364.3,35,"3.75 + AS03",1,"18-55","adult","42","prime",18,"GMT/CI",2118.3,1228.7,3651.9,"Table S12",3.32598746621444,2.30059548388996,0.51200990717056,0.793885738322971,0.120681892464999,0.13419118190239,1.02539198232448,10.6021021021021,0.0962727868757962,0.180475462235989,0.505870344500991,0.0876428807942884,0.67166007634194,1.37912388830702
"405",19,"Ward et al. 2021","NCT04450004","CoVLP","Virus-like particle","Virus-like particle","3.75 ug + AS03","Quebec, Canada","Day 0/21","Pseudo virus","PsVNA IC50",199.8,108.5,364.3,35,"7.5",NA,"18-55","adult","42","prime",20,"GMT/CI",9.8,5.9,16.5,"Table S12",0.991226075692495,2.30059548388996,0.509540490894165,0.793885738322971,0.113936717492796,0.13419118190239,-1.30936940819747,0.049049049049049,0.0962727868757962,0.176036498753507,0.504087821665281,0.0854720645854439,-1.65440094575434,-0.964337870640595
"406",19,"Ward et al. 2021","NCT04450004","CoVLP","Virus-like particle","Virus-like particle","3.75 ug + AS03","Quebec, Canada","Day 0/21","Pseudo virus","PsVNA IC50",199.8,108.5,364.3,35,"7.5 + CpG 1018",NA,"18-55","adult","42","prime",19,"GMT/CI",112.2,66,190.6,"Table S12",2.04999285692014,2.30059548388996,0.512147230988709,0.793885738322971,0.117494632847051,0.13419118190239,-0.250602626969821,0.561561561561561,0.0962727868757962,0.178359922763561,0.504357966083849,0.0860107414650663,-0.600188075586401,0.0989828216467586
"407",19,"Ward et al. 2021","NCT04450004","CoVLP","Virus-like particle","Virus-like particle","3.75 ug + AS03","Quebec, Canada","Day 0/21","Pseudo virus","PsVNA IC50",199.8,108.5,364.3,35,"7.5 + AS03",2,"18-55","adult","42","prime",20,"GMT/CI",1883.8,1123.7,3158.1,"Table S12",3.2750347925614,2.30059548388996,0.511985978296176,0.793885738322971,0.114483545099698,0.13419118190239,0.974439308671432,9.42842842842843,0.0962727868757962,0.176390916429829,0.504241885647589,0.082787308853319,0.628713112468968,1.3201655048739
"408",19,"Ward et al. 2021","NCT04450004","CoVLP","Virus-like particle","Virus-like particle","3.75 ug + AS03","Quebec, Canada","Day 0/21","Pseudo virus","PsVNA IC50",199.8,108.5,364.3,35,"15",NA,"18-55","adult","42","prime",20,"GMT/CI",11.2,6.7,18.7,"Table S12",1.04921802267018,2.30059548388996,0.508553507902744,0.793885738322971,0.113716021386651,0.13419118190239,-1.25137746121978,0.056056056056056,0.0962727868757962,0.17589373729718,0.502973982862941,0.0826618640623431,-1.59612918632226,-0.906625736117308
"409",19,"Ward et al. 2021","NCT04450004","CoVLP","Virus-like particle","Virus-like particle","3.75 ug + AS03","Quebec, Canada","Day 0/21","Pseudo virus","PsVNA IC50",199.8,108.5,364.3,35,"15 + CpG 1018",NA,"18-55","adult","42","prime",16,"GMT/CI",118.1,66.3,210.5,"Table S12",2.07224989761351,2.30059548388996,0.511978134456035,0.793885738322971,0.127994533614009,0.13419118190239,-0.228345586276449,0.591091091091091,0.0962727868757962,0.185445069860128,0.500852915363278,0.0937804083104083,-0.5918179232023,0.135126750649403
"410",19,"Ward et al. 2021","NCT04450004","CoVLP","Virus-like particle","Virus-like particle","3.75 ug + AS03","Quebec, Canada","Day 0/21","Pseudo virus","PsVNA IC50",199.8,108.5,364.3,35,"15 + AS03",4,"18-55","adult","42","prime",20,"GMT/CI",1200.9,716.3,2013.2,"Table S12",3.07950684482477,2.30059548388996,0.512004772419762,0.793885738322971,0.11448774759349,0.13419118190239,0.778911360934804,6.01051051051051,0.0962727868757962,0.176393644016418,0.50296579815102,0.0838889673140992,0.433179818662625,1.12464290320698
"411",19,"Ward et al. 2021","NCT04450004","CoVLP","Virus-like particle","Virus-like particle","3.75 ug + AS03","Quebec, Canada","Day 0/21","Live SARS-CoV-2 virus","PRNT 50",58.3,35.1,96.8,35,"3.75",NA,"18-55","adult","42","prime",20,"GMT/CI",7.2,5.3,9.7,"Table S13",0.857332496431269,1.76566855475901,0.299468672043135,0.66490736293992,0.066963230782004,0.112389857357798,-0.908336058327746,0.123499142367067,0.0806318614309467,0.13082642819274,0.295868578314309,0.0478443419183325,-1.16475585758552,-0.651916259069975
"412",19,"Ward et al. 2021","NCT04450004","CoVLP","Virus-like particle","Virus-like particle","3.75 ug + AS03","Quebec, Canada","Day 0/21","Live SARS-CoV-2 virus","PRNT 50",58.3,35.1,96.8,35,"3.75 + CpG 1018",NA,"18-55","adult","42","prime",20,"GMT/CI",56.6,26.8,119.5,"Table S13",1.75281643118827,1.76566855475901,0.740678250005452,0.66490736293992,0.165620691646777,0.112389857357798,-0.0128521235707426,0.970840480274443,0.0806318614309467,0.200154174421777,0.734856766180799,0.121542300041215,-0.405154305437426,0.379450058295941
"413",19,"Ward et al. 2021","NCT04450004","CoVLP","Virus-like particle","Virus-like particle","3.75 ug + AS03","Quebec, Canada","Day 0/21","Live SARS-CoV-2 virus","PRNT 50",58.3,35.1,96.8,35,"3.75 + AS03",1,"18-55","adult","42","prime",19,"GMT/CI",811.3,496,1327,"Table S13",2.90918147597785,1.76566855475901,0.475241462882987,0.66490736293992,0.10902786897302,0.112389857357798,1.14351292121884,13.9159519725557,0.0806318614309467,0.15658402297075,0.467403899596804,0.0780524938746361,0.83660823619617,1.45041760624151
"414",19,"Ward et al. 2021","NCT04450004","CoVLP","Virus-like particle","Virus-like particle","3.75 ug + AS03","Quebec, Canada","Day 0/21","Live SARS-CoV-2 virus","PRNT 50",58.3,35.1,96.8,35,"7.5",NA,"18-55","adult","42","prime",20,"GMT/CI",27.3,13.1,57.2,"Table S13",1.43616264704076,1.76566855475901,0.730286947639707,0.66490736293992,0.163297125800321,0.112389857357798,-0.329505907718258,0.468267581475129,0.0806318614309467,0.198235797300973,0.722871592797019,0.117913993422666,-0.718048070428164,0.059036254991648
"415",19,"Ward et al. 2021","NCT04450004","CoVLP","Virus-like particle","Virus-like particle","3.75 ug + AS03","Quebec, Canada","Day 0/21","Live SARS-CoV-2 virus","PRNT 50",58.3,35.1,96.8,35,"7.5 + CpG 1018",NA,"18-55","adult","42","prime",20,"GMT/CI",157.3,84.3,293.4,"Table S13",2.19672872262329,1.76566855475901,0.617922023889206,0.66490736293992,0.138171565021051,0.112389857357798,0.431060167864273,2.69811320754717,0.0806318614309467,0.178109127832553,0.610994340816664,0.103103276185687,0.0819662773124679,0.780154058416078
"416",19,"Ward et al. 2021","NCT04450004","CoVLP","Virus-like particle","Virus-like particle","3.75 ug + AS03","Quebec, Canada","Day 0/21","Live SARS-CoV-2 virus","PRNT 50",58.3,35.1,96.8,35,"7.5 + AS03",2,"18-55","adult","42","prime",20,"GMT/CI",1325,962.6,1824,"Table S13",3.12221587827283,1.76566855475901,0.31667625556969,0.66490736293992,0.0708109634313922,0.112389857357798,1.35654732351381,22.7272727272727,0.0806318614309467,0.132837015093641,0.313011847740279,0.0519914550019594,1.09618677393028,1.61690787309735
"417",19,"Ward et al. 2021","NCT04450004","CoVLP","Virus-like particle","Virus-like particle","3.75 ug + AS03","Quebec, Canada","Day 0/21","Live SARS-CoV-2 virus","PRNT 50",58.3,35.1,96.8,35,"15",NA,"18-55","adult","42","prime",20,"GMT/CI",33.6,14.7,77.1,"Table S13",1.52633927738984,1.76566855475901,0.821112732015167,0.66490736293992,0.183606388597648,0.112389857357798,-0.23932927736917,0.576329331046312,0.0806318614309467,0.215273746589724,0.810002507295846,0.133889928693701,-0.66126582068503,0.18260726594669
"418",19,"Ward et al. 2021","NCT04450004","CoVLP","Virus-like particle","Virus-like particle","3.75 ug + AS03","Quebec, Canada","Day 0/21","Live SARS-CoV-2 virus","PRNT 50",58.3,35.1,96.8,35,"15 + CpG 1018",NA,"18-55","adult","42","prime",18,"GMT/CI",156.9,74.6,330.3,"Table S13",2.19562294358694,1.76566855475901,0.699353585738059,0.66490736293992,0.16483922097417,0.112389857357798,0.429954388827923,2.69125214408233,0.0806318614309467,0.199508016902272,0.692671038457052,0.119691544155126,0.0389186756994688,0.820990101956377
"419",19,"Ward et al. 2021","NCT04450004","CoVLP","Virus-like particle","Virus-like particle","3.75 ug + AS03","Quebec, Canada","Day 0/21","Live SARS-CoV-2 virus","PRNT 50",58.3,35.1,96.8,35,"15 + AS03",4,"18-55","adult","42","prime",20,"GMT/CI",937,592.4,1482,"Table S13",2.97173959088778,1.76566855475901,0.454324695294807,0.66490736293992,0.101590090253607,0.112389857357798,1.20607103612876,16.0720411663808,0.0806318614309467,0.151499262290752,0.447153641665846,0.0733722853538098,0.909132482038889,1.50300959021864
"420",22,"Goepfert et al. 2021","NCT04537208","CoV2 preS dTM with adjuvant AF03","Protein subunit","ug","1.3 + AF03","US","Day 0/21","Live SARS-CoV-2 virus","MNT 50",72.4,17.6,297.5,93,"1.3, AF03",1,"18-49","adult","0","prime",24,"GMT/CI",5,5,5,"Results, Figure 4A",0.698970004336019,1.85973856619715,0.44734451237116,3.02095798836149,0.0913138162119583,0.313258750574086,-1.16076856186113,0.069060773480663,0.222707977632891,0.326296273105331,0.440988283155242,0.0658429961274209,-1.80030925714758,-0.521227866574678
"421",22,"Goepfert et al. 2021","NCT04537208","CoV2 preS dTM with adjuvant AF03","Protein subunit","ug","1.3 + AF03","US","Day 0/21","Live SARS-CoV-2 virus","MNT 50",72.4,17.6,297.5,93,"1.3, AF03",1,">=50","elderly","0","prime",10,"GMT/CI",5,5,5,"Results, Figure 4A",0.698970004336019,1.85973856619715,0.44734451237116,3.02095798836149,0.141462755787024,0.313258750574086,-1.16076856186113,0.069060773480663,0.222707977632891,0.343719007455358,0.432531379223576,0.106054987552438,-1.83445781647363,-0.487079307248625
"422",22,"Goepfert et al. 2021","NCT04537208","CoV2 preS dTM with adjuvant AF03","Protein subunit","ug","1.3 + AF03","US","Day 0/21","Live SARS-CoV-2 virus","MNT 50",72.4,17.6,297.5,93,"1.3, AF03",1,">=18 (total)","adult","0","prime",34,"GMT/CI",5,5,5,"Results, Figure 4A",0.698970004336019,1.85973856619715,0.44734451237116,3.02095798836149,0.0767189509429195,0.313258750574086,-1.16076856186113,0.069060773480663,0.222707977632891,0.322516421667207,0.443435154709201,0.0545341069171736,-1.79290074832885,-0.528636375393402
"423",22,"Goepfert et al. 2021","NCT04537208","CoV2 preS dTM with adjuvant AF03","Protein subunit","ug","1.3 + AF03","US","Day 0/21","Live SARS-CoV-2 virus","MNT 50",72.4,17.6,297.5,93,"2.6, AF03",2,"18-49","adult","0","prime",24,"GMT/CI",5,5,5,"Results, Figure 4A",0.698970004336019,1.85973856619715,0.44734451237116,3.02095798836149,0.0913138162119583,0.313258750574086,-1.16076856186113,0.069060773480663,0.222707977632891,0.326296273105331,0.442227325674834,0.0642973567383136,-1.80030925714758,-0.521227866574678
"424",22,"Goepfert et al. 2021","NCT04537208","CoV2 preS dTM with adjuvant AF03","Protein subunit","ug","1.3 + AF03","US","Day 0/21","Live SARS-CoV-2 virus","MNT 50",72.4,17.6,297.5,93,"2.6, AF03",2,">=50","elderly","0","prime",10,"GMT/CI",5,5,5,"Results, Figure 4A",0.698970004336019,1.85973856619715,0.44734451237116,3.02095798836149,0.141462755787024,0.313258750574086,-1.16076856186113,0.069060773480663,0.222707977632891,0.343719007455358,0.432530257237013,0.105252801649231,-1.83445781647363,-0.487079307248625
"425",22,"Goepfert et al. 2021","NCT04537208","CoV2 preS dTM with adjuvant AF03","Protein subunit","ug","1.3 + AF03","US","Day 0/21","Live SARS-CoV-2 virus","MNT 50",72.4,17.6,297.5,93,"2.6, AF03",2,">=18 (total)","adult","0","prime",34,"GMT/CI",5,5,5,"Results, Figure 4A",0.698970004336019,1.85973856619715,0.44734451237116,3.02095798836149,0.0767189509429195,0.313258750574086,-1.16076856186113,0.069060773480663,0.222707977632891,0.322516421667207,0.443641941843553,0.0558494390048142,-1.79290074832885,-0.528636375393402
"426",22,"Goepfert et al. 2021","NCT04537208","CoV2 preS dTM with adjuvant AS03","Protein subunit","ug","1.3 + AS03","US","Day 0/21","Live SARS-CoV-2 virus","MNT 50",72.4,17.6,297.5,93,"1.3, AS03",1,"18-49","adult","0","prime",24,"GMT/CI",5,5,5,"Results, Figure 4A",0.698970004336019,1.85973856619715,0.44734451237116,3.02095798836149,0.0913138162119583,0.313258750574086,-1.16076856186113,0.069060773480663,0.222707977632891,0.326296273105331,0.440796000623725,0.0651048555322516,-1.80030925714758,-0.521227866574678
"427",22,"Goepfert et al. 2021","NCT04537208","CoV2 preS dTM with adjuvant AS03","Protein subunit","ug","1.3 + AS03","US","Day 0/21","Live SARS-CoV-2 virus","MNT 50",72.4,17.6,297.5,93,"1.3, AS03",1,">=50","elderly","0","prime",10,"GMT/CI",5,5,5,"Results, Figure 4A",0.698970004336019,1.85973856619715,0.44734451237116,3.02095798836149,0.141462755787024,0.313258750574086,-1.16076856186113,0.069060773480663,0.222707977632891,0.343719007455358,0.438647647384396,0.105788778631093,-1.83445781647363,-0.487079307248625
"428",22,"Goepfert et al. 2021","NCT04537208","CoV2 preS dTM with adjuvant AS03","Protein subunit","ug","1.3 + AS03","US","Day 0/21","Live SARS-CoV-2 virus","MNT 50",72.4,17.6,297.5,93,"1.3, AS03",1,">=18 (total)","adult","0","prime",34,"GMT/CI",5,5,5,"Results, Figure 4A",0.698970004336019,1.85973856619715,0.44734451237116,3.02095798836149,0.0767189509429195,0.313258750574086,-1.16076856186113,0.069060773480663,0.222707977632891,0.322516421667207,0.445789191013107,0.0553600779180403,-1.79290074832885,-0.528636375393402
"429",22,"Goepfert et al. 2021","NCT04537208","CoV2 preS dTM with adjuvant AS03","Protein subunit","ug","1.3 + AS03","US","Day 0/21","Live SARS-CoV-2 virus","MNT 50",72.4,17.6,297.5,93,"2.6, AS03",2,"18-49","adult","0","prime",24,"GMT/CI",5,5,5,"Results, Figure 4A",0.698970004336019,1.85973856619715,0.44734451237116,3.02095798836149,0.0913138162119583,0.313258750574086,-1.16076856186113,0.069060773480663,0.222707977632891,0.326296273105331,0.444598786811097,0.066114960363147,-1.80030925714758,-0.521227866574678
"430",22,"Goepfert et al. 2021","NCT04537208","CoV2 preS dTM with adjuvant AS03","Protein subunit","ug","1.3 + AS03","US","Day 0/21","Live SARS-CoV-2 virus","MNT 50",72.4,17.6,297.5,93,"2.6, AS03",2,">=50","elderly","0","prime",10,"GMT/CI",5,5,5,"Results, Figure 4A",0.698970004336019,1.85973856619715,0.44734451237116,3.02095798836149,0.141462755787024,0.313258750574086,-1.16076856186113,0.069060773480663,0.222707977632891,0.343719007455358,0.435664210796007,0.103320650111247,-1.83445781647363,-0.487079307248625
"431",22,"Goepfert et al. 2021","NCT04537208","CoV2 preS dTM with adjuvant AS03","Protein subunit","ug","1.3 + AS03","US","Day 0/21","Live SARS-CoV-2 virus","MNT 50",72.4,17.6,297.5,93,"2.6, AS03",2,">=18 (total)","adult","0","prime",34,"GMT/CI",5,5,5,"Results, Figure 4A",0.698970004336019,1.85973856619715,0.44734451237116,3.02095798836149,0.0767189509429195,0.313258750574086,-1.16076856186113,0.069060773480663,0.222707977632891,0.322516421667207,0.444006033808135,0.0545401293121077,-1.79290074832885,-0.528636375393402
"432",22,"Goepfert et al. 2021","NCT04537208","CoV2 preS dTM with adjuvant AF03","Protein subunit","ug","1.3 + AF03","US","Day 0/21","Live SARS-CoV-2 virus","MNT 50",72.4,17.6,297.5,93,"1.3, AF03",1,"18-49","adult","21","prime",24,"GMT/CI",13.1,6.4,26.9,"Results, Figure 4A",1.11727129565576,1.85973856619715,0.779303044630622,3.02095798836149,0.159074567861868,0.313258750574086,-0.742467270541383,0.180939226519337,0.222707977632891,0.351334260998949,0.772577920265728,0.109160817683272,-1.43108242209932,-0.0538521189834428
"433",22,"Goepfert et al. 2021","NCT04537208","CoV2 preS dTM with adjuvant AF03","Protein subunit","ug","1.3 + AF03","US","Day 0/21","Live SARS-CoV-2 virus","MNT 50",72.4,17.6,297.5,93,"1.3, AF03",1,">=50","elderly","21","prime",10,"GMT/CI",8.6,1.9,39,"Results, Figure 4A",0.934498451243568,1.85973856619715,1.05864586165813,3.02095798836149,0.33477321583512,0.313258750574086,-0.925240114953579,0.11878453038674,0.222707977632891,0.458480262227095,1.02817745400319,0.249478036919714,-1.82386142891868,-0.0266188009884737
"434",22,"Goepfert et al. 2021","NCT04537208","CoV2 preS dTM with adjuvant AF03","Protein subunit","ug","1.3 + AF03","US","Day 0/21","Live SARS-CoV-2 virus","MNT 50",72.4,17.6,297.5,93,"2.6, AF03",2,"18-49","adult","21","prime",24,"GMT/CI",43.2,20.6,90.4,"Results, Figure 4A",1.63548374681491,1.85973856619715,0.802709298945094,3.02095798836149,0.16385234951689,0.313258750574086,-0.224254819382235,0.596685082872928,0.222707977632891,0.353523177816452,0.793800264661193,0.116398591831444,-0.917160247902481,0.468650609138011
"435",22,"Goepfert et al. 2021","NCT04537208","CoV2 preS dTM with adjuvant AF03","Protein subunit","ug","1.3 + AF03","US","Day 0/21","Live SARS-CoV-2 virus","MNT 50",72.4,17.6,297.5,93,"2.6, AF03",2,">=50","elderly","21","prime",10,"GMT/CI",12.3,4.4,35,"Results, Figure 4A",1.0899051114394,1.85973856619715,0.726529555663503,3.02095798836149,0.229748818332676,0.313258750574086,-0.769833454757749,0.169889502762431,0.222707977632891,0.388478524936062,0.707410471128239,0.171043508416793,-1.53125136363243,-0.00841554588306748
"436",22,"Goepfert et al. 2021","NCT04537208","CoV2 preS dTM with adjuvant AS03","Protein subunit","ug","1.3 + AS03","US","Day 0/21","Live SARS-CoV-2 virus","MNT 50",72.4,17.6,297.5,93,"1.3, AS03",1,"18-49","adult","21","prime",24,"GMT/CI",20.5,13.1,32.1,"Results, Figure 4A",1.31175386105575,1.85973856619715,0.486440839649034,3.02095798836149,0.0992943205992622,0.313258750574086,-0.547984705141393,0.283149171270718,0.222707977632891,0.328618938764197,0.479489112483771,0.0706715103034173,-1.19207782511922,0.0961084148364325
"437",22,"Goepfert et al. 2021","NCT04537208","CoV2 preS dTM with adjuvant AS03","Protein subunit","ug","1.3 + AS03","US","Day 0/21","Live SARS-CoV-2 virus","MNT 50",72.4,17.6,297.5,93,"1.3, AS03",1,">=50","elderly","21","prime",10,"GMT/CI",12.9,7.1,23.4,"Results, Figure 4A",1.11058971029925,1.85973856619715,0.417838127206692,3.02095798836149,0.132132017523232,0.313258750574086,-0.749148855897898,0.178176795580111,0.222707977632891,0.339985168597098,0.406414307156231,0.0959399769857527,-1.41551978634821,-0.0827779254475856
"438",22,"Goepfert et al. 2021","NCT04537208","CoV2 preS dTM with adjuvant AS03","Protein subunit","ug","1.3 + AS03","US","Day 0/21","Live SARS-CoV-2 virus","MNT 50",72.4,17.6,297.5,93,"2.6, AS03",2,"18-49","adult","21","prime",24,"GMT/CI",75.1,50.5,112,"Results, Figure 4A",1.87563993700417,1.85973856619715,0.432318248767526,3.02095798836149,0.0882465929978368,0.313258750574086,0.0159013708070215,1.03729281767956,0.222707977632891,0.325451234422246,0.427570109998942,0.0626362720520953,-0.62198304866058,0.653785790274623
"439",22,"Goepfert et al. 2021","NCT04537208","CoV2 preS dTM with adjuvant AS03","Protein subunit","ug","1.3 + AS03","US","Day 0/21","Live SARS-CoV-2 virus","MNT 50",72.4,17.6,297.5,93,"2.6, AS03",2,">=50","elderly","21","prime",10,"GMT/CI",52.3,25.3,108,"Results, Figure 4A",1.71850168886727,1.85973856619715,0.508467815559686,3.02095798836149,0.160791641405901,0.313258750574086,-0.141236877329873,0.722375690607735,0.222707977632891,0.352115033415561,0.492496158894039,0.117719730282878,-0.831382342824372,0.548908588164627
"440",22,"Goepfert et al. 2021","NCT04537208","CoV2 preS dTM with adjuvant AF03","Protein subunit","ug","1.3 + AF03","US","Day 0/21","Live SARS-CoV-2 virus","MNT 50",72.4,17.6,297.5,93,"1.3, AF03",1,">=18 (total)","adult","35","prime",34,"GMT/CI",11.7,6.5,20.9,"Results, Figure 4A",1.06818586174616,1.85973856619715,0.754502757961868,3.02095798836149,0.129396155476581,0.313258750574086,-0.791552704450985,0.161602209944751,0.222707977632891,0.338931276018247,0.749579872941973,0.0926260651638172,-1.45585800544675,-0.127247403455221
"441",22,"Goepfert et al. 2021","NCT04537208","CoV2 preS dTM with adjuvant AF03","Protein subunit","ug","1.3 + AF03","US","Day 0/21","Live SARS-CoV-2 virus","MNT 50",72.4,17.6,297.5,93,"2.6, AF03",2,">=18 (total)","adult","35","prime",34,"GMT/CI",30.2,16.3,55.9,"Results, Figure 4A",1.48000694295715,1.85973856619715,0.796139434556926,3.02095798836149,0.13653678660267,0.313258750574086,-0.379731623239996,0.417127071823204,0.222707977632891,0.34172114202522,0.791340333494759,0.0986760492848066,-1.04950506160943,0.290041815129435
"442",22,"Goepfert et al. 2021","NCT04537208","CoV2 preS dTM with adjuvant AS03","Protein subunit","ug","1.3 + AS03","US","Day 0/21","Live SARS-CoV-2 virus","MNT 50",72.4,17.6,297.5,93,"1.3, AS03",1,">=18 (total)","adult","35","prime",34,"GMT/CI",17.2,12.1,24.5,"Results, Figure 4A",1.23552844690755,1.85973856619715,0.455737552327225,3.02095798836149,0.0781583454204292,0.313258750574086,-0.624210119289598,0.237569060773481,0.222707977632891,0.322861846259506,0.454257429641459,0.0553486587130236,-1.25701933795823,0.00859909937903358
"443",22,"Goepfert et al. 2021","NCT04537208","CoV2 preS dTM with adjuvant AS03","Protein subunit","ug","1.3 + AS03","US","Day 0/21","Live SARS-CoV-2 virus","MNT 50",72.4,17.6,297.5,93,"2.6, AS03",2,">=18 (total)","adult","35","prime",34,"GMT/CI",67.6,47.9,95.4,"Results, Figure 4A",1.82994669594164,1.85973856619715,0.445075459310786,3.02095798836149,0.076329811553452,0.313258750574086,-0.0297918702555109,0.933701657458564,0.222707977632891,0.322424076245902,0.440424756335997,0.0548211687255128,-0.661743059697479,0.602159319186457
"444",24,"Formica et al. 2021","NCT04412538","NVX-CoV2373","Protein subunit","ug","5 + M1","Australia, US","Day 0/21","Live SARS-CoV-2 virus","MNT 50",453,89.5,2287.6,26,"5 + M1",1,"18-59","adult","0","prime",24,"GMT/CI",10,10,10,"Table 3",1,2.65609820201283,0.44734451237116,1.83090838711532,0.0913138162119583,0.359070676673143,-1.65609820201283,0.022075055187638,0.258929547252114,0.37049961386984,0.444162018714546,0.0657507057611564,-2.38227744519772,-0.929918958827946
"445",24,"Formica et al. 2021","NCT04412538","NVX-CoV2373","Protein subunit","ug","5 + M1","Australia, US","Day 0/21","Live SARS-CoV-2 virus","MNT 50",406,114.1,1142,31,"5 + M1",1,"60-84","elderly","0","prime",27,"GMT/CI",11.1,9,13.7,"Table 3",1.04532297878666,2.60852603357719,0.241883622881994,1.42088843664003,0.046550524927827,0.255199096809085,-1.56320305479054,0.0273399014778325,0.183435908397518,0.259409965851794,0.239515714055498,0.0342059393873033,-2.07164658786005,-1.05475952172102
"446",24,"Formica et al. 2021","NCT04412538","NVX-CoV2373","Protein subunit","ug","5 + M1","Australia, US","Day 0/21","Live SARS-CoV-2 virus","MNT 50",453,89.5,2287.6,26,"25 + M1",5,"18-59","adult","0","prime",23,"GMT/CI",10,10,10,"Table 3",1,2.65609820201283,0.44734451237116,1.83090838711532,0.0932777788787203,0.359070676673143,-1.65609820201283,0.022075055187638,0.258929547252114,0.370988537395775,0.440511014105706,0.065210498598137,-2.38323573530855,-0.928960668717112
"447",24,"Formica et al. 2021","NCT04412538","NVX-CoV2373","Protein subunit","ug","5 + M1","Australia, US","Day 0/21","Live SARS-CoV-2 virus","MNT 50",406,114.1,1142,31,"25 + M1",5,"60-84","elderly","0","prime",26,"GMT/CI",10,10,10,"Table 3",1,2.60852603357719,0.44734451237116,1.42088843664003,0.0877314768415075,0.255199096809085,-1.60852603357719,0.0246305418719212,0.183435908397518,0.269858094266162,0.443782371601743,0.061252272635366,-2.13744789833887,-1.07960416881552
"448",24,"Formica et al. 2021","NCT04412538","NVX-CoV2373","Protein subunit","ug","5 + M1","Australia, US","Day 0/21","Live SARS-CoV-2 virus","MNT 50",453,89.5,2287.6,26,"5 + M1",1,"18-59","adult","21","prime",8,"GMT/CI",36.7,12.3,109.4,"Table 3",1.56466606425209,2.65609820201283,0.684820081829108,1.83090838711532,0.242120461877044,0.359070676673143,-1.09143213776074,0.0810154525386313,0.258929547252114,0.433075130786868,0.660416015455672,0.178225235731176,-1.940259394103,-0.242604881418482
"449",24,"Formica et al. 2021","NCT04412538","NVX-CoV2373","Protein subunit","ug","5 + M1","Australia, US","Day 0/21","Live SARS-CoV-2 virus","MNT 50",406,114.1,1142,31,"5 + M1",1,"60-84","elderly","21","prime",13,"GMT/CI",42.2,15.7,113.5,"Table 3",1.62531245096167,2.60852603357719,0.790182508300654,1.42088843664003,0.219157196204058,0.255199096809085,-0.98321358261552,0.103940886699507,0.183435908397518,0.33638735954283,0.773030799169632,0.160203040574692,-1.64253280731947,-0.323894357911574
"450",24,"Formica et al. 2021","NCT04412538","NVX-CoV2373","Protein subunit","ug","5 + M1","Australia, US","Day 0/21","Live SARS-CoV-2 virus","MNT 50",453,89.5,2287.6,26,"25 + M1",5,"18-59","adult","21","prime",11,"GMT/CI",132.4,64.2,273.2,"Table 3",2.12188798510368,2.65609820201283,0.532136936418863,1.83090838711532,0.160445323199143,0.359070676673143,-0.534210216909151,0.292273730684327,0.258929547252114,0.393286730748682,0.52070863664137,0.116842347467295,-1.30505220917657,0.236631775358267
"451",24,"Formica et al. 2021","NCT04412538","NVX-CoV2373","Protein subunit","ug","5 + M1","Australia, US","Day 0/21","Live SARS-CoV-2 virus","MNT 50",406,114.1,1142,31,"25 + M1",5,"60-84","elderly","21","prime",10,"GMT/CI",32.5,14,75.6,"Table 3",1.51188336097887,2.60852603357719,0.590824598248699,1.42088843664003,0.186835142811982,0.255199096809085,-1.09664267259832,0.0800492610837438,0.183435908397518,0.316281440495244,0.571065273416994,0.137922492690455,-1.716554295969,-0.476731049227642
"452",24,"Formica et al. 2021","NCT04412538","NVX-CoV2373","Protein subunit","ug","5 + M1","Australia, US","Day 0/21","Live SARS-CoV-2 virus","MNT 50",453,89.5,2287.6,26,"5 + M1",1,"18-59","adult","35","prime",23,"GMT/CI",2200.8,1342.6,3607.5,"Table 3",3.34258057738163,2.65609820201283,0.525167649530724,1.83090838711532,0.10950502472363,0.359070676673143,0.686482375368795,4.85827814569537,0.258929547252114,0.375397257963124,0.522629083723938,0.0788887513822608,-0.0492962502389269,1.42226100097652
"453",24,"Formica et al. 2021","NCT04412538","NVX-CoV2373","Protein subunit","ug","5 + M1","Australia, US","Day 0/21","Live SARS-CoV-2 virus","MNT 50",406,114.1,1142,31,"5 + M1",1,"60-84","elderly","35","prime",26,"GMT/CI",980.5,559.8,1717.1,"Table 3",2.9914475980038,2.60852603357719,0.633166447871543,1.42088843664003,0.12417415665574,0.255199096809085,0.382921564426609,2.41502463054187,0.183435908397518,0.283805919940612,0.625434732114156,0.0902455619908828,-0.173338038656991,0.939181167510208
"454",24,"Formica et al. 2021","NCT04412538","NVX-CoV2373","Protein subunit","ug","5 + M1","Australia, US","Day 0/21","Live SARS-CoV-2 virus","MNT 50",453,89.5,2287.6,26,"25 + M1",5,"18-59","adult","35","prime",23,"GMT/CI",1783.1,1191.9,2667.7,"Table 3",3.25117570000674,2.65609820201283,0.428073437005802,1.83090838711532,0.0892594818906629,0.359070676673143,0.595077497993908,3.93620309050773,0.258929547252114,0.369998656692019,0.42347415016778,0.0643615643042759,-0.130119869122449,1.32027486511027
"455",24,"Formica et al. 2021","NCT04412538","NVX-CoV2373","Protein subunit","ug","5 + M1","Australia, US","Day 0/21","Live SARS-CoV-2 virus","MNT 50",406,114.1,1142,31,"25 + M1",5,"60-84","elderly","35","prime",26,"GMT/CI",1034.2,639.8,1671.6,"Table 3",3.01460453343605,2.60852603357719,0.542535841084436,1.42088843664003,0.106400032327424,0.255199096809085,0.406078499858857,2.54729064039409,0.183435908397518,0.276491493343737,0.538504277894668,0.0759670964585815,-0.135844827094867,0.948001826812581
"456",26,"Shu et al. 2021","ChiCTR2100045107","V-01","Protein subunit","ug","10","Gaozhou, China","Day 0/21","Live SARS-CoV-2 virus","MNT 50",53.6,31.3,91.7,38,"10",1,"18-59","adult","0","prime",120,"GMT/CI",5,5,5,"Supplementary Table 3",0.698970004336019,1.72916478969277,0.44734451237116,0.734107794736969,0.0408367800669722,0.119088009725401,-1.03019478535675,0.0932835820895523,0.085338297721605,0.125895181268369,0.44672707754355,0.0293391296567946,-1.27694934064275,-0.783440230070748
"457",26,"Shu et al. 2021","ChiCTR2100045107","V-01","Protein subunit","ug","10","Gaozhou, China","Day 0/21","Live SARS-CoV-2 virus","MNT 50",53.6,31.3,91.7,38,"10",1,">=60","elderly","0","prime",120,"GMT/CI",5,5,5,"Supplementary Table 3",0.698970004336019,1.72916478969277,0.44734451237116,0.734107794736969,0.0408367800669722,0.119088009725401,-1.03019478535675,0.0932835820895523,0.085338297721605,0.125895181268369,0.446276166107821,0.0293724418553073,-1.27694934064275,-0.783440230070748
"458",26,"Shu et al. 2021","ChiCTR2100045107","V-01","Protein subunit","ug","10","Gaozhou, China","Day 0/21","Live SARS-CoV-2 virus","MNT 50",53.6,31.3,91.7,38,"25",2.5,"18-59","adult","0","prime",120,"GMT/CI",5,5,5,"Supplementary Table 3",0.698970004336019,1.72916478969277,0.44734451237116,0.734107794736969,0.0408367800669722,0.119088009725401,-1.03019478535675,0.0932835820895523,0.085338297721605,0.125895181268369,0.447176105329593,0.0292172483180637,-1.27694934064275,-0.783440230070748
"459",26,"Shu et al. 2021","ChiCTR2100045107","V-01","Protein subunit","ug","10","Gaozhou, China","Day 0/21","Live SARS-CoV-2 virus","MNT 50",53.6,31.3,91.7,38,"25",2.5,">=60","elderly","0","prime",120,"GMT/CI",5,5,5,"Supplementary Table 3",0.698970004336019,1.72916478969277,0.44734451237116,0.734107794736969,0.0408367800669722,0.119088009725401,-1.03019478535675,0.0932835820895523,0.085338297721605,0.125895181268369,0.446826545042518,0.0287031903538932,-1.27694934064275,-0.783440230070748
"460",26,"Shu et al. 2021","ChiCTR2100045107","V-01","Protein subunit","ug","10","Gaozhou, China","Day 0/21","Live SARS-CoV-2 virus","MNT 50",53.6,31.3,91.7,38,"10",1,"18-59","adult","28","prime",119,"GMT/CI",68,55.3,83.4,"Supplementary Table 4",1.83250891270624,1.72916478969277,0.496571586345682,0.734107794736969,0.0455206426870001,0.119088009725401,0.103344123013466,1.26865671641791,0.085338297721605,0.127491501563809,0.495246164016986,0.0314937942698727,-0.1465392200516,0.353227466078533
"461",26,"Shu et al. 2021","ChiCTR2100045107","V-01","Protein subunit","ug","10","Gaozhou, China","Day 0/21","Live SARS-CoV-2 virus","MNT 50",53.6,31.3,91.7,38,"10",1,">=60","elderly","28","prime",117,"GMT/CI",28.5,22.8,35.6,"Supplementary Table 5",1.45484486000851,1.72916478969277,0.533976121997618,0.734107794736969,0.0493661099419442,0.119088009725401,-0.27431992968426,0.531716417910448,0.085338297721605,0.128914571989195,0.53276238160165,0.0346771089451564,-0.526992490783082,-0.0216473685854374
"462",26,"Shu et al. 2021","ChiCTR2100045107","V-01","Protein subunit","ug","10","Gaozhou, China","Day 0/21","Live SARS-CoV-2 virus","MNT 50",53.6,31.3,91.7,38,"25",2.5,"18-59","adult","28","prime",120,"GMT/CI",77.1,62.1,95.7,"Supplementary Table 4",1.88705437805096,1.72916478969277,0.524864467662755,0.734107794736969,0.0479133514286386,0.119088009725401,0.157889588358187,1.4384328358209,0.085338297721605,0.12836527297319,0.523424385439795,0.0337709083153668,-0.0937063466692646,0.409485523385639
"463",26,"Shu et al. 2021","ChiCTR2100045107","V-01","Protein subunit","ug","10","Gaozhou, China","Day 0/21","Live SARS-CoV-2 virus","MNT 50",53.6,31.3,91.7,38,"25",2.5,">=60","elderly","28","prime",116,"GMT/CI",41.2,32.4,52.5,"Supplementary Table 5",1.61489721603313,1.72916478969277,0.57592220143341,0.734107794736969,0.0534730339794247,0.119088009725401,-0.114267573659635,0.76865671641791,0.085338297721605,0.130542404694114,0.574282625442206,0.0378489393297988,-0.3701306868601,0.141595539540829
"464",26,"Shu et al. 2021","ChiCTR2100045107","V-01","Protein subunit","ug","10","Gaozhou, China","Day 0/21","Live SARS-CoV-2 virus","MNT 50",53.6,31.3,91.7,38,"10",1,"18-59","adult","35","prime",119,"GMT/CI",161.9,133.3,196.7,"Supplementary Table 4",2.20924684875337,1.72916478969277,0.47022730030666,0.734107794736969,0.0431056659452749,0.119088009725401,0.480082059060604,3.0205223880597,0.085338297721605,0.126649328845213,0.468841069733073,0.0307392696118313,0.231849374523986,0.728314743597221
"465",26,"Shu et al. 2021","ChiCTR2100045107","V-01","Protein subunit","ug","10","Gaozhou, China","Day 0/21","Live SARS-CoV-2 virus","MNT 50",53.6,31.3,91.7,38,"10",1,">=60","elderly","35","prime",117,"GMT/CI",111.6,89.6,139.1,"Supplementary Table 5",2.04766419460156,1.72916478969277,0.527088698681293,0.734107794736969,0.0487293674311023,0.119088009725401,0.31849940490879,2.08208955223881,0.085338297721605,0.128672084426237,0.526431655249754,0.0342563949335156,0.0663021194333658,0.570696690384214
"466",26,"Shu et al. 2021","ChiCTR2100045107","V-01","Protein subunit","ug","10","Gaozhou, China","Day 0/21","Live SARS-CoV-2 virus","MNT 50",53.6,31.3,91.7,38,"25",2.5,"18-59","adult","35","prime",120,"GMT/CI",149.3,123.9,179.9,"Supplementary Table 4",2.17405980772503,1.72916478969277,0.452597280982138,0.734107794736969,0.0413162900432368,0.119088009725401,0.444895018032255,2.78544776119403,0.085338297721605,0.126051536616156,0.451966620479973,0.0293983606273964,0.19783400626459,0.691956029799921
"467",26,"Shu et al. 2021","ChiCTR2100045107","V-01","Protein subunit","ug","10","Gaozhou, China","Day 0/21","Live SARS-CoV-2 virus","MNT 50",53.6,31.3,91.7,38,"25",2.5,">=60","elderly","35","prime",116,"GMT/CI",111.1,89.2,138.4,"Supplementary Table 5",2.04571405894087,1.72916478969277,0.5241502780334,0.734107794736969,0.048666131567504,0.119088009725401,0.316549269248098,2.07276119402985,0.085338297721605,0.128648149703378,0.524550761291302,0.0351882544045889,0.064398895829476,0.568699642666719
"468",26,"Shu et al. 2021","ChiCTR2100045107","V-01","Protein subunit","ug","10","Gaozhou, China","Day 0/21","Live SARS-CoV-2 virus","MNT 50",53.6,31.3,91.7,38,"10",1,"18-59","adult","49","prime",119,"GMT/CI",117,97,141.2,"Supplementary Table 4",2.06818586174616,1.72916478969277,0.453777273959614,0.734107794736969,0.0415976945024337,0.119088009725401,0.339021072053392,2.18283582089552,0.085338297721605,0.126144053558918,0.452205177782727,0.0291845703041804,0.0917787270779134,0.58626341702887
"469",26,"Shu et al. 2021","ChiCTR2100045107","V-01","Protein subunit","ug","10","Gaozhou, China","Day 0/21","Live SARS-CoV-2 virus","MNT 50",53.6,31.3,91.7,38,"10",1,">=60","elderly","49","prime",116,"GMT/CI",99.2,82.2,119.8,"Supplementary Table 5",1.99651167215418,1.72916478969277,0.449455197826017,0.734107794736969,0.041730867477868,0.119088009725401,0.267346882461409,1.85074626865672,0.085338297721605,0.126188031765349,0.447222576588307,0.0292100500033842,0.0200183402013255,0.514675424721492
"470",26,"Shu et al. 2021","ChiCTR2100045107","V-01","Protein subunit","ug","10","Gaozhou, China","Day 0/21","Live SARS-CoV-2 virus","MNT 50",53.6,31.3,91.7,38,"25",2.5,"18-59","adult","49","prime",119,"GMT/CI",121.7,102.9,143.8,"Supplementary Table 4",2.08529057823006,1.72916478969277,0.404466969982695,0.734107794736969,0.0370774263480691,0.119088009725401,0.356125788537295,2.2705223880597,0.085338297721605,0.124726459121366,0.403290166514155,0.025787119240097,0.111661928659418,0.600589648415172
"471",26,"Shu et al. 2021","ChiCTR2100045107","V-01","Protein subunit","ug","10","Gaozhou, China","Day 0/21","Live SARS-CoV-2 virus","MNT 50",53.6,31.3,91.7,38,"25",2.5,">=60","elderly","49","prime",116,"GMT/CI",118.1,96.3,144.8,"Supplementary Table 5",2.07224989761351,1.72916478969277,0.48670425702411,0.734107794736969,0.0451893558001515,0.119088009725401,0.343085107920745,2.20335820895522,0.085338297721605,0.127373591996104,0.484928159041288,0.032593696126886,0.0934328676083813,0.592737348233108
"472",27,"Pan et al. 2021 Phase 1","ChiCTR2000038804","KCONVAC","Inactivated vaccine","ug","5","Jiangsu, China","Day 0/14","Live SARS-CoV-2 virus","MNT 50",49.7,33.3,74.3,35,"5",1,"18-59","adult","0","prime",24,"GMT/CI",2,2,2,"Table 1",0.301029995663981,1.69635638873333,0.44734451237116,0.526024883865087,0.0913138162119583,0.0889144337383305,-1.39532639306935,0.0402414486921529,0.0637898869964417,0.127451910767157,0.443484142600813,0.0649197079553926,-1.64513213817298,-1.14552064796572
"473",27,"Pan et al. 2021 Phase 1","ChiCTR2000038804","KCONVAC","Inactivated vaccine","ug","5","Jiangsu, China","Day 0/14","Live SARS-CoV-2 virus","MNT 50",49.7,33.3,74.3,35,"10",2,"18-59","adult","0","prime",24,"GMT/CI",2,2,2,"Table 1",0.301029995663981,1.69635638873333,0.44734451237116,0.526024883865087,0.0913138162119583,0.0889144337383305,-1.39532639306935,0.0402414486921529,0.0637898869964417,0.127451910767157,0.443820992679222,0.0667368607221795,-1.64513213817298,-1.14552064796572
"474",27,"Pan et al. 2021 Phase 2","ChiCTR2000039462","KCONVAC","Inactivated vaccine","ug","5","Jiangsu, China","Day 0/14","Live SARS-CoV-2 virus","MNT 50",49.7,33.3,74.3,35,"5",1,"18-59","adult","0","prime",100,"GMT/CI",2,2,2,"Table 1",0.301029995663981,1.69635638873333,0.44734451237116,0.526024883865087,0.044734451237116,0.0889144337383305,-1.39532639306935,0.0402414486921529,0.0637898869964417,0.0995336508648903,0.447382392423914,0.0314264314098745,-1.59041234876454,-1.20024043737417
"475",27,"Pan et al. 2021 Phase 2","ChiCTR2000039462","KCONVAC","Inactivated vaccine","ug","5","Jiangsu, China","Day 0/14","Live SARS-CoV-2 virus","MNT 50",49.7,33.3,74.3,35,"10",2,"18-59","adult","0","prime",100,"GMT/CI",2,2,2,"Table 1",0.301029995663981,1.69635638873333,0.44734451237116,0.526024883865087,0.044734451237116,0.0889144337383305,-1.39532639306935,0.0402414486921529,0.0637898869964417,0.0995336508648903,0.445150166323637,0.0326353168737422,-1.59041234876454,-1.20024043737417
"476",27,"Pan et al. 2021 Phase 2","ChiCTR2000039462","KCONVAC","Inactivated vaccine","ug","5","Jiangsu, China","Day 0/28","Live SARS-CoV-2 virus","MNT 50",49.7,33.3,74.3,35,"5",1,"18-59","adult","0","prime",100,"GMT/CI",2,2,2,"Table 1",0.301029995663981,1.69635638873333,0.44734451237116,0.526024883865087,0.044734451237116,0.0889144337383305,-1.39532639306935,0.0402414486921529,0.0637898869964417,0.0995336508648903,0.446734149088896,0.0316382955312164,-1.59041234876454,-1.20024043737417
"477",27,"Pan et al. 2021 Phase 2","ChiCTR2000039462","KCONVAC","Inactivated vaccine","ug","5","Jiangsu, China","Day 0/28","Live SARS-CoV-2 virus","MNT 50",49.7,33.3,74.3,35,"10",2,"18-59","adult","0","prime",100,"GMT/CI",2,2,2,"Table 1",0.301029995663981,1.69635638873333,0.44734451237116,0.526024883865087,0.044734451237116,0.0889144337383305,-1.39532639306935,0.0402414486921529,0.0637898869964417,0.0995336508648903,0.445777828709409,0.0317694496924736,-1.59041234876454,-1.20024043737417
"478",27,"Pan et al. 2021 Phase 1","ChiCTR2000038804","KCONVAC","Inactivated vaccine","ug","5","Jiangsu, China","Day 0/14","Live SARS-CoV-2 virus","MNT 50",49.7,33.3,74.3,35,"5",1,"18-59","adult","28","prime",23,"GMT/CI",30.9,20.6,46.4,"Table 3",1.48995847942483,1.69635638873333,0.431442253168088,0.526024883865087,0.089961928618808,0.0889144337383305,-0.206397909308498,0.621730382293762,0.0637898869964417,0.126486857530035,0.423643278377555,0.0636212202049991,-0.454312150067367,0.0415163314503718
"479",27,"Pan et al. 2021 Phase 1","ChiCTR2000038804","KCONVAC","Inactivated vaccine","ug","5","Jiangsu, China","Day 0/14","Live SARS-CoV-2 virus","MNT 50",49.7,33.3,74.3,35,"10",2,"18-59","adult","28","prime",23,"GMT/CI",40.6,23,71.8,"Table 3",1.60852603357719,1.69635638873333,0.60485786702626,0.526024883865087,0.126121583730793,0.0889144337383305,-0.0878303551561381,0.816901408450704,0.0637898869964417,0.154312768135924,0.595833666733753,0.0900637108724478,-0.390283380702548,0.214622670390272
"480",27,"Pan et al. 2021 Phase 2","ChiCTR2000039462","KCONVAC","Inactivated vaccine","ug","5","Jiangsu, China","Day 0/14","Live SARS-CoV-2 virus","MNT 50",49.7,33.3,74.3,35,"5",1,"18-59","adult","28","prime",100,"GMT/CI",41.5,32.8,52.5,"Table 3",1.61804809671209,1.69635638873333,0.521136376771117,0.526024883865087,0.0521136376771117,0.0889144337383305,-0.0783082920212395,0.835010060362173,0.0637898869964417,0.103061184540783,0.520103154312885,0.0369253583298931,-0.280308213721173,0.123691629678694
"481",27,"Pan et al. 2021 Phase 2","ChiCTR2000039462","KCONVAC","Inactivated vaccine","ug","5","Jiangsu, China","Day 0/14","Live SARS-CoV-2 virus","MNT 50",49.7,33.3,74.3,35,"10",2,"18-59","adult","28","prime",98,"GMT/CI",48.3,37.5,62.1,"Table 3",1.68394713075151,1.69635638873333,0.553210880584176,0.526024883865087,0.0558827378696075,0.0889144337383305,-0.01240925798182,0.971830985915493,0.0637898869964417,0.105017412455322,0.550905313547272,0.039610410705534,-0.218243386394251,0.193424870430611
"482",27,"Pan et al. 2021 Phase 1","ChiCTR2000038804","KCONVAC","Inactivated vaccine","ug","5","Jiangsu, China","Day 0/14","Live SARS-CoV-2 virus","MNT 50",49.7,33.3,74.3,35,"5",1,"18-59","adult","42","prime",24,"GMT/CI",29.3,19.6,43.8,"Table 3",1.46686762035411,1.69635638873333,0.436431635146407,0.526024883865087,0.0890862344764345,0.0889144337383305,-0.229488768379223,0.58953722334004,0.0637898869964417,0.12586553817546,0.432279666623758,0.0644577408911144,-0.476185223203125,0.0172076864446794
"483",27,"Pan et al. 2021 Phase 1","ChiCTR2000038804","KCONVAC","Inactivated vaccine","ug","5","Jiangsu, China","Day 0/14","Live SARS-CoV-2 virus","MNT 50",49.7,33.3,74.3,35,"10",2,"18-59","adult","42","prime",24,"GMT/CI",49.1,33.5,72,"Table 3",1.69108149212297,1.69635638873333,0.415273105522838,0.526024883865087,0.084767267702659,0.0889144337383305,-0.00527489661036373,0.987927565392354,0.0637898869964417,0.122846514809262,0.408886230654997,0.060440577039314,-0.246054065636517,0.23550427241579
"484",27,"Pan et al. 2021 Phase 2","ChiCTR2000039462","KCONVAC","Inactivated vaccine","ug","5","Jiangsu, China","Day 0/14","Live SARS-CoV-2 virus","MNT 50",49.7,33.3,74.3,35,"5",1,"18-59","adult","42","prime",100,"GMT/CI",37.2,29.5,46.9,"Table 3",1.5705429398819,1.69635638873333,0.513650068206429,0.526024883865087,0.0513650068206429,0.0889144337383305,-0.125813448851435,0.748490945674044,0.0637898869964417,0.102684665129184,0.511791040107828,0.0364070171623625,-0.327075392504635,0.075448494801766
"485",27,"Pan et al. 2021 Phase 2","ChiCTR2000039462","KCONVAC","Inactivated vaccine","ug","5","Jiangsu, China","Day 0/14","Live SARS-CoV-2 virus","MNT 50",49.7,33.3,74.3,35,"10",2,"18-59","adult","42","prime",97,"GMT/CI",44.5,35.5,55.7,"Table 3",1.64836001098093,1.69635638873333,0.491505344449197,0.526024883865087,0.0499048066629171,0.0889144337383305,-0.0479963777524006,0.895372233400402,0.0637898869964417,0.10196208243789,0.489295502435232,0.0347627331517196,-0.247842059330665,0.151849303825864
"486",27,"Pan et al. 2021 Phase 2","ChiCTR2000039462","KCONVAC","Inactivated vaccine","ug","5","Jiangsu, China","Day 0/28","Live SARS-CoV-2 virus","MNT 50",49.7,33.3,74.3,35,"5",1,"18-59","adult","42","prime",100,"GMT/CI",110.5,92.4,132.2,"Table 3",2.04336227802113,1.69635638873333,0.396835418187537,0.526024883865087,0.0396835418187537,0.0889144337383305,0.347005889287797,2.22334004024145,0.0637898869964417,0.0973681673766572,0.396254965105698,0.0274997102494789,0.156164281229549,0.537847497346045
"487",27,"Pan et al. 2021 Phase 2","ChiCTR2000039462","KCONVAC","Inactivated vaccine","ug","5","Jiangsu, China","Day 0/28","Live SARS-CoV-2 virus","MNT 50",49.7,33.3,74.3,35,"10",2,"18-59","adult","42","prime",99,"GMT/CI",100.2,84.6,118.7,"Table 3",2.00086772153123,1.69635638873333,0.373324250972347,0.526024883865087,0.037520498958053,0.0889144337383305,0.304511332797895,2.01609657947686,0.0637898869964417,0.0965068099621432,0.37179628577348,0.0272104707233297,0.115357985272094,0.493664680323695
"488",27,"Pan et al. 2021 Phase 2","ChiCTR2000039462","KCONVAC","Inactivated vaccine","ug","5","Jiangsu, China","Day 0/28","Live SARS-CoV-2 virus","MNT 50",49.7,33.3,74.3,35,"5",1,"18-59","adult","56","prime",98,"GMT/CI",131.7,109.3,158.6,"Table 3",2.11958577496178,1.69635638873333,0.408311287765611,0.526024883865087,0.0412456686305822,0.0889144337383305,0.423229386228452,2.64989939637827,0.0637898869964417,0.0980152116142783,0.408211057576121,0.0292318522581913,0.231119571464466,0.615339200992437
"489",27,"Pan et al. 2021 Phase 2","ChiCTR2000039462","KCONVAC","Inactivated vaccine","ug","5","Jiangsu, China","Day 0/28","Live SARS-CoV-2 virus","MNT 50",49.7,33.3,74.3,35,"10",2,"18-59","adult","56","prime",99,"GMT/CI",110.7,94.7,129.4,"Table 3",2.04414762087872,1.69635638873333,0.344144572733902,0.526024883865087,0.0345878309513796,0.0889144337383305,0.347791232145391,2.22736418511066,0.0637898869964417,0.0954048980761951,0.344722628954956,0.0241142942255401,0.160797631916048,0.534784832374733
"490",29,"Mulligan et al. 2020","NCT04368728","BNT162b1","mRNA","ug","30","US","Day 0/20","Pseudo wild-type virus","Fluorescent neutralization assay",94,60.5,121,38,"10",0.33,"18-55","adult","0","prime",12,"GMT/CI",10,10,10,"Figure 4B",1,1.9731278535997,0.44734451237116,0.473386102189984,0.129137237318996,0.0767933662408116,-0.973127853599699,0.106382978723404,0.055030016593726,0.150245289979347,0.43770120231372,0.0921595254027738,-1.26760862195922,-0.678647085240179
"491",29,"Mulligan et al. 2020","NCT04368728","BNT162b1","mRNA","ug","30","US","Day 0/20","Pseudo wild-type virus","Fluorescent neutralization assay",94,60.5,121,38,"30",1,"18-55","adult","0","prime",12,"GMT/CI",10,10,10,"Figure 4B",1,1.9731278535997,0.44734451237116,0.473386102189984,0.129137237318996,0.0767933662408116,-0.973127853599699,0.106382978723404,0.055030016593726,0.150245289979347,0.437678976170801,0.0939676308314994,-1.26760862195922,-0.678647085240179
"492",29,"Mulligan et al. 2020","NCT04368728","BNT162b1","mRNA","ug","30","US","Day 0","Pseudo wild-type virus","Fluorescent neutralization assay",94,60.5,121,38,"100",0.33,"18-55","adult","0","prime",12,"GMT/CI",10,10,10,"Figure 4B",1,1.9731278535997,0.44734451237116,0.473386102189984,0.129137237318996,0.0767933662408116,-0.973127853599699,0.106382978723404,0.055030016593726,0.150245289979347,0.436651884621676,0.0940963905166178,-1.26760862195922,-0.678647085240179
"493",29,"Mulligan et al. 2020","NCT04368728","BNT162b1","mRNA","ug","30","US","Day 0/20","Pseudo wild-type virus","Fluorescent neutralization assay",94,60.5,121,38,"10",0.33,"18-55","adult","20","prime",12,"GMT/CI",13,NA,NA,"Figure 4B",1.11394335230684,1.9731278535997,0.44734451237116,0.473386102189984,0.129137237318996,0.0767933662408116,-0.859184501292862,0.138297872340426,0.055030016593726,0.150245289979347,0.438603518433987,0.0935056678719879,-1.15366526965238,-0.564703732933342
"494",29,"Mulligan et al. 2020","NCT04368728","BNT162b1","mRNA","ug","30","US","Day 0/20","Pseudo wild-type virus","Fluorescent neutralization assay",94,60.5,121,38,"30",1,"18-55","adult","20","prime",12,"GMT/CI",29,NA,NA,"Figure 4B",1.46239799789896,1.9731278535997,0.44734451237116,0.473386102189984,0.129137237318996,0.0767933662408116,-0.510729855700742,0.308510638297872,0.055030016593726,0.150245289979347,0.4385517899449,0.0940582620609405,-0.805210624060262,-0.216249087341223
"495",29,"Mulligan et al. 2020","NCT04368728","BNT162b1","mRNA","ug","30","US","Day 0","Pseudo wild-type virus","Fluorescent neutralization assay",94,60.5,121,38,"100",0.33,"18-55","adult","20","prime",12,"GMT/CI",33,NA,NA,"Figure 4B",1.51851393987789,1.9731278535997,0.44734451237116,0.473386102189984,0.129137237318996,0.0767933662408116,-0.454613913721811,0.351063829787234,0.055030016593726,0.150245289979347,0.436862144139659,0.0923451551833141,-0.749094682081331,-0.160133145362291
"496",29,"Mulligan et al. 2020","NCT04368728","BNT162b1","mRNA","ug","30","US","Day 0/20","Pseudo wild-type virus","Fluorescent neutralization assay",94,60.5,121,38,"10",0.33,"18-55","adult","27","prime",12,"GMT/CI",168,NA,NA,"Figure 4B",2.22530928172586,1.9731278535997,0.44734451237116,0.473386102189984,0.129137237318996,0.0767933662408116,0.252181428126164,1.78723404255319,0.055030016593726,0.150245289979347,0.435101103847906,0.092183784599607,-0.0422993402333555,0.546662196485684
"497",29,"Mulligan et al. 2020","NCT04368728","BNT162b1","mRNA","ug","30","US","Day 0/20","Pseudo wild-type virus","Fluorescent neutralization assay",94,60.5,121,38,"30",1,"18-55","adult","27","prime",12,"GMT/CI",267,NA,NA,"Figure 4B",2.42651126136458,1.9731278535997,0.44734451237116,0.473386102189984,0.129137237318996,0.0767933662408116,0.453383407764877,2.8404255319149,0.055030016593726,0.150245289979347,0.437998557089641,0.0936151215590892,0.158902639405357,0.747864176124397
"498",29,"Mulligan et al. 2020","NCT04368728","BNT162b1","mRNA","ug","30","US","Day 0/20","Pseudo wild-type virus","Fluorescent neutralization assay",94,60.5,121,38,"10",0.33,"18-55","adult","34","prime",12,"GMT/CI",180,NA,NA,"Figure 4B",2.25527250510331,1.9731278535997,0.44734451237116,0.473386102189984,0.129137237318996,0.0767933662408116,0.282144651503607,1.91489361702128,0.055030016593726,0.150245289979347,0.433271848708714,0.0906033131336541,-0.0123361168559123,0.576625419863127
"499",29,"Mulligan et al. 2020","NCT04368728","BNT162b1","mRNA","ug","30","US","Day 0/20","Pseudo wild-type virus","Fluorescent neutralization assay",94,60.5,121,38,"30",1,"18-55","adult","34","prime",12,"GMT/CI",437,NA,NA,"Figure 4B",2.64048143697042,1.9731278535997,0.44734451237116,0.473386102189984,0.129137237318996,0.0767933662408116,0.667353583370723,4.64893617021277,0.055030016593726,0.150245289979347,0.437905283653917,0.0968162122090519,0.372872815011204,0.961834351730243
"500",29,"Mulligan et al. 2020","NCT04368728","BNT162b1","mRNA","ug","30","US","Day 0/20","Pseudo wild-type virus","Fluorescent neutralization assay",94,60.5,121,38,"10",0.33,"18-55","adult","6","prime",12,"GMT/CI",10,NA,NA,"Figure 4B",1,1.9731278535997,0.44734451237116,0.473386102189984,0.129137237318996,0.0767933662408116,-0.973127853599699,0.106382978723404,0.055030016593726,0.150245289979347,0.435244125274978,0.0936132229213099,-1.26760862195922,-0.678647085240179
"501",29,"Mulligan et al. 2020","NCT04368728","BNT162b1","mRNA","ug","30","US","Day 0/20","Pseudo wild-type virus","Fluorescent neutralization assay",94,60.5,121,38,"30",1,"18-55","adult","6","prime",12,"GMT/CI",10,NA,NA,"Figure 4B",1,1.9731278535997,0.44734451237116,0.473386102189984,0.129137237318996,0.0767933662408116,-0.973127853599699,0.106382978723404,0.055030016593726,0.150245289979347,0.436927427706643,0.0952502045991204,-1.26760862195922,-0.678647085240179
"502",29,"Mulligan et al. 2020","NCT04368728","BNT162b1","mRNA","ug","30","US","Day 0","Pseudo wild-type virus","Fluorescent neutralization assay",94,60.5,121,38,"100",0.33,"18-55","adult","6","prime",12,"GMT/CI",10,NA,NA,"Figure 4B",1,1.9731278535997,0.44734451237116,0.473386102189984,0.129137237318996,0.0767933662408116,-0.973127853599699,0.106382978723404,0.055030016593726,0.150245289979347,0.438666189844978,0.0964113932722571,-1.26760862195922,-0.678647085240179
"503",30,"Xia et al. 2021","ChiCTR2000032459","BBIBP-CorV","Inactivated vaccine","ug","4","Shangqiu, China","Day 0/28/56 (booster)","Live SARS-CoV-2 virus","MNT 50",198,156.7,250.2,NA,"2",0.5,"3-5","children","28","prime",83,"GMT/CI",14.5,11.2,18.7,"Appendix 15",1.16136800223497,2.29666519026153,0.517397289276823,0.969499917363362,0.0567917305781422,0.0518414053287783,-1.13529718802656,0.0732323232323232,NA,0.0768949411113825,0.515410901229351,0.0394931526274317,-1.28601127260487,-0.984583103448246
"504",30,"Xia et al. 2021","ChiCTR2000032459","BBIBP-CorV","Inactivated vaccine","ug","4","Shangqiu, China","Day 0/28/56 (booster)","Live SARS-CoV-2 virus","MNT 50",198,156.7,250.2,NA,"2",0.5,"6-12","children","28","prime",84,"GMT/CI",30,25,36,"Appendix 19",1.47712125471966,2.29666519026153,0.370259238402208,0.969499917363362,0.0403985949222575,0.0518414053287783,-0.819543935541869,0.151515151515152,NA,0.0657234948717378,0.368580302717095,0.0276150628640437,-0.948361985490475,-0.690725885593263
"505",30,"Xia et al. 2021","ChiCTR2000032459","BBIBP-CorV","Inactivated vaccine","ug","4","Shangqiu, China","Day 0/28/56 (booster)","Live SARS-CoV-2 virus","MNT 50",198,156.7,250.2,NA,"2",0.5,"13-17","children","28","prime",84,"GMT/CI",48,42.5,54.3,"Appendix 23",1.68124123737559,2.29666519026153,0.248793878522286,0.969499917363362,0.0271456376373815,0.0518414053287783,-0.615423952885944,0.242424242424242,NA,0.058518518002447,0.247651942930156,0.0188586898088253,-0.73012024817074,-0.500727657601148
"506",30,"Xia et al. 2021","ChiCTR2000032459","BBIBP-CorV","Inactivated vaccine","ug","4","Shangqiu, China","Day 0/28/56 (booster)","Live SARS-CoV-2 virus","MNT 50",198,156.7,250.2,NA,"4",1,"3-5","children","28","prime",84,"GMT/CI",20.2,16.3,25,"Appendix 15",1.30535136944662,2.29666519026153,0.434298190346181,0.969499917363362,0.0473858174153265,0.0518414053287783,-0.991313820814907,0.102020202020202,NA,0.0702349414364485,0.433012828849156,0.03300716350598,-1.12897430603035,-0.853653335599468
"507",30,"Xia et al. 2021","ChiCTR2000032459","BBIBP-CorV","Inactivated vaccine","ug","4","Shangqiu, China","Day 0/28/56 (booster)","Live SARS-CoV-2 virus","MNT 50",198,156.7,250.2,NA,"4",1,"6-12","children","28","prime",84,"GMT/CI",54.1,45.6,64.1,"Appendix 19",1.73319726510657,2.29666519026153,0.345781491596151,0.969499917363362,0.0377278537893833,0.0518414053287783,-0.563467925154961,0.273232323232323,NA,0.0641164741545866,0.343743090236686,0.026800713685181,-0.689136214497951,-0.437799635811972
"508",30,"Xia et al. 2021","ChiCTR2000032459","BBIBP-CorV","Inactivated vaccine","ug","4","Shangqiu, China","Day 0/28/56 (booster)","Live SARS-CoV-2 virus","MNT 50",198,156.7,250.2,NA,"4",1,"13-17","children","28","prime",84,"GMT/CI",61.4,52.1,72.3,"Appendix 23",1.78816837114117,2.29666519026153,0.332705689677439,0.969499917363362,0.0363011668354608,0.0518414053287783,-0.508496819120363,0.31010101010101,NA,0.0632874870735017,0.332364645281889,0.0261045683169933,-0.632540293784426,-0.3844533444563
"509",30,"Xia et al. 2021","ChiCTR2000032459","BBIBP-CorV","Inactivated vaccine","ug","4","Shangqiu, China","Day 0/28/56 (booster)","Live SARS-CoV-2 virus","MNT 50",198,156.7,250.2,NA,"8",2,"3-5","children","28","prime",84,"GMT/CI",21.4,17.5,26,"Appendix 15",1.33041377334919,2.29666519026153,0.401993124288886,0.969499917363362,0.0438610457358478,0.0518414053287783,-0.96625141691234,0.108080808080808,NA,0.0679067201350855,0.400068121705795,0.0325903328499037,-1.09934858837711,-0.833154245447573
"510",30,"Xia et al. 2021","ChiCTR2000032459","BBIBP-CorV","Inactivated vaccine","ug","4","Shangqiu, China","Day 0/28/56 (booster)","Live SARS-CoV-2 virus","MNT 50",198,156.7,250.2,NA,"8",2,"6-12","children","28","prime",84,"GMT/CI",55.8,45.3,68.7,"Appendix 19",1.74663419893758,2.29666519026153,0.422856085168577,0.969499917363362,0.046137381389469,0.0518414053287783,-0.550030991323952,0.281818181818182,NA,0.0693987699310298,0.421664785234669,0.0319453416256182,-0.686052580388771,-0.414009402259134
"511",30,"Xia et al. 2021","ChiCTR2000032459","BBIBP-CorV","Inactivated vaccine","ug","4","Shangqiu, China","Day 0/28/56 (booster)","Live SARS-CoV-2 virus","MNT 50",198,156.7,250.2,NA,"8",2,"13-17","children","28","prime",84,"GMT/CI",80.2,69.3,92.9,"Appendix 23",1.90417436828416,2.29666519026153,0.297592651229038,0.969499917363362,0.0324700202504681,0.0518414053287783,-0.392490821977368,0.405050505050505,NA,0.0611705282103114,0.297217935441185,0.0228283863466992,-0.512385057269578,-0.272596586685157
"512",30,"Xia et al. 2021","ChiCTR2000032459","BBIBP-CorV","Inactivated vaccine","ug","4","Shangqiu, China","Day 0/28/56 (booster)","Live SARS-CoV-2 virus","MNT 50",198,156.7,250.2,NA,"2",0.5,"3-5","children","56","prime",83,"GMT/CI",105.3,90.9,122,"Appendix 16",2.02242837118549,2.29666519026153,0.297009308916423,0.969499917363362,0.0326010070032605,0.0518414053287783,-0.274236819076044,0.531818181818182,NA,0.0612401580998067,0.296012954815075,0.0229054518862588,-0.394267528951666,-0.154206109200423
"513",30,"Xia et al. 2021","ChiCTR2000032459","BBIBP-CorV","Inactivated vaccine","ug","4","Shangqiu, China","Day 0/28/56 (booster)","Live SARS-CoV-2 virus","MNT 50",198,156.7,250.2,NA,"2",0.5,"6-12","children","56","prime",84,"GMT/CI",84.1,72.6,97.3,"Appendix 20",1.92479599579791,2.29666519026153,0.297344210596871,0.969499917363362,0.0324429131551679,0.0518414053287783,-0.371869194463619,0.424747474747475,NA,0.061156143767053,0.296221931671315,0.0236233707161587,-0.491735236247043,-0.252003152680195
"514",30,"Xia et al. 2021","ChiCTR2000032459","BBIBP-CorV","Inactivated vaccine","ug","4","Shangqiu, China","Day 0/28/56 (booster)","Live SARS-CoV-2 virus","MNT 50",198,156.7,250.2,NA,"2",0.5,"13-17","children","56","prime",84,"GMT/CI",88,77.9,99.5,"Appendix 24",1.94448267215017,2.29666519026153,0.248500976029748,0.969499917363362,0.0271136793553982,0.0518414053287783,-0.352182518111362,0.444444444444445,NA,0.0585037000082049,0.247628898780688,0.0193545148566366,-0.466849770127444,-0.237515266095281
"515",30,"Xia et al. 2021","ChiCTR2000032459","BBIBP-CorV","Inactivated vaccine","ug","4","Shangqiu, China","Day 0/28/56 (booster)","Live SARS-CoV-2 virus","MNT 50",198,156.7,250.2,NA,"4",1,"3-5","children","56","prime",84,"GMT/CI",180.2,163.7,198.5,"Appendix 16",2.25575478664304,2.29666519026153,0.195722349627532,0.969499917363362,0.0213550591038756,0.0518414053287783,-0.0409104036184869,0.91010101010101,NA,0.0560675472603601,0.194994133942793,0.0147443273811756,-0.150802796248793,0.0689819890118189
"516",30,"Xia et al. 2021","ChiCTR2000032459","BBIBP-CorV","Inactivated vaccine","ug","4","Shangqiu, China","Day 0/28/56 (booster)","Live SARS-CoV-2 virus","MNT 50",198,156.7,250.2,NA,"4",1,"6-12","children","56","prime",84,"GMT/CI",168.6,152,187.1,"Appendix 20",2.22685757028872,2.29666519026153,0.210962611955533,0.969499917363362,0.0230179080498054,0.0518414053287783,-0.0698076199728073,0.851515151515152,NA,0.0567217365518016,0.210246552762143,0.0163806553021973,-0.180982223614338,0.0413669836687238
"517",30,"Xia et al. 2021","ChiCTR2000032459","BBIBP-CorV","Inactivated vaccine","ug","4","Shangqiu, China","Day 0/28/56 (booster)","Live SARS-CoV-2 virus","MNT 50",198,156.7,250.2,NA,"4",1,"13-17","children","56","prime",84,"GMT/CI",155.7,137.4,176.5,"Appendix 24",2.19228861256812,2.29666519026153,0.254281460221523,0.969499917363362,0.0277443818878341,0.0518414053287783,-0.104376577693411,0.786363636363637,NA,0.0587986567261588,0.25320576983566,0.0197297937413306,-0.219621944876682,0.0108687894898606
"518",30,"Xia et al. 2021","ChiCTR2000032459","BBIBP-CorV","Inactivated vaccine","ug","4","Shangqiu, China","Day 0/28/56 (booster)","Live SARS-CoV-2 virus","MNT 50",198,156.7,250.2,NA,"8",2,"3-5","children","56","prime",84,"GMT/CI",171,155.8,187.6,"Appendix 16",2.23299611039215,2.29666519026153,0.188599598494881,0.969499917363362,0.020577903241454,0.0518414053287783,-0.0636690798693773,0.863636363636364,NA,0.055776172406121,0.188241242031903,0.0145396232175999,-0.172990377785374,0.0456522180466198
"519",30,"Xia et al. 2021","ChiCTR2000032459","BBIBP-CorV","Inactivated vaccine","ug","4","Shangqiu, China","Day 0/28/56 (booster)","Live SARS-CoV-2 virus","MNT 50",198,156.7,250.2,NA,"8",2,"6-12","children","56","prime",84,"GMT/CI",162.8,145.6,182,"Appendix 20",2.21165440055318,2.29666519026153,0.226580341943149,0.969499917363362,0.0247219420938919,0.0518414053287783,-0.0850107897083485,0.822222222222223,NA,0.0574343601632022,0.226551181309191,0.017852384196388,-0.197582135628225,0.0275605562115279
"520",30,"Xia et al. 2021","ChiCTR2000032459","BBIBP-CorV","Inactivated vaccine","ug","4","Shangqiu, China","Day 0/28/56 (booster)","Live SARS-CoV-2 virus","MNT 50",198,156.7,250.2,NA,"8",2,"13-17","children","56","prime",84,"GMT/CI",148,132,165.9,"Appendix 24",2.17026171539496,2.29666519026153,0.23210384623975,0.969499917363362,0.0253246058210487,0.0518414053287783,-0.126403474866573,0.747474747474748,NA,0.0576963340815877,0.231056405666915,0.0181007051473036,-0.239488289666485,-0.0133186600666615
"521",30,"Xia et al. 2021","ChiCTR2000032459","BBIBP-CorV","Inactivated vaccine","ug","4","Shangqiu, China","Day 0/28/56 (booster)","Live SARS-CoV-2 virus","MNT 50",198,156.7,250.2,NA,"2",0.5,"3-5","children","84","booster",83,"GMT/CI",143.6,124.3,165.8,"Appendix 17",2.15715443990628,2.29666519026153,0.290774821032228,0.969499917363362,0.0319166830542372,0.0518414053287783,-0.13951075035525,0.725252525252525,NA,0.0608786166371027,0.289505895041529,0.0227663916092341,-0.258832838963971,-0.0201886617465282
"522",30,"Xia et al. 2021","ChiCTR2000032459","BBIBP-CorV","Inactivated vaccine","ug","4","Shangqiu, China","Day 0/28/56 (booster)","Live SARS-CoV-2 virus","MNT 50",198,156.7,250.2,NA,"2",0.5,"6-12","children","84","booster",84,"GMT/CI",127,111.9,144.2,"Appendix 21",2.10380372095596,2.29666519026153,0.25750141370813,0.969499917363362,0.0280957076160868,0.0518414053287783,-0.192861469305574,0.641414141414142,NA,0.0589652447880217,0.256918870807878,0.0200861854560734,-0.308433349090097,-0.0772895895210515
"523",30,"Xia et al. 2021","ChiCTR2000032459","BBIBP-CorV","Inactivated vaccine","ug","4","Shangqiu, China","Day 0/28/56 (booster)","Live SARS-CoV-2 virus","MNT 50",198,156.7,250.2,NA,"2",0.5,"13-17","children","84","booster",84,"GMT/CI",150.7,134.2,169.2,"Appendix 25",2.17811325231463,2.29666519026153,0.235319570656092,0.969499917363362,0.025675470119906,0.0518414053287783,-0.118551937946899,0.761111111111111,NA,0.057851197674213,0.23416785229034,0.0182823095629982,-0.231940285388357,-0.00516359050544177
"524",30,"Xia et al. 2021","ChiCTR2000032459","BBIBP-CorV","Inactivated vaccine","ug","4","Shangqiu, China","Day 0/28/56 (booster)","Live SARS-CoV-2 virus","MNT 50",198,156.7,250.2,NA,"4",1,"3-5","children","84","booster",84,"GMT/CI",199.1,174.1,227.8,"Appendix 17",2.29907126002741,2.29666519026153,0.272978770325602,0.969499917363362,0.0297844256698342,0.0518414053287783,0.00240606976587854,1.00555555555556,NA,0.0597883209242789,0.272173617549323,0.021426136691318,-0.114779039245708,0.119591178777465
"525",30,"Xia et al. 2021","ChiCTR2000032459","BBIBP-CorV","Inactivated vaccine","ug","4","Shangqiu, China","Day 0/28/56 (booster)","Live SARS-CoV-2 virus","MNT 50",198,156.7,250.2,NA,"4",1,"6-12","children","84","booster",84,"GMT/CI",184.8,162.5,210.1,"Appendix 21",2.26670196688409,2.29666519026153,0.260862389838981,0.969499917363362,0.0284624201762907,0.0518414053287783,-0.0299632233774432,0.933333333333333,NA,0.059140854481098,0.259936057371566,0.0206069506361506,-0.145879298160395,0.0859528514055088
"526",30,"Xia et al. 2021","ChiCTR2000032459","BBIBP-CorV","Inactivated vaccine","ug","4","Shangqiu, China","Day 0/28/56 (booster)","Live SARS-CoV-2 virus","MNT 50",198,156.7,250.2,NA,"4",1,"13-17","children","84","booster",84,"GMT/CI",199,180.6,219.2,"Appendix 25",2.29885307640971,2.29666519026153,0.196683222574029,0.969499917363362,0.0214598989374604,0.0518414053287783,0.00218788614817589,1.00505050505051,NA,0.0561075624926685,0.196027321914519,0.0153720187216728,-0.107782936337454,0.112158708633806
"527",30,"Xia et al. 2021","ChiCTR2000032459","BBIBP-CorV","Inactivated vaccine","ug","4","Shangqiu, China","Day 0/28/56 (booster)","Live SARS-CoV-2 virus","MNT 50",198,156.7,250.2,NA,"8",2,"3-5","children","84","booster",84,"GMT/CI",224.4,202.2,249.1,"Appendix 17",2.35102285258412,2.29666519026153,0.211809866434258,0.969499917363362,0.0231103510922256,0.0518414053287783,0.0543576623225928,1.13333333333333,NA,0.0567593131923618,0.211612346821947,0.0163662699204357,-0.0568905915344364,0.165605916179622
"528",30,"Xia et al. 2021","ChiCTR2000032459","BBIBP-CorV","Inactivated vaccine","ug","4","Shangqiu, China","Day 0/28/56 (booster)","Live SARS-CoV-2 virus","MNT 50",198,156.7,250.2,NA,"8",2,"6-12","children","84","booster",84,"GMT/CI",175.8,175.8,195.4,"Appendix 21",2.24501887073775,2.29666519026153,0.107329741349384,0.969499917363362,0.0117106348584187,0.0518414053287783,-0.051646319523778,0.887878787878788,NA,0.0531476271836279,0.107220673361529,0.00836213604756208,-0.155815668803689,0.0525230297561326
"529",30,"Xia et al. 2021","ChiCTR2000032459","BBIBP-CorV","Inactivated vaccine","ug","4","Shangqiu, China","Day 0/28/56 (booster)","Live SARS-CoV-2 virus","MNT 50",198,156.7,250.2,NA,"8",2,"13-17","children","84","booster",84,"GMT/CI",192.1,175.3,210.6,"Appendix 25",2.28352736486169,2.29666519026153,0.186287431986374,0.969499917363362,0.0203256251927737,0.0518414053287783,-0.0131378253998373,0.97020202020202,NA,0.0556835913527477,0.185985542090378,0.014323050255847,-0.122277664451223,0.0960020136515483
"530",31,"Yang et al. 2021 Phase 1","NCT04445194","ZF2001","Protein subunit","ug","25","Chongqing & Beijing, China","Day 0/30/60","Live SARS-CoV-2 virus","MNT 50",51.2,38.3,70.5,89,"25",1,"18-59","adult","0","prime",15,"GMT/CI",2,2,2,"Figure 2D, Results",0.301029995663981,1.70926996097583,0.44734451237116,0.637733136799509,0.115503856428719,0.0675995773017286,-1.40823996531185,0.0390625,0.0480709438895537,0.133831400281393,0.437587931682914,0.0842295602834561,-1.67054950986338,-1.14593042076032
"531",31,"Yang et al. 2021 Phase 1","NCT04445194","ZF2001","Protein subunit","ug","25","Chongqing & Beijing, China","Day 0/30/60","Live SARS-CoV-2 virus","MNT 50",51.2,38.3,70.5,89,"50",2,"18-59","adult","0","prime",18,"GMT/CI",2,2,2,"Figure 2D, Results",0.301029995663981,1.70926996097583,0.44734451237116,0.637733136799509,0.105440112741412,0.0675995773017286,-1.40823996531185,0.0390625,0.0480709438895537,0.125249032835763,0.437952684650938,0.0765851906974202,-1.65372806966995,-1.16275186095375
"532",31,"Yang et al. 2021 Phase 2","NCT04466085","ZF2001","Protein subunit","ug","25","Xiangtan, Hunan Province, China","Day 0/30/60","Live SARS-CoV-2 virus","MNT 50",51.2,38.3,70.5,89,"25",1,"18-59","adult","0","prime",150,"GMT/CI",2,2,2,"Figure 2H, Results",0.301029995663981,1.70926996097583,0.44734451237116,0.637733136799509,0.0365255264847833,0.0675995773017286,-1.40823996531185,0.0390625,0.0480709438895537,0.0768362996009242,0.445878240137433,0.0255485314114426,-1.55883911252966,-1.25764081809404
"533",31,"Yang et al. 2021 Phase 2","NCT04466085","ZF2001","Protein subunit","ug","25","Xiangtan, Hunan Province, China","Day 0/30/60","Live SARS-CoV-2 virus","MNT 50",51.2,38.3,70.5,89,"50",2,"18-59","adult","0","prime",148,"GMT/CI",2,2,2,"Figure 2H, Results",0.301029995663981,1.70926996097583,0.44734451237116,0.637733136799509,0.0367714924052138,0.0675995773017286,-1.40823996531185,0.0390625,0.0480709438895537,0.0769535282172239,0.447405466971381,0.0260238471628738,-1.55906888061761,-1.25741105000609
"534",31,"Yang et al. 2021 Phase 1","NCT04445194","ZF2001","Protein subunit","ug","25","Chongqing & Beijing, China","Day 0/30/60","Live SARS-CoV-2 virus","MNT 50",51.2,38.3,70.5,89,"25",1,"18-59","adult","30","prime",15,"GMT/CI",2,2,2,"Figure 2D, Results",0.301029995663981,1.70926996097583,0.44734451237116,0.637733136799509,0.115503856428719,0.0675995773017286,-1.40823996531185,0.0390625,0.0480709438895537,0.133831400281393,0.437282768652417,0.084203787902744,-1.67054950986338,-1.14593042076032
"535",31,"Yang et al. 2021 Phase 1","NCT04445194","ZF2001","Protein subunit","ug","25","Chongqing & Beijing, China","Day 0/30/60","Live SARS-CoV-2 virus","MNT 50",51.2,38.3,70.5,89,"50",2,"18-59","adult","30","prime",18,"GMT/CI",2,2,2,"Figure 2D, Results",0.301029995663981,1.70926996097583,0.44734451237116,0.637733136799509,0.105440112741412,0.0675995773017286,-1.40823996531185,0.0390625,0.0480709438895537,0.125249032835763,0.444064589860484,0.0762449257479399,-1.65372806966995,-1.16275186095375
"536",31,"Yang et al. 2021 Phase 2","NCT04466085","ZF2001","Protein subunit","ug","25","Xiangtan, Hunan Province, China","Day 0/30/60","Live SARS-CoV-2 virus","MNT 50",51.2,38.3,70.5,89,"25",1,"18-59","adult","44","prime",150,"GMT/CI",19.5,15.2,25,"Figure 2H, Results",1.29003461136252,1.70926996097583,0.675160670948462,0.637733136799509,0.0551266379406288,0.0675995773017286,-0.419235349613313,0.380859375,0.0480709438895537,0.0872275705382739,0.675217502119047,0.0392423404594077,-0.59020138786833,-0.248269311358296
"537",31,"Yang et al. 2021 Phase 2","NCT04466085","ZF2001","Protein subunit","ug","25","Xiangtan, Hunan Province, China","Day 0/30/60","Live SARS-CoV-2 virus","MNT 50",51.2,38.3,70.5,89,"50",2,"18-59","adult","44","prime",148,"GMT/CI",12.6,10,16,"Figure 2H, Results",1.10037054511756,1.70926996097583,0.633476215400297,0.637733136799509,0.0520714241469196,0.0675995773017286,-0.608899415858268,0.24609375,0.0480709438895537,0.0853295732091798,0.632851773238222,0.03601346273724,-0.77614537934826,-0.441653452368275
"538",31,"Yang et al. 2021 Phase 1","NCT04445194","ZF2001","Protein subunit","ug","25","Chongqing & Beijing, China","Day 0/30/60","Live SARS-CoV-2 virus","MNT 50",51.2,38.3,70.5,89,"25",1,"18-59","adult","60","prime",15,"GMT/CI",14,8,24.6,"Figure 2D, Results",1.14612803567824,1.70926996097583,0.481993884112282,0.637733136799509,0.124450285742713,0.0675995773017286,-0.563141925297593,0.2734375,0.0480709438895537,0.14162477351373,0.47563608749865,0.0905949815792387,-0.840726481384504,-0.285557369210682
"539",31,"Yang et al. 2021 Phase 2","NCT04466085","ZF2001","Protein subunit","ug","25","Chongqing & Beijing, China","Day 0/30/60","Live SARS-CoV-2 virus","MNT 50",51.2,38.3,70.5,89,"50",2,"18-59","adult","60","prime",18,"GMT/CI",11.4,6.6,19.8,"Figure 2D, Results",1.05690485133647,1.70926996097583,0.516391338766083,0.637733136799509,0.121714605795832,0.0675995773017286,-0.652365109639358,0.22265625,0.0480709438895537,0.139226966193361,0.508544086757295,0.0879680502408555,-0.925249963378345,-0.379480255900371
"540",31,"Yang et al. 2021 Phase 1","NCT04445194","ZF2001","Protein subunit","ug","25","Chongqing & Beijing, China","Day 0/30/60","Live SARS-CoV-2 virus","MNT 50",51.2,38.3,70.5,89,"25",1,"18-59","adult","67","prime",15,"GMT/CI",94.5,49.3,181.3,"Figure 2D, Results",1.97543180850926,1.70926996097583,0.558767642432159,0.637733136799509,0.144273184902622,0.0675995773017286,0.266161847533432,1.845703125,0.0480709438895537,0.15932499720169,0.549612960738093,0.106798927132659,-0.0461151469818806,0.578438842048745
"541",31,"Yang et al. 2021 Phase 2","NCT04466085","ZF2001","Protein subunit","ug","25","Chongqing & Beijing, China","Day 0/30/60","Live SARS-CoV-2 virus","MNT 50",51.2,38.3,70.5,89,"50",2,"18-59","adult","67","prime",18,"GMT/CI",117.8,64.6,214.9,"Figure 2D, Results",2.07114529045108,1.70926996097583,0.56496810570227,0.637733136799509,0.133164259565398,0.0675995773017286,0.361875329475252,2.30078125,0.0480709438895537,0.149339957402475,0.555825669261906,0.0946678096169397,0.0691690129664011,0.654581645984103
"542",31,"Yang et al. 2021 Phase 2","NCT04466085","ZF2001","Protein subunit","ug","25","Xiangtan, Hunan Province, China","Day 0/30/60","Live SARS-CoV-2 virus","MNT 50",51.2,38.3,70.5,89,"25",1,"18-59","adult","74","prime",150,"GMT/CI",102.5,81.8,128.5,"Figure 2H, Results",2.01072386539177,1.70926996097583,0.612840538172072,0.637733136799509,0.0500382204071404,0.0675995773017286,0.301453904415942,2.001953125,0.0480709438895537,0.084104258827279,0.611319584813814,0.0356793324946441,0.136609557114475,0.466298251717409
"543",31,"Yang et al. 2021 Phase 2","NCT04466085","ZF2001","Protein subunit","ug","25","Xiangtan, Hunan Province, China","Day 0/30/60","Live SARS-CoV-2 virus","MNT 50",51.2,38.3,70.5,89,"50",2,"18-59","adult","74","prime",148,"GMT/CI",69.1,53,90,"Figure 2H, Results",1.8394780473742,1.70926996097583,0.713690030626751,0.637733136799509,0.0586649591424837,0.0675995773017286,0.130208086398367,1.349609375,0.0480709438895537,0.0895057555834353,0.713206916384537,0.0420837780025189,-0.0452231945451657,0.305639367341901
"544",33,"Keech et al. 2020","NCT04368988","NVX-CoV2373","Protein subunit","ug","5 + Matrix-M1","Queensland & Melbourne, Australia","Day 0/21","Live SARS-CoV-2 virus","MNT 50",983.8,579.4,1670.5,32,"5 + Matrix-M1",1,"18-59","adult","0","prime",29,"GMT/CI",20,20,20,"Table S11",1.30102999566398,2.99290681822331,0.44734451237116,0.663624027648494,0.083069790506411,0.117313262527145,-1.69187682255933,0.020329335230738,0.0842803357917367,0.143746275289281,0.442833371747781,0.0596193458096503,-1.97361952212632,-1.41013412299234
"545",33,"Keech et al. 2020","NCT04368988","NVX-CoV2373","Protein subunit","ug","5 + Matrix-M1","Queensland & Melbourne, Australia","Day 0/21","Live SARS-CoV-2 virus","MNT 50",983.8,579.4,1670.5,32,"25 + Matrix-M1",5,"18-59","adult","0","prime",28,"GMT/CI",20,20,20,"Table S11",1.30102999566398,2.99290681822331,0.44734451237116,0.663624027648494,0.0845401664359677,0.117313262527145,-1.69187682255933,0.020329335230738,0.0842803357917367,0.144600972699992,0.443301963116159,0.0605750533686731,-1.97529472905132,-1.40845891606735
"546",33,"Keech et al. 2020","NCT04368988","NVX-CoV2373","Protein subunit","ug","5 + Matrix-M1","Queensland & Melbourne, Australia","Day 0","Live SARS-CoV-2 virus","MNT 50",983.8,579.4,1670.5,32,"25 + Matrix-M1",5,"18-59","adult","0","prime",26,"GMT/CI",20,20,20,"Table S11",1.30102999566398,2.99290681822331,0.44734451237116,0.663624027648494,0.0877314768415075,0.117313262527145,-1.69187682255933,0.020329335230738,0.0842803357917367,0.146489636471509,0.441661576158485,0.0616921532302562,-1.97899651004349,-1.40475713507517
"547",33,"Keech et al. 2020","NCT04368988","NVX-CoV2373","Protein subunit","ug","5 + Matrix-M1","Queensland & Melbourne, Australia","Day 0/21","Live SARS-CoV-2 virus","MNT 50",983.8,579.4,1670.5,32,"5 + Matrix-M1",1,"18-59","adult","21","prime",29,"GMT/CI",103.3,74.8,142.6,"Table S11",2.01410032151962,2.99290681822331,0.384954010795001,0.663624027648494,0.0714841652171902,0.117313262527145,-0.978806496703692,0.105001016466762,0.0842803357917367,0.13737680823764,0.382192437971478,0.0513235601284354,-1.24806504084947,-0.709547952557917
"548",33,"Keech et al. 2020","NCT04368988","NVX-CoV2373","Protein subunit","ug","5 + Matrix-M1","Queensland & Melbourne, Australia","Day 0/21","Live SARS-CoV-2 virus","MNT 50",983.8,579.4,1670.5,32,"25 + Matrix-M1",5,"18-59","adult","21","prime",27,"GMT/CI",126.2,79.5,200.4,"Table S11",2.10105935490812,2.99290681822331,0.532248505210812,0.663624027648494,0.102431272586413,0.117313262527145,-0.891847463315197,0.128278105305957,0.0842803357917367,0.155738778627658,0.526398488304569,0.0718099840773465,-1.19709546942541,-0.586599457204986
"549",33,"Keech et al. 2020","NCT04368988","NVX-CoV2373","Protein subunit","ug","5 + Matrix-M1","Queensland & Melbourne, Australia","Day 0","Live SARS-CoV-2 virus","MNT 50",983.8,579.4,1670.5,32,"25 + Matrix-M1",5,"18-59","adult","21","prime",26,"GMT/CI",117.8,74.2,187,"Table S11",2.07114529045108,2.99290681822331,0.52217823270502,0.663624027648494,0.102407576851396,0.117313262527145,-0.92176152777223,0.119739784509047,0.0842803357917367,0.155723194679975,0.516140574028412,0.0722483911078364,-1.22697898934498,-0.616544066199479
"550",33,"Keech et al. 2020","NCT04368988","NVX-CoV2373","Protein subunit","ug","5 + Matrix-M1","Queensland & Melbourne, Australia","Day 0/21","Live SARS-CoV-2 virus","MNT 50",983.8,579.4,1670.5,32,"5 + Matrix-M1",1,"18-59","adult","35","prime",29,"GMT/CI",3906.3,2555.9,5970,"Table S11",3.59176559362194,2.99290681822331,0.506137453544825,0.663624027648494,0.0939873656000782,0.117313262527145,0.59885877539863,3.97062411059159,0.0842803357917367,0.150319747396028,0.502507628348966,0.068173193895165,0.304232070502415,0.893485480294844
"551",33,"Keech et al. 2020","NCT04368988","NVX-CoV2373","Protein subunit","ug","5 + Matrix-M1","Queensland & Melbourne, Australia","Day 0/21","Live SARS-CoV-2 virus","MNT 50",983.8,579.4,1670.5,32,"25 + Matrix-M1",5,"18-59","adult","35","prime",27,"GMT/CI",3305,2205.3,4953.2,"Table S11",3.51917146382166,2.99290681822331,0.465822056794384,0.663624027648494,0.0896474966282342,0.117313262527145,0.526264645598347,3.35942264687945,0.0842803357917367,0.147645098856928,0.462200884025433,0.0625400741522984,0.236880251838768,0.815649039357926
"552",33,"Keech et al. 2020","NCT04368988","NVX-CoV2373","Protein subunit","ug","5 + Matrix-M1","Queensland & Melbourne, Australia","Day 0","Live SARS-CoV-2 virus","MNT 50",983.8,579.4,1670.5,32,"25 + Matrix-M1",5,"18-59","adult","35","prime",26,"GMT/CI",127.6,81.8,199.1,"Table S11",2.10585067438514,2.99290681822331,0.502510917834431,0.663624027648494,0.0985504990704303,0.117313262527145,-0.887056143838169,0.129701158772108,0.0842803357917367,0.153214237040145,0.498159810287181,0.0712214500069392,-1.18735604843685,-0.586756239239485
"553",35,"Richmond et al. 2021","NCT04405908","SCB-2019","Protein subunit","ug","30 + CpG-1018 and alum","Perth, Australia","Day 0/21","Wild-type Live SARS-CoV-2 virus","MNT 50",640,NA,NA,20,"3 + CpG/alum",0.1,"18-54","adult","0","prime",24,"GMT/CI",10,NA,NA,"Figure 3",1,2.80617997398389,0.44734451237116,0.969499917363362,0.0913138162119583,0.216786771940491,-1.80617997398389,0.015625,NA,0.235233325699335,0.441966894903778,0.0656419767998184,-2.26723729235458,-1.34512265561319
"554",35,"Richmond et al. 2021","NCT04405908","SCB-2019","Protein subunit","ug","30 + CpG-1018 and alum","Perth, Australia","Day 0/21","Wild-type Live SARS-CoV-2 virus","MNT 50",640,NA,NA,20,"3 + CpG/alum",0.1,"55-75","elderly","0","prime",24,"GMT/CI",10,NA,NA,"Figure 3",1,2.80617997398389,0.44734451237116,0.969499917363362,0.0913138162119583,0.216786771940491,-1.80617997398389,0.015625,NA,0.235233325699335,0.443432008496569,0.0675278686366278,-2.26723729235458,-1.34512265561319
"555",35,"Richmond et al. 2021","NCT04405908","SCB-2019","Protein subunit","ug","30 + CpG-1018 and alum","Perth, Australia","Day 0/21","Wild-type Live SARS-CoV-2 virus","MNT 50",640,NA,NA,20,"9 + CpG/alum",0.3,"18-54","adult","0","prime",24,"GMT/CI",10,NA,NA,"Figure 3",1,2.80617997398389,0.44734451237116,0.969499917363362,0.0913138162119583,0.216786771940491,-1.80617997398389,0.015625,NA,0.235233325699335,0.440711141678014,0.066283260916845,-2.26723729235458,-1.34512265561319
"556",35,"Richmond et al. 2021","NCT04405908","SCB-2019","Protein subunit","ug","30 + CpG-1018 and alum","Perth, Australia","Day 0/21","Wild-type Live SARS-CoV-2 virus","MNT 50",640,NA,NA,20,"9 + CpG/alum",0.3,"55-75","elderly","0","prime",24,"GMT/CI",10,NA,NA,"Figure 3",1,2.80617997398389,0.44734451237116,0.969499917363362,0.0913138162119583,0.216786771940491,-1.80617997398389,0.015625,NA,0.235233325699335,0.443520885550007,0.0665943410223019,-2.26723729235458,-1.34512265561319
"557",35,"Richmond et al. 2021","NCT04405908","SCB-2019","Protein subunit","ug","30 + CpG-1018 and alum","Perth, Australia","Day 0/21","Wild-type Live SARS-CoV-2 virus","MNT 50",640,NA,NA,20,"30 + CpG/alum",1,"18-54","adult","0","prime",24,"GMT/CI",10,NA,NA,"Figure 3",1,2.80617997398389,0.44734451237116,0.969499917363362,0.0913138162119583,0.216786771940491,-1.80617997398389,0.015625,NA,0.235233325699335,0.443046508180358,0.0667835489255045,-2.26723729235458,-1.34512265561319
"558",35,"Richmond et al. 2021","NCT04405908","SCB-2019","Protein subunit","ug","30 + CpG-1018 and alum","Perth, Australia","Day 0/21","Wild-type Live SARS-CoV-2 virus","MNT 50",640,NA,NA,20,"30 + CpG/alum",1,"55-75","elderly","0","prime",24,"GMT/CI",10,NA,NA,"Figure 3",1,2.80617997398389,0.44734451237116,0.969499917363362,0.0913138162119583,0.216786771940491,-1.80617997398389,0.015625,NA,0.235233325699335,0.442106720685063,0.0643216976872798,-2.26723729235458,-1.34512265561319
"559",35,"Richmond et al. 2021","NCT04405908","SCB-2019","Protein subunit","ug","30 + CpG-1018 and alum","Perth, Australia","Day 0/21","Alpha Live SARS-CoV-2 virus","MNT 50",453,NA,NA,NA,"3 + CpG/alum",0.1,"18-54","adult","0","prime",46,"GMT/CI",10,NA,NA,"Figure 3",1,2.65609820201283,0.44734451237116,0.969499917363362,0.0659573499791624,NA,-1.65609820201283,0.022075055187638,NA,NA,0.445388970467139,0.046849384906036,NA,NA
"560",35,"Richmond et al. 2021","NCT04405908","SCB-2019","Protein subunit","ug","30 + CpG-1018 and alum","Perth, Australia","Day 0/21","Alpha Live SARS-CoV-2 virus","MNT 50",453,NA,NA,NA,"3 + CpG/alum",0.1,"55-75","elderly","0","prime",46,"GMT/CI",10,NA,NA,"Figure 3",1,2.65609820201283,0.44734451237116,0.969499917363362,0.0659573499791624,NA,-1.65609820201283,0.022075055187638,NA,NA,0.44555459696819,0.0472779356978363,NA,NA
"561",35,"Richmond et al. 2021","NCT04405908","SCB-2019","Protein subunit","ug","30 + CpG-1018 and alum","Perth, Australia","Day 0/21","Alpha Live SARS-CoV-2 virus","MNT 50",453,NA,NA,NA,"9 + CpG/alum",0.3,"18-54","adult","0","prime",46,"GMT/CI",10,NA,NA,"Figure 3",1,2.65609820201283,0.44734451237116,0.969499917363362,0.0659573499791624,NA,-1.65609820201283,0.022075055187638,NA,NA,0.44389449864542,0.046777958034968,NA,NA
"562",35,"Richmond et al. 2021","NCT04405908","SCB-2019","Protein subunit","ug","30 + CpG-1018 and alum","Perth, Australia","Day 0/21","Alpha Live SARS-CoV-2 virus","MNT 50",453,NA,NA,NA,"9 + CpG/alum",0.3,"55-75","elderly","0","prime",46,"GMT/CI",10,NA,NA,"Figure 3",1,2.65609820201283,0.44734451237116,0.969499917363362,0.0659573499791624,NA,-1.65609820201283,0.022075055187638,NA,NA,0.444460263661892,0.0475443255502203,NA,NA
"563",35,"Richmond et al. 2021","NCT04405908","SCB-2019","Protein subunit","ug","30 + CpG-1018 and alum","Perth, Australia","Day 0/21","Alpha Live SARS-CoV-2 virus","MNT 50",453,NA,NA,NA,"30 + CpG/alum",1,"18-54","adult","0","prime",46,"GMT/CI",10,NA,NA,"Figure 3",1,2.65609820201283,0.44734451237116,0.969499917363362,0.0659573499791624,NA,-1.65609820201283,0.022075055187638,NA,NA,0.442907176103106,0.0477506889312466,NA,NA
"564",35,"Richmond et al. 2021","NCT04405908","SCB-2019","Protein subunit","ug","30 + CpG-1018 and alum","Perth, Australia","Day 0/21","Alpha Live SARS-CoV-2 virus","MNT 50",453,NA,NA,NA,"30 + CpG/alum",1,"55-75","elderly","0","prime",46,"GMT/CI",10,NA,NA,"Figure 3",1,2.65609820201283,0.44734451237116,0.969499917363362,0.0659573499791624,NA,-1.65609820201283,0.022075055187638,NA,NA,0.444661032912214,0.0475282495812503,NA,NA
"565",35,"Richmond et al. 2021","NCT04405908","SCB-2019","Protein subunit","ug","30 + CpG-1018 and alum","Perth, Australia","Day 0/21","Beta Live SARS-CoV-2 virus","MNT 50",160,NA,NA,NA,"3 + CpG/alum",0.1,"18-54","adult","0","prime",46,"GMT/CI",10,NA,NA,"Figure 3",1,2.20411998265592,0.44734451237116,0.969499917363362,0.0659573499791624,NA,-1.20411998265592,0.0625,NA,NA,0.444807782628778,0.0467068836771917,NA,NA
"566",35,"Richmond et al. 2021","NCT04405908","SCB-2019","Protein subunit","ug","30 + CpG-1018 and alum","Perth, Australia","Day 0/21","Beta Live SARS-CoV-2 virus","MNT 50",160,NA,NA,NA,"3 + CpG/alum",0.1,"55-75","elderly","0","prime",46,"GMT/CI",10,NA,NA,"Figure 3",1,2.20411998265592,0.44734451237116,0.969499917363362,0.0659573499791624,NA,-1.20411998265592,0.0625,NA,NA,0.445215863839817,0.0469488989916532,NA,NA
"567",35,"Richmond et al. 2021","NCT04405908","SCB-2019","Protein subunit","ug","30 + CpG-1018 and alum","Perth, Australia","Day 0/21","Beta Live SARS-CoV-2 virus","MNT 50",160,NA,NA,NA,"9 + CpG/alum",0.3,"18-54","adult","0","prime",46,"GMT/CI",10,NA,NA,"Figure 3",1,2.20411998265592,0.44734451237116,0.969499917363362,0.0659573499791624,NA,-1.20411998265592,0.0625,NA,NA,0.443751920736807,0.0468339948581526,NA,NA
"568",35,"Richmond et al. 2021","NCT04405908","SCB-2019","Protein subunit","ug","30 + CpG-1018 and alum","Perth, Australia","Day 0/21","Beta Live SARS-CoV-2 virus","MNT 50",160,NA,NA,NA,"9 + CpG/alum",0.3,"55-75","elderly","0","prime",46,"GMT/CI",10,NA,NA,"Figure 3",1,2.20411998265592,0.44734451237116,0.969499917363362,0.0659573499791624,NA,-1.20411998265592,0.0625,NA,NA,0.444091803515197,0.0479099341449966,NA,NA
"569",35,"Richmond et al. 2021","NCT04405908","SCB-2019","Protein subunit","ug","30 + CpG-1018 and alum","Perth, Australia","Day 0/21","Beta Live SARS-CoV-2 virus","MNT 50",160,NA,NA,NA,"30 + CpG/alum",1,"18-54","adult","0","prime",46,"GMT/CI",10,NA,NA,"Figure 3",1,2.20411998265592,0.44734451237116,0.969499917363362,0.0659573499791624,NA,-1.20411998265592,0.0625,NA,NA,0.444834699885338,0.0468092408706591,NA,NA
"570",35,"Richmond et al. 2021","NCT04405908","SCB-2019","Protein subunit","ug","30 + CpG-1018 and alum","Perth, Australia","Day 0/21","Beta Live SARS-CoV-2 virus","MNT 50",160,NA,NA,NA,"30 + CpG/alum",1,"55-75","elderly","0","prime",46,"GMT/CI",10,NA,NA,"Figure 3",1,2.20411998265592,0.44734451237116,0.969499917363362,0.0659573499791624,NA,-1.20411998265592,0.0625,NA,NA,0.444961699088149,0.0472110360637367,NA,NA
"571",35,"Richmond et al. 2021","NCT04405908","SCB-2019","Protein subunit","ug","30 + CpG-1018 and alum","Perth, Australia","Day 0/21","Gamma Live SARS-CoV-2 virus","MNT 50",320,NA,NA,NA,"3 + CpG/alum",0.1,"18-54","adult","0","prime",46,"GMT/CI",10,NA,NA,"Figure 3",1,2.50514997831991,0.44734451237116,0.969499917363362,0.0659573499791624,NA,-1.50514997831991,0.03125,NA,NA,0.446599339005908,0.0476098113293413,NA,NA
"572",35,"Richmond et al. 2021","NCT04405908","SCB-2019","Protein subunit","ug","30 + CpG-1018 and alum","Perth, Australia","Day 0/21","Gamma Live SARS-CoV-2 virus","MNT 50",320,NA,NA,NA,"3 + CpG/alum",0.1,"55-75","elderly","0","prime",46,"GMT/CI",10,NA,NA,"Figure 3",1,2.50514997831991,0.44734451237116,0.969499917363362,0.0659573499791624,NA,-1.50514997831991,0.03125,NA,NA,0.444684642091506,0.0467071491185472,NA,NA
"573",35,"Richmond et al. 2021","NCT04405908","SCB-2019","Protein subunit","ug","30 + CpG-1018 and alum","Perth, Australia","Day 0/21","Gamma Live SARS-CoV-2 virus","MNT 50",320,NA,NA,NA,"9 + CpG/alum",0.3,"18-54","adult","0","prime",46,"GMT/CI",10,NA,NA,"Figure 3",1,2.50514997831991,0.44734451237116,0.969499917363362,0.0659573499791624,NA,-1.50514997831991,0.03125,NA,NA,0.445301366899726,0.0474891218584638,NA,NA
"574",35,"Richmond et al. 2021","NCT04405908","SCB-2019","Protein subunit","ug","30 + CpG-1018 and alum","Perth, Australia","Day 0/21","Gamma Live SARS-CoV-2 virus","MNT 50",320,NA,NA,NA,"9 + CpG/alum",0.3,"55-75","elderly","0","prime",46,"GMT/CI",10,NA,NA,"Figure 3",1,2.50514997831991,0.44734451237116,0.969499917363362,0.0659573499791624,NA,-1.50514997831991,0.03125,NA,NA,0.444691297943903,0.0467768209733648,NA,NA
"575",35,"Richmond et al. 2021","NCT04405908","SCB-2019","Protein subunit","ug","30 + CpG-1018 and alum","Perth, Australia","Day 0/21","Gamma Live SARS-CoV-2 virus","MNT 50",320,NA,NA,NA,"30 + CpG/alum",1,"18-54","adult","0","prime",46,"GMT/CI",10,NA,NA,"Figure 3",1,2.50514997831991,0.44734451237116,0.969499917363362,0.0659573499791624,NA,-1.50514997831991,0.03125,NA,NA,0.444618101370813,0.048071975422008,NA,NA
"576",35,"Richmond et al. 2021","NCT04405908","SCB-2019","Protein subunit","ug","30 + CpG-1018 and alum","Perth, Australia","Day 0/21","Gamma Live SARS-CoV-2 virus","MNT 50",320,NA,NA,NA,"30 + CpG/alum",1,"55-75","elderly","0","prime",46,"GMT/CI",10,NA,NA,"Figure 3",1,2.50514997831991,0.44734451237116,0.969499917363362,0.0659573499791624,NA,-1.50514997831991,0.03125,NA,NA,0.446048714516955,0.0470234345301586,NA,NA
"577",35,"Richmond et al. 2021","NCT04405908","SCB-2019","Protein subunit","ug","30 + CpG-1018 and alum","Perth, Australia","Day 0/21","Wild-type Live SARS-CoV-2 virus","MNT 50",640,NA,NA,20,"3 + CpG/alum",0.1,"18-54","adult","35","prime",24,"GMT/CI",95,NA,NA,"Figure 3",1.97772360528885,2.80617997398389,0.44734451237116,0.969499917363362,0.0913138162119583,0.216786771940491,-0.828456368695039,0.1484375,NA,0.235233325699335,0.441694701906968,0.0685856345937574,-1.28951368706574,-0.367399050324342
"578",35,"Richmond et al. 2021","NCT04405908","SCB-2019","Protein subunit","ug","30 + CpG-1018 and alum","Perth, Australia","Day 0/21","Wild-type Live SARS-CoV-2 virus","MNT 50",640,NA,NA,20,"3 + CpG/alum",0.1,"55-75","elderly","35","prime",24,"GMT/CI",32,NA,NA,"Figure 3",1.50514997831991,2.80617997398389,0.44734451237116,0.969499917363362,0.0913138162119583,0.216786771940491,-1.30102999566398,0.05,NA,0.235233325699335,0.440891303279336,0.064673516671157,-1.76208731403468,-0.839972677293284
"579",35,"Richmond et al. 2021","NCT04405908","SCB-2019","Protein subunit","ug","30 + CpG-1018 and alum","Perth, Australia","Day 0/21","Wild-type Live SARS-CoV-2 virus","MNT 50",640,NA,NA,20,"9 + CpG/alum",0.3,"18-54","adult","35","prime",24,"GMT/CI",167,NA,NA,"Figure 3",2.22271647114758,2.80617997398389,0.44734451237116,0.969499917363362,0.0913138162119583,0.216786771940491,-0.583463502836304,0.2609375,NA,0.235233325699335,0.441888717445347,0.0666069426572101,-1.044520821207,-0.122406184465607
"580",35,"Richmond et al. 2021","NCT04405908","SCB-2019","Protein subunit","ug","30 + CpG-1018 and alum","Perth, Australia","Day 0/21","Wild-type Live SARS-CoV-2 virus","MNT 50",640,NA,NA,20,"9 + CpG/alum",0.3,"55-75","elderly","35","prime",24,"GMT/CI",72,NA,NA,"Figure 3",1.85733249643127,2.80617997398389,0.44734451237116,0.969499917363362,0.0913138162119583,0.216786771940491,-0.948847477552619,0.1125,NA,0.235233325699335,0.442811005878756,0.0648131970444339,-1.40990479592332,-0.487790159181921
"581",35,"Richmond et al. 2021","NCT04405908","SCB-2019","Protein subunit","ug","30 + CpG-1018 and alum","Perth, Australia","Day 0/21","Wild-type Live SARS-CoV-2 virus","MNT 50",640,NA,NA,20,"30 + CpG/alum",1,"18-54","adult","35","prime",24,"GMT/CI",609,NA,NA,"Figure 3",2.78461729263288,2.80617997398389,0.44734451237116,0.969499917363362,0.0913138162119583,0.216786771940491,-0.0215626813510119,0.9515625,NA,0.235233325699335,0.440101219304823,0.0649322085674425,-0.482619999721709,0.439494637019685
"582",35,"Richmond et al. 2021","NCT04405908","SCB-2019","Protein subunit","ug","30 + CpG-1018 and alum","Perth, Australia","Day 0/21","Wild-type Live SARS-CoV-2 virus","MNT 50",640,NA,NA,20,"30 + CpG/alum",1,"55-75","elderly","35","prime",24,"GMT/CI",84,NA,NA,"Figure 3",1.92427928606188,2.80617997398389,0.44734451237116,0.969499917363362,0.0913138162119583,0.216786771940491,-0.881900687922005,0.13125,NA,0.235233325699335,0.445982636496154,0.0653333133873902,-1.3429580062927,-0.420843369551308
"583",35,"Richmond et al. 2021","NCT04405908","SCB-2019","Protein subunit","ug","30 + CpG-1018 and alum","Perth, Australia","Day 0/21","Alpha Live SARS-CoV-2 virus","MNT 50",453,NA,NA,NA,"3 + CpG/alum",0.1,"18-54","adult","35","prime",46,"GMT/CI",23,NA,NA,"Figure 3",1.36172783601759,2.65609820201283,0.44734451237116,0.969499917363362,0.0659573499791624,NA,-1.29437036599524,0.0507726269315673,NA,NA,0.445940014801594,0.0479875754442309,NA,NA
"584",35,"Richmond et al. 2021","NCT04405908","SCB-2019","Protein subunit","ug","30 + CpG-1018 and alum","Perth, Australia","Day 0/21","Alpha Live SARS-CoV-2 virus","MNT 50",453,NA,NA,NA,"3 + CpG/alum",0.1,"55-75","elderly","35","prime",46,"GMT/CI",14,NA,NA,"Figure 3",1.14612803567824,2.65609820201283,0.44734451237116,0.969499917363362,0.0659573499791624,NA,-1.50997016633459,0.0309050772626932,NA,NA,0.444629169584217,0.0462739246321131,NA,NA
"585",35,"Richmond et al. 2021","NCT04405908","SCB-2019","Protein subunit","ug","30 + CpG-1018 and alum","Perth, Australia","Day 0/21","Alpha Live SARS-CoV-2 virus","MNT 50",453,NA,NA,NA,"9 + CpG/alum",0.3,"18-54","adult","35","prime",46,"GMT/CI",113,NA,NA,"Figure 3",2.05307844348342,2.65609820201283,0.44734451237116,0.969499917363362,0.0659573499791624,NA,-0.603019758529412,0.249448123620309,NA,NA,0.444498343652964,0.0471757478343808,NA,NA
"586",35,"Richmond et al. 2021","NCT04405908","SCB-2019","Protein subunit","ug","30 + CpG-1018 and alum","Perth, Australia","Day 0/21","Alpha Live SARS-CoV-2 virus","MNT 50",453,NA,NA,NA,"9 + CpG/alum",0.3,"55-75","elderly","35","prime",46,"GMT/CI",36,NA,NA,"Figure 3",1.55630250076729,2.65609820201283,0.44734451237116,0.969499917363362,0.0659573499791624,NA,-1.09979570124554,0.0794701986754967,NA,NA,0.446586137978127,0.0473641202605009,NA,NA
"587",35,"Richmond et al. 2021","NCT04405908","SCB-2019","Protein subunit","ug","30 + CpG-1018 and alum","Perth, Australia","Day 0/21","Alpha Live SARS-CoV-2 virus","MNT 50",453,NA,NA,NA,"30 + CpG/alum",1,"18-54","adult","35","prime",46,"GMT/CI",320,NA,NA,"Figure 3",2.50514997831991,2.65609820201283,0.44734451237116,0.969499917363362,0.0659573499791624,NA,-0.150948223692926,0.706401766004415,NA,NA,0.445059953951728,0.0469095896858395,NA,NA
"588",35,"Richmond et al. 2021","NCT04405908","SCB-2019","Protein subunit","ug","30 + CpG-1018 and alum","Perth, Australia","Day 0/21","Alpha Live SARS-CoV-2 virus","MNT 50",453,NA,NA,NA,"30 + CpG/alum",1,"55-75","elderly","35","prime",46,"GMT/CI",37,NA,NA,"Figure 3",1.568201724067,2.65609820201283,0.44734451237116,0.969499917363362,0.0659573499791624,NA,-1.08789647794584,0.0816777041942605,NA,NA,0.444212367988685,0.0453734372011157,NA,NA
"589",35,"Richmond et al. 2021","NCT04405908","SCB-2019","Protein subunit","ug","30 + CpG-1018 and alum","Perth, Australia","Day 0/21","Beta Live SARS-CoV-2 virus","MNT 50",160,NA,NA,NA,"3 + CpG/alum",0.1,"18-54","adult","35","prime",46,"GMT/CI",11,NA,NA,"Figure 3",1.04139268515823,2.20411998265592,0.44734451237116,0.969499917363362,0.0659573499791624,NA,-1.1627272974977,0.06875,NA,NA,0.445235770345603,0.0465810461998497,NA,NA
"590",35,"Richmond et al. 2021","NCT04405908","SCB-2019","Protein subunit","ug","30 + CpG-1018 and alum","Perth, Australia","Day 0/21","Beta Live SARS-CoV-2 virus","MNT 50",160,NA,NA,NA,"3 + CpG/alum",0.1,"55-75","elderly","35","prime",46,"GMT/CI",13,NA,NA,"Figure 3",1.11394335230684,2.20411998265592,0.44734451237116,0.969499917363362,0.0659573499791624,NA,-1.09017663034909,0.08125,NA,NA,0.444014954779939,0.0474665115639151,NA,NA
"591",35,"Richmond et al. 2021","NCT04405908","SCB-2019","Protein subunit","ug","30 + CpG-1018 and alum","Perth, Australia","Day 0/21","Beta Live SARS-CoV-2 virus","MNT 50",160,NA,NA,NA,"9 + CpG/alum",0.3,"18-54","adult","35","prime",46,"GMT/CI",37,NA,NA,"Figure 3",1.568201724067,2.20411998265592,0.44734451237116,0.969499917363362,0.0659573499791624,NA,-0.63591825858893,0.23125,NA,NA,0.44520847340887,0.0474255380690891,NA,NA
"592",35,"Richmond et al. 2021","NCT04405908","SCB-2019","Protein subunit","ug","30 + CpG-1018 and alum","Perth, Australia","Day 0/21","Beta Live SARS-CoV-2 virus","MNT 50",160,NA,NA,NA,"9 + CpG/alum",0.3,"55-75","elderly","35","prime",46,"GMT/CI",15,NA,NA,"Figure 3",1.17609125905568,2.20411998265592,0.44734451237116,0.969499917363362,0.0659573499791624,NA,-1.02802872360024,0.0937500000000001,NA,NA,0.442961760594389,0.0461545598542787,NA,NA
"593",35,"Richmond et al. 2021","NCT04405908","SCB-2019","Protein subunit","ug","30 + CpG-1018 and alum","Perth, Australia","Day 0/21","Beta Live SARS-CoV-2 virus","MNT 50",160,NA,NA,NA,"30 + CpG/alum",1,"18-54","adult","35","prime",46,"GMT/CI",34,NA,NA,"Figure 3",1.53147891704226,2.20411998265592,0.44734451237116,0.969499917363362,0.0659573499791624,NA,-0.672641065613669,0.2125,NA,NA,0.445723439690658,0.0477452209612845,NA,NA
"594",35,"Richmond et al. 2021","NCT04405908","SCB-2019","Protein subunit","ug","30 + CpG-1018 and alum","Perth, Australia","Day 0/21","Beta Live SARS-CoV-2 virus","MNT 50",160,NA,NA,NA,"30 + CpG/alum",1,"55-75","elderly","35","prime",46,"GMT/CI",11,NA,NA,"Figure 3",1.04139268515823,2.20411998265592,0.44734451237116,0.969499917363362,0.0659573499791624,NA,-1.1627272974977,0.06875,NA,NA,0.444846248419643,0.0464111158750435,NA,NA
"595",35,"Richmond et al. 2021","NCT04405908","SCB-2019","Protein subunit","ug","30 + CpG-1018 and alum","Perth, Australia","Day 0/21","Gamma Live SARS-CoV-2 virus","MNT 50",320,NA,NA,NA,"3 + CpG/alum",0.1,"18-54","adult","35","prime",46,"GMT/CI",32,NA,NA,"Figure 3",1.50514997831991,2.50514997831991,0.44734451237116,0.969499917363362,0.0659573499791624,NA,-1,0.1,NA,NA,0.444789840157747,0.0474050837387696,NA,NA
"596",35,"Richmond et al. 2021","NCT04405908","SCB-2019","Protein subunit","ug","30 + CpG-1018 and alum","Perth, Australia","Day 0/21","Gamma Live SARS-CoV-2 virus","MNT 50",320,NA,NA,NA,"3 + CpG/alum",0.1,"55-75","elderly","35","prime",46,"GMT/CI",20,NA,NA,"Figure 3",1.30102999566398,2.50514997831991,0.44734451237116,0.969499917363362,0.0659573499791624,NA,-1.20411998265592,0.0625,NA,NA,0.445240762281423,0.0460523783856809,NA,NA
"597",35,"Richmond et al. 2021","NCT04405908","SCB-2019","Protein subunit","ug","30 + CpG-1018 and alum","Perth, Australia","Day 0/21","Gamma Live SARS-CoV-2 virus","MNT 50",320,NA,NA,NA,"9 + CpG/alum",0.3,"18-54","adult","35","prime",46,"GMT/CI",57,NA,NA,"Figure 3",1.75587485567249,2.50514997831991,0.44734451237116,0.969499917363362,0.0659573499791624,NA,-0.749275122647414,0.178125,NA,NA,0.445380519813374,0.0467542466008868,NA,NA
"598",35,"Richmond et al. 2021","NCT04405908","SCB-2019","Protein subunit","ug","30 + CpG-1018 and alum","Perth, Australia","Day 0/21","Gamma Live SARS-CoV-2 virus","MNT 50",320,NA,NA,NA,"9 + CpG/alum",0.3,"55-75","elderly","35","prime",46,"GMT/CI",34,NA,NA,"Figure 3",1.53147891704226,2.50514997831991,0.44734451237116,0.969499917363362,0.0659573499791624,NA,-0.973671061277651,0.10625,NA,NA,0.444711122165248,0.0468750651043359,NA,NA
"599",35,"Richmond et al. 2021","NCT04405908","SCB-2019","Protein subunit","ug","30 + CpG-1018 and alum","Perth, Australia","Day 0/21","Gamma Live SARS-CoV-2 virus","MNT 50",320,NA,NA,NA,"30 + CpG/alum",1,"18-54","adult","35","prime",46,"GMT/CI",108,NA,NA,"Figure 3",2.03342375548695,2.50514997831991,0.44734451237116,0.969499917363362,0.0659573499791624,NA,-0.471726222832956,0.3375,NA,NA,0.446819259674779,0.0478393247075126,NA,NA
"600",35,"Richmond et al. 2021","NCT04405908","SCB-2019","Protein subunit","ug","30 + CpG-1018 and alum","Perth, Australia","Day 0/21","Gamma Live SARS-CoV-2 virus","MNT 50",320,NA,NA,NA,"30 + CpG/alum",1,"55-75","elderly","35","prime",46,"GMT/CI",30,NA,NA,"Figure 3",1.47712125471966,2.50514997831991,0.44734451237116,0.969499917363362,0.0659573499791624,NA,-1.02802872360024,0.09375,NA,NA,0.443096844969369,0.0458635286619023,NA,NA
"601",36,"Liu et al. 2021","ChiCTR2000039462","KCONVAC","Inactivated vaccine","ug","5","Jiangsu, China","Day 0/28/56 (booster)","Live SARS-CoV-2 virus","MNT 50",49.7,NA,NA,NA,"5",1,"18-59","adult","0","prime",97,"GMT/CI",2,2,2,"Table 3",0.301029995663981,1.69635638873333,0.44734451237116,0.969499917363362,0.0454209535129626,NA,-1.39532639306935,0.0402414486921529,NA,NA,0.446430681246047,0.0326509612984916,NA,NA
"602",36,"Liu et al. 2021","ChiCTR2000039462","KCONVAC","Inactivated vaccine","ug","5","Jiangsu, China","Day 0/28/56 (booster)","Live SARS-CoV-2 virus","MNT 50",49.7,NA,NA,NA,"5",1,">=60","elderly","0","prime",92,"GMT/CI",2,2,2,"Table 3",0.301029995663981,1.69635638873333,0.44734451237116,0.969499917363362,0.0466388894393602,NA,-1.39532639306935,0.0402414486921529,NA,NA,0.446299736573705,0.0333306392170441,NA,NA
"603",36,"Liu et al. 2021","ChiCTR2000039462","KCONVAC","Inactivated vaccine","ug","5","Jiangsu, China","Day 0/28/56 (booster)","Live SARS-CoV-2 virus","MNT 50",49.7,NA,NA,NA,"10",2,"18-59","adult","0","prime",99,"GMT/CI",2,2,2,"Table 3",0.301029995663981,1.69635638873333,0.44734451237116,0.969499917363362,0.0449598151381708,NA,-1.39532639306935,0.0402414486921529,NA,NA,0.444618104741027,0.0318225386791836,NA,NA
"604",36,"Liu et al. 2021","ChiCTR2000039462","KCONVAC","Inactivated vaccine","ug","5","Jiangsu, China","Day 0/28/56 (booster)","Live SARS-CoV-2 virus","MNT 50",49.7,NA,NA,NA,"10",2,">=60","elderly","0","prime",94,"GMT/CI",2,2,2,"Table 3",0.301029995663981,1.69635638873333,0.44734451237116,0.969499917363362,0.0461400634456894,NA,-1.39532639306935,0.0402414486921529,NA,NA,0.44553471475613,0.0329262635175088,NA,NA
"605",36,"Liu et al. 2021","ChiCTR2000039462","KCONVAC","Inactivated vaccine","ug","5","Jiangsu, China","Day 0/28/56 (booster)","Live SARS-CoV-2 virus","MNT 50",49.7,NA,NA,NA,"5",1,"18-59","adult","56","prime",97,"GMT/CI",101.8,83.7,123.7,"Table 3",2.00774777800074,1.69635638873333,0.42622500325641,0.969499917363362,0.0432765922540461,NA,0.311391389267408,2.04828973843058,NA,NA,0.425577974821815,0.0306683278907573,NA,NA
"606",36,"Liu et al. 2021","ChiCTR2000039462","KCONVAC","Inactivated vaccine","ug","5","Jiangsu, China","Day 0/28/56 (booster)","Live SARS-CoV-2 virus","MNT 50",49.7,NA,NA,NA,"5",1,">=60","elderly","56","prime",92,"GMT/CI",27.6,22.5,33.9,"Table 3",1.44090908206522,1.69635638873333,0.435581838762809,0.969499917363362,0.0454125459417652,NA,-0.255447306668114,0.55533199195171,NA,NA,0.435375086665597,0.0329012611197477,NA,NA
"607",36,"Liu et al. 2021","ChiCTR2000039462","KCONVAC","Inactivated vaccine","ug","5","Jiangsu, China","Day 0/28/56 (booster)","Live SARS-CoV-2 virus","MNT 50",49.7,NA,NA,NA,"10",2,"18-59","adult","56","prime",99,"GMT/CI",119,102.3,138.6,"Table 3",2.07554696139253,1.69635638873333,0.334761483905601,0.969499917363362,0.0336447950417418,NA,0.379190572659198,2.3943661971831,NA,NA,0.33333825750294,0.0233939105168124,NA,NA
"608",36,"Liu et al. 2021","ChiCTR2000039462","KCONVAC","Inactivated vaccine","ug","5","Jiangsu, China","Day 0/28/56 (booster)","Live SARS-CoV-2 virus","MNT 50",49.7,NA,NA,NA,"10",2,">=60","elderly","56","prime",94,"GMT/CI",26.1,21.5,31.6,"Table 3",1.41664050733828,1.69635638873333,0.413657030335194,0.969499917363362,0.0426654649752037,NA,-0.279715881395051,0.525150905432596,NA,NA,0.411581441226133,0.0300035392845619,NA,NA
"609",36,"Liu et al. 2021","ChiCTR2000039462","KCONVAC","Inactivated vaccine","ug","5","Jiangsu, China","Day 0/28/56 (booster)","Live SARS-CoV-2 virus","MNT 50",49.7,NA,NA,NA,"5",1,"18-59","adult","84","booster",96,"GMT/CI",143.5,118.5,173.7,"Table 3",2.15685190107001,1.69635638873333,0.41511719650991,0.969499917363362,0.0423677214543306,NA,0.460495512336679,2.88732394366197,NA,NA,0.413164029093269,0.0311985771347534,NA,NA
"610",36,"Liu et al. 2021","ChiCTR2000039462","KCONVAC","Inactivated vaccine","ug","5","Jiangsu, China","Day 0/28/56 (booster)","Live SARS-CoV-2 virus","MNT 50",49.7,NA,NA,NA,"5",1,">=60","elderly","84","booster",90,"GMT/CI",35.1,28.2,43.7,"Table 3",1.54530711646582,1.69635638873333,0.460383247297239,0.969499917363362,0.0485286552681277,NA,-0.151049272267508,0.706237424547284,NA,NA,0.458825511610531,0.0357180014876781,NA,NA
"611",36,"Liu et al. 2021","ChiCTR2000039462","KCONVAC","Inactivated vaccine","ug","5","Jiangsu, China","Day 0/28/56 (booster)","Live SARS-CoV-2 virus","MNT 50",49.7,NA,NA,NA,"10",2,"18-59","adult","84","booster",98,"GMT/CI",159.9,137,186.7,"Table 3",2.20384846374623,1.69635638873333,0.339471234778674,0.969499917363362,0.0342917731613958,NA,0.507492075012902,3.21730382293762,NA,NA,0.339067169687743,0.0239608954793097,NA,NA
"612",36,"Liu et al. 2021","ChiCTR2000039462","KCONVAC","Inactivated vaccine","ug","5","Jiangsu, China","Day 0/28/56 (booster)","Live SARS-CoV-2 virus","MNT 50",49.7,NA,NA,NA,"10",2,">=60","elderly","84","booster",89,"GMT/CI",35.5,29.9,42.1,"Table 3",1.55022835305509,1.69635638873333,0.357651147316029,0.969499917363362,0.0379109457936833,NA,-0.146128035678238,0.714285714285714,NA,NA,0.357285684847949,0.02733696355235,NA,NA
"613",38,"Chen et al. 2022","ChiCTR2000039212","ARCoV","mRNA","ug","15","Hangzhou, China","Day 0/28","Live SARS-CoV-2 virus","MNT 50",71,NA,NA,NA,"5",0.33,"18-59","adult","0","prime",20,"GMT",4,NA,NA,"Figure 2C",0.602059991327962,1.85125834871908,0.44734451237116,0.969499917363362,0.100029273902341,NA,-1.24919835739111,0.0563380281690141,NA,NA,0.443229923856592,0.0728574084367652,NA,NA
"614",38,"Chen et al. 2022","ChiCTR2000039212","ARCoV","mRNA","ug","15","Hangzhou, China","Day 0/28","Live SARS-CoV-2 virus","MNT 50",71,NA,NA,NA,"10",0.67,"18-59","adult","0","prime",20,"GMT",4,NA,NA,"Figure 2C",0.602059991327962,1.85125834871908,0.44734451237116,0.969499917363362,0.100029273902341,NA,-1.24919835739111,0.0563380281690141,NA,NA,0.439815511460519,0.0721291062770151,NA,NA
"615",38,"Chen et al. 2022","ChiCTR2000039212","ARCoV","mRNA","ug","15","Hangzhou, China","Day 0/28","Live SARS-CoV-2 virus","MNT 50",71,NA,NA,NA,"15",1,"18-59","adult","0","prime",20,"GMT",4,NA,NA,"Figure 2C",0.602059991327962,1.85125834871908,0.44734451237116,0.969499917363362,0.100029273902341,NA,-1.24919835739111,0.0563380281690141,NA,NA,0.44075768306683,0.0724944744172842,NA,NA
"616",38,"Chen et al. 2022","ChiCTR2000039212","ARCoV","mRNA","ug","15","Hangzhou, China","Day 0/28","Live SARS-CoV-2 virus","MNT 50",71,NA,NA,NA,"20",1.33,"18-59","adult","0","prime",20,"GMT",4,NA,NA,"Figure 2C",0.602059991327962,1.85125834871908,0.44734451237116,0.969499917363362,0.100029273902341,NA,-1.24919835739111,0.0563380281690141,NA,NA,0.442542767926955,0.0712104540885476,NA,NA
"617",38,"Chen et al. 2022","ChiCTR2000039212","ARCoV","mRNA","ug","15","Hangzhou, China","Day 0/28","Live SARS-CoV-2 virus","MNT 50",71,NA,NA,NA,"25",1.67,"18-59","adult","0","prime",20,"GMT",4,NA,NA,"Figure 2C",0.602059991327962,1.85125834871908,0.44734451237116,0.969499917363362,0.100029273902341,NA,-1.24919835739111,0.0563380281690141,NA,NA,0.438637768217971,0.072135022792667,NA,NA
"618",38,"Chen et al. 2022","ChiCTR2000039212","ARCoV","mRNA","ug","15","Hangzhou, China","Day 0/28","Live SARS-CoV-2 virus","MNT 50",71,NA,NA,NA,"5",0.33,"18-59","adult","28","prime",20,"GMT",4,NA,NA,"Figure 2C",0.602059991327962,1.85125834871908,0.44734451237116,0.969499917363362,0.100029273902341,NA,-1.24919835739111,0.0563380281690141,NA,NA,0.439495564932365,0.0717205959132309,NA,NA
"619",38,"Chen et al. 2022","ChiCTR2000039212","ARCoV","mRNA","ug","15","Hangzhou, China","Day 0/28","Live SARS-CoV-2 virus","MNT 50",71,NA,NA,NA,"10",0.67,"18-59","adult","28","prime",20,"GMT",4,NA,NA,"Figure 2C",0.602059991327962,1.85125834871908,0.44734451237116,0.969499917363362,0.100029273902341,NA,-1.24919835739111,0.0563380281690141,NA,NA,0.441322636037097,0.0721888461611855,NA,NA
"620",38,"Chen et al. 2022","ChiCTR2000039212","ARCoV","mRNA","ug","15","Hangzhou, China","Day 0/28","Live SARS-CoV-2 virus","MNT 50",71,NA,NA,NA,"15",1,"18-59","adult","28","prime",20,"GMT",4,NA,NA,"Figure 2C",0.602059991327962,1.85125834871908,0.44734451237116,0.969499917363362,0.100029273902341,NA,-1.24919835739111,0.0563380281690141,NA,NA,0.439683176176464,0.0721217211871342,NA,NA
"621",38,"Chen et al. 2022","ChiCTR2000039212","ARCoV","mRNA","ug","15","Hangzhou, China","Day 0/28","Live SARS-CoV-2 virus","MNT 50",71,NA,NA,NA,"20",1.33,"18-59","adult","28","prime",20,"GMT",4,NA,NA,"Figure 2C",0.602059991327962,1.85125834871908,0.44734451237116,0.969499917363362,0.100029273902341,NA,-1.24919835739111,0.0563380281690141,NA,NA,0.44166461843294,0.0726551093122466,NA,NA
"622",38,"Chen et al. 2022","ChiCTR2000039212","ARCoV","mRNA","ug","15","Hangzhou, China","Day 0/28","Live SARS-CoV-2 virus","MNT 50",71,NA,NA,NA,"25",1.67,"18-59","adult","28","prime",20,"GMT",4,NA,NA,"Figure 2C",0.602059991327962,1.85125834871908,0.44734451237116,0.969499917363362,0.100029273902341,NA,-1.24919835739111,0.0563380281690141,NA,NA,0.443950466147548,0.0719848477296053,NA,NA
"623",38,"Chen et al. 2022","ChiCTR2000039212","ARCoV","mRNA","ug","15","Hangzhou, China","Day 0/28","Live SARS-CoV-2 virus","MNT 50",71,NA,NA,NA,"5",0.33,"18-59","adult","35","prime",20,"GMT",6,NA,NA,"Figure 2C",0.778151250383644,1.85125834871908,0.44734451237116,0.969499917363362,0.100029273902341,NA,-1.07310709833543,0.0845070422535211,NA,NA,0.441784226099669,0.0719061298411897,NA,NA
"624",38,"Chen et al. 2022","ChiCTR2000039212","ARCoV","mRNA","ug","15","Hangzhou, China","Day 0/28","Live SARS-CoV-2 virus","MNT 50",71,NA,NA,NA,"10",0.67,"18-59","adult","35","prime",20,"GMT",4,NA,NA,"Figure 2C",0.602059991327962,1.85125834871908,0.44734451237116,0.969499917363362,0.100029273902341,NA,-1.24919835739111,0.0563380281690141,NA,NA,0.440260229117572,0.0737289077107139,NA,NA
"625",38,"Chen et al. 2022","ChiCTR2000039212","ARCoV","mRNA","ug","15","Hangzhou, China","Day 0/28","Live SARS-CoV-2 virus","MNT 50",71,NA,NA,NA,"15",1,"18-59","adult","35","prime",20,"GMT",6,NA,NA,"Figure 2C",0.778151250383644,1.85125834871908,0.44734451237116,0.969499917363362,0.100029273902341,NA,-1.07310709833543,0.0845070422535211,NA,NA,0.443210808249219,0.0728462574762214,NA,NA
"626",38,"Chen et al. 2022","ChiCTR2000039212","ARCoV","mRNA","ug","15","Hangzhou, China","Day 0/28","Live SARS-CoV-2 virus","MNT 50",71,NA,NA,NA,"20",1.33,"18-59","adult","35","prime",20,"GMT",4,NA,NA,"Figure 2C",0.602059991327962,1.85125834871908,0.44734451237116,0.969499917363362,0.100029273902341,NA,-1.24919835739111,0.0563380281690141,NA,NA,0.442213757366266,0.0707667266358373,NA,NA
"627",38,"Chen et al. 2022","ChiCTR2000039212","ARCoV","mRNA","ug","15","Hangzhou, China","Day 0/28","Live SARS-CoV-2 virus","MNT 50",71,NA,NA,NA,"25",1.67,"18-59","adult","35","prime",20,"GMT",4,NA,NA,"Figure 2C",0.602059991327962,1.85125834871908,0.44734451237116,0.969499917363362,0.100029273902341,NA,-1.24919835739111,0.0563380281690141,NA,NA,0.44076470808868,0.0709974324836694,NA,NA
"628",38,"Chen et al. 2022","ChiCTR2000039212","ARCoV","mRNA","ug","15","Hangzhou, China","Day 0/28","Live SARS-CoV-2 virus","MNT 50",71,NA,NA,NA,"5",0.33,"18-59","adult","43","prime",20,"GMT",31,NA,NA,"Figure 2C",1.49136169383427,1.85125834871908,0.44734451237116,0.969499917363362,0.100029273902341,NA,-0.359896654884803,0.436619718309859,NA,NA,0.442516662271955,0.0709049941239751,NA,NA
"629",38,"Chen et al. 2022","ChiCTR2000039212","ARCoV","mRNA","ug","15","Hangzhou, China","Day 0/28","Live SARS-CoV-2 virus","MNT 50",71,NA,NA,NA,"10",0.67,"18-59","adult","43","prime",20,"GMT",49,NA,NA,"Figure 2C",1.69019608002851,1.85125834871908,0.44734451237116,0.969499917363362,0.100029273902341,NA,-0.161062268690562,0.690140845070423,NA,NA,0.44095792248285,0.0703024165067324,NA,NA
"630",38,"Chen et al. 2022","ChiCTR2000039212","ARCoV","mRNA","ug","15","Hangzhou, China","Day 0/28","Live SARS-CoV-2 virus","MNT 50",71,NA,NA,NA,"15",1,"18-59","adult","43","prime",20,"GMT",145,NA,NA,"Figure 2C",2.16136800223497,1.85125834871908,0.44734451237116,0.969499917363362,0.100029273902341,NA,0.3101096535159,2.04225352112676,NA,NA,0.439114625232541,0.070068819725458,NA,NA
"631",38,"Chen et al. 2022","ChiCTR2000039212","ARCoV","mRNA","ug","15","Hangzhou, China","Day 0/28","Live SARS-CoV-2 virus","MNT 50",71,NA,NA,NA,"20",1.33,"18-59","adult","43","prime",20,"GMT",48,NA,NA,"Figure 2C",1.68124123737559,1.85125834871908,0.44734451237116,0.969499917363362,0.100029273902341,NA,-0.170017111343488,0.676056338028169,NA,NA,0.440377537831689,0.0716362244782767,NA,NA
"632",38,"Chen et al. 2022","ChiCTR2000039212","ARCoV","mRNA","ug","15","Hangzhou, China","Day 0/28","Live SARS-CoV-2 virus","MNT 50",71,NA,NA,NA,"25",1.67,"18-59","adult","43","prime",20,"GMT",52,NA,NA,"Figure 2C",1.7160033436348,1.85125834871908,0.44734451237116,0.969499917363362,0.100029273902341,NA,-0.135255005084276,0.732394366197183,NA,NA,0.443352648727069,0.0729122726736106,NA,NA
"633",38,"Chen et al. 2022","ChiCTR2000039212","ARCoV","mRNA","ug","15","Hangzhou, China","Day 0/28","Live SARS-CoV-2 virus","MNT 50",71,NA,NA,NA,"5",0.33,"18-59","adult","56","prime",20,"GMT",42,NA,NA,"Figure 2C",1.6232492903979,1.85125834871908,0.44734451237116,0.969499917363362,0.100029273902341,NA,-0.228009058321175,0.591549295774648,NA,NA,0.442031245146229,0.0729539484011391,NA,NA
"634",38,"Chen et al. 2022","ChiCTR2000039212","ARCoV","mRNA","ug","15","Hangzhou, China","Day 0/28","Live SARS-CoV-2 virus","MNT 50",71,NA,NA,NA,"10",0.67,"18-59","adult","56","prime",20,"GMT",78,NA,NA,"Figure 2C",1.89209460269048,1.85125834871908,0.44734451237116,0.969499917363362,0.100029273902341,NA,0.0408362539714051,1.09859154929577,NA,NA,0.44452511551935,0.0715819401207815,NA,NA
"635",38,"Chen et al. 2022","ChiCTR2000039212","ARCoV","mRNA","ug","15","Hangzhou, China","Day 0/28","Live SARS-CoV-2 virus","MNT 50",71,NA,NA,NA,"15",1,"18-59","adult","56","prime",20,"GMT",133,NA,NA,"Figure 2C",2.12385164096709,1.85125834871908,0.44734451237116,0.969499917363362,0.100029273902341,NA,0.272593292248011,1.87323943661972,NA,NA,0.440929984733901,0.0726447877679973,NA,NA
"636",38,"Chen et al. 2022","ChiCTR2000039212","ARCoV","mRNA","ug","15","Hangzhou, China","Day 0/28","Live SARS-CoV-2 virus","MNT 50",71,NA,NA,NA,"20",1.33,"18-59","adult","56","prime",20,"GMT",30,NA,NA,"Figure 2C",1.47712125471966,1.85125834871908,0.44734451237116,0.969499917363362,0.100029273902341,NA,-0.374137093999413,0.422535211267606,NA,NA,0.443736593546131,0.0739396647221318,NA,NA
"637",38,"Chen et al. 2022","ChiCTR2000039212","ARCoV","mRNA","ug","15","Hangzhou, China","Day 0/28","Live SARS-CoV-2 virus","MNT 50",71,NA,NA,NA,"25",1.67,"18-59","adult","56","prime",20,"GMT",41,NA,NA,"Figure 2C",1.61278385671974,1.85125834871908,0.44734451237116,0.969499917363362,0.100029273902341,NA,-0.23847449199934,0.577464788732394,NA,NA,0.439558521209383,0.0735075207486907,NA,NA
"638",39,"PŽrez-Rodr’guez et al. 2022","RPCEC00000338","FINLAY-FR-1","Protein subunit","ug","50","Havana, The Republic of Cuba","Day 0/28/93-101 (booster)","Live SARS-CoV-2 virus","Molecular virus neutralization test (mVNT 50)",59.3,41.1,85.5,68,"50",1,"19-59","adult","28","prime",20,"GMT/CI",169.6,93.3,308,"Table 4",2.2294258479207,1.77305469336426,0.591724134951328,0.669214317093953,0.132313538967843,0.0811541563398223,0.456371154556432,2.86003372681282,0.0578113118484458,0.155218780066792,0.587456118116492,0.0989274740964969,0.15214234562552,0.760599963487345
"639",39,"PŽrez-Rodr’guez et al. 2022","RPCEC00000338","FINLAY-FR-1","Protein subunit","ug","50","Havana, The Republic of Cuba","Day 0/28/93-101 (booster)","Live SARS-CoV-2 virus","MNT 50",46.4,31.5,68.4,68,"50",1,"19-59","adult","28","prime",20,"GMT/CI",12.7,7.5,21.6,"Table 4",1.10380372095596,1.66651798055488,0.524098383154276,0.708386460752047,0.117191961163069,0.0859044765128867,-0.562714259598924,0.273706896551724,0.0611952696553023,0.145304971856435,0.516539399267524,0.0841741070356607,-0.847512004437537,-0.277916514760311
"640",39,"PŽrez-Rodr’guez et al. 2022","RPCEC00000338","FINLAY-FR-1A","Protein subunit","ug","50","Havana, The Republic of Cuba","Day 0/28/93-101 (booster)","Live SARS-CoV-2 virus","Molecular virus neutralization test (mVNT 50)",59.3,41.1,85.5,68,"50",1,"20-54","adult","28","prime",20,"GMT/CI",83.6,43.9,159.1,"Table 4",1.92220627743902,1.77305469336426,0.637970340730086,0.669214317093953,0.142654504950117,0.0811541563398223,0.149151584074754,1.40978077571669,0.0578113118484458,0.164122834711662,0.629070148221071,0.102821321589511,-0.172529171960103,0.47083234010961
"641",39,"PŽrez-Rodr’guez et al. 2022","RPCEC00000338","FINLAY-FR-1A","Protein subunit","ug","50","Havana, The Republic of Cuba","Day 0/28/93-101 (booster)","Live SARS-CoV-2 virus","MNT 50",46.4,31.5,68.4,68,"50",1,"20-54","adult","28","prime",20,"GMT/CI",8.1,4.7,14.1,"Table 4",0.90848501887865,1.66651798055488,0.544324264828142,0.708386460752047,0.121714605795832,0.0859044765128867,-0.758032961676231,0.174568965517241,0.0611952696553023,0.148976589936097,0.532715716730444,0.0888821643687182,-1.05002707795098,-0.466038845401481
"642",39,"PŽrez-Rodr’guez et al. 2022","RPCEC00000338","FINLAY-FR-1A","Protein subunit","ug","50","Havana, The Republic of Cuba","Day 0/28/56 (booster)","Live SARS-CoV-2 virus","Molecular virus neutralization test (mVNT 50)",59.3,41.1,85.5,68,"25",0.5,"20-57","adult","28","prime",20,"GMT/CI",95.4,43.2,210.5,"Table 4",1.9795483747041,1.77305469336426,0.784641219836145,0.669214317093953,0.175451110550198,0.0811541563398223,0.206493681339833,1.60876897133221,0.0578113118484458,0.193310861786207,0.777250958347082,0.124497134423307,-0.172395607761133,0.585382970440798
"643",39,"PŽrez-Rodr’guez et al. 2022","RPCEC00000338","FINLAY-FR-1A","Protein subunit","ug","50","Havana, The Republic of Cuba","Day 0/28/56 (booster)","Live SARS-CoV-2 virus","MNT 50",46.4,31.5,68.4,68,"25",0.5,"20-57","adult","28","prime",20,"GMT/CI",7.9,4,15.6,"Table 4",0.897627091290441,1.66651798055488,0.674316653268088,0.708386460752047,0.15078178750676,0.0859044765128867,-0.768890889264439,0.170258620689655,0.0611952696553023,0.17353595168923,0.667743378702876,0.10964516205735,-1.10902135457533,-0.428760423953548
"644",39,"PŽrez-Rodr’guez et al. 2022","RPCEC00000338","FINLAY-FR-1","Protein subunit","ug","50","Havana, The Republic of Cuba","Day 0/28/93-101 (booster)","Live SARS-CoV-2 virus","Molecular virus neutralization test (mVNT 50)",59.3,41.1,85.5,68,"50",1,"19-59","adult","93-101","booster",10,"GMT/CI",597,354.7,1004.9,"Table 4",2.77597433112937,1.77305469336426,0.364841055322378,0.669214317093953,0.115372871875821,0.0811541563398223,1.00291963776511,10.0674536256324,0.0578113118484458,0.141056359856984,0.355680800511938,0.0860563958118379,0.726449172445418,1.27939010308479
"645",39,"PŽrez-Rodr’guez et al. 2022","RPCEC00000338","FINLAY-FR-1 (1st, 2nd dose) + FINLAY-FR-1A (3rd dose)","Protein subunit","ug","50","Havana, The Republic of Cuba","Day 0/28/93-101 (booster)","Live SARS-CoV-2 virus","Molecular virus neutralization test (mVNT 50)",59.3,41.1,85.5,68,"50",1,"19-59","adult","93-101","booster",10,"GMT/CI",456.1,167.2,1243.9,"Table 4",2.65906007224094,1.77305469336426,0.703081772497429,0.669214317093953,0.222333978244021,0.0811541563398223,0.886005378876676,7.69139966273187,0.0578113118484458,0.236682054607106,0.68297918212071,0.169893164097283,0.422108551846749,1.3499022059066
"646",39,"PŽrez-Rodr’guez et al. 2022","RPCEC00000338","FINLAY-FR-1","Protein subunit","ug","50","Havana, The Republic of Cuba","Day 0/28/93-101 (booster)","Live SARS-CoV-2 virus","MNT 50",46.4,31.5,68.4,68,"50",1,"19-59","adult","93-101","booster",10,"GMT/CI",82.7,43.4,157.7,"Table 4",1.91750550955255,1.66651798055488,0.452029814854963,0.708386460752047,0.14294437852459,0.0859044765128867,0.250987528997666,1.7823275862069,0.0611952696553023,0.1667713237842,0.438450590579308,0.105218828228209,-0.0758842656193655,0.577859323614697
"647",39,"PŽrez-Rodr’guez et al. 2022","RPCEC00000338","FINLAY-FR-1 (1st, 2nd dose) + FINLAY-FR-1A (3rd dose)","Protein subunit","ug","50","Havana, The Republic of Cuba","Day 0/28/93-101 (booster)","Live SARS-CoV-2 virus","MNT 50",46.4,31.5,68.4,68,"50",1,"19-59","adult","93-101","booster",10,"GMT/CI",61.7,29.4,129.5,"Table 4",1.79028516403324,1.66651798055488,0.519454474638961,0.708386460752047,0.164265928062529,0.0859044765128867,0.123767183478361,1.32974137931035,0.0611952696553023,0.185372258461715,0.504038429296397,0.121248759743794,-0.239562443106601,0.487096810063323
"648",39,"PŽrez-Rodr’guez et al. 2022","RPCEC00000338","FINLAY-FR-1A","Protein subunit","ug","50","Havana, The Republic of Cuba","Day 0/28/93-101 (booster)","Live SARS-CoV-2 virus","Molecular virus neutralization test (mVNT 50)",59.3,41.1,85.5,68,"50",1,"20-54","adult","93-101","booster",20,"GMT/CI",258.9,127.7,524.7,"Table 4",2.41313205043487,1.77305469336426,0.700163271647453,0.669214317093953,0.156561267075236,0.0811541563398223,0.640077357070609,4.36593591905565,0.0578113118484458,0.176344626908311,0.690569458335232,0.111886241329809,0.294441888330319,0.9857128258109
"649",39,"PŽrez-Rodr’guez et al. 2022","RPCEC00000338","FINLAY-FR-1A","Protein subunit","ug","50","Havana, The Republic of Cuba","Day 0/28/93-101 (booster)","Live SARS-CoV-2 virus","MNT 50",46.4,31.5,68.4,68,"50",1,"20-54","adult","93-101","booster",20,"GMT/CI",34.6,19.3,61.8,"Table 4",1.53907609879278,1.66651798055488,0.576621655767447,0.708386460752047,0.128936521959449,0.0859044765128867,-0.127441881762104,0.745689655172414,0.0611952696553023,0.154932907350094,0.569028457369899,0.09198504584266,-0.431110380168288,0.176226616644079
"650",39,"PŽrez-Rodr’guez et al. 2022","RPCEC00000338","FINLAY-FR-1A","Protein subunit","ug","50","Havana, The Republic of Cuba","Day 0/28/56 (booster)","Live SARS-CoV-2 virus","Molecular virus neutralization test (mVNT 50)",59.3,41.1,85.5,68,"25",0.5,"20-57","adult","93-101","booster",20,"GMT/CI",218.4,119.2,400.1,"Table 4",2.3392526340327,1.77305469336426,0.599964756450534,0.669214317093953,0.13415619795275,0.0811541563398223,0.566197940668437,3.68296795952783,0.0578113118484458,0.156792482410241,0.592348531641173,0.09931128140761,0.258884675144365,0.87351120619251
"651",39,"PŽrez-Rodr’guez et al. 2022","RPCEC00000338","FINLAY-FR-1A","Protein subunit","ug","50","Havana, The Republic of Cuba","Day 0/28/56 (booster)","Live SARS-CoV-2 virus","MNT 50",46.4,31.5,68.4,68,"25",0.5,"20-57","adult","93-101","booster",20,"GMT/CI",49,11.5,31.3,"Table 4",1.69019608002851,1.66651798055488,0.496095065051457,0.708386460752047,0.110930228875724,0.0859044765128867,0.0236780994736328,1.05603448275862,0.0611952696553023,0.140303580721853,0.490310915585379,0.0787320191621147,-0.251316918741199,0.298673117688465
"652",41,"Sridhar et al. 2022","NCT04762680","CoV2 preS dTM","Protein subunit","ug","10","US and The Republic of Honduras","Day 0/21","D614G variant Live SARS-CoV-2 virus","PsVNA ID50",2140,1543,2967,79,"5",0.5,"18-59","adult","21","prime",74,"GMT/CI",36.9,27.7,49.2,"Table S7",1.56702636615906,3.33041377334919,0.547488262721714,0.643830919879234,0.063644217781355,0.0724366378198198,-1.76338740719013,0.0172429906542056,0.0515477282814464,0.0964243379839359,0.546131038546634,0.0452703345587395,-1.95237910963864,-1.57439570474162
"653",41,"Sridhar et al. 2022","NCT04762680","CoV2 preS dTM","Protein subunit","ug","10","US and The Republic of Honduras","Day 0/21","D614G variant Live SARS-CoV-2 virus","PsVNA ID50",2140,1543,2967,79,"5",0.5,">=60","elderly","21","prime",81,"GMT/CI",36.3,26.7,49.2,"Table S7",1.55990662503611,3.33041377334919,0.609460350159456,0.643830919879234,0.067717816684384,0.0724366378198198,-1.77050714831308,0.0169626168224299,0.0515477282814464,0.0991603206688017,0.60840832449,0.04915637145128,-1.96486137682393,-1.57615291980223
"654",41,"Sridhar et al. 2022","NCT04762680","CoV2 preS dTM","Protein subunit","ug","10","US and The Republic of Honduras","Day 0/21","D614G variant Live SARS-CoV-2 virus","PsVNA ID50",2140,1543,2967,79,"10",1,"18-59","adult","21","prime",72,"GMT/CI",52.2,37.8,72.1,"Table S7",1.71767050300226,3.33041377334919,0.607051456400993,0.643830919879234,0.071541700225052,0.0724366378198198,-1.61274327034693,0.024392523364486,0.0515477282814464,0.101810025880219,0.604167905250789,0.0520060625260832,-1.81229092107216,-1.4131956196217
"655",41,"Sridhar et al. 2022","NCT04762680","CoV2 preS dTM","Protein subunit","ug","10","US and The Republic of Honduras","Day 0/21","D614G variant Live SARS-CoV-2 virus","PsVNA ID50",2140,1543,2967,79,"10",1,">=60","elderly","21","prime",89,"GMT/CI",31.5,24.4,40.6,"Table S7",1.4983105537896,3.33041377334919,0.532192552730162,0.643830919879234,0.0564122977649144,0.0724366378198198,-1.83210321955959,0.0147196261682243,0.0515477282814464,0.0918118393114805,0.531163682397176,0.0399583512671991,-2.01205442461009,-1.65215201450909
"656",41,"Sridhar et al. 2022","NCT04762680","CoV2 preS dTM","Protein subunit","ug","10","US and The Republic of Honduras","Day 0/21","D614G variant Live SARS-CoV-2 virus","PsVNA ID50",2140,1543,2967,79,"15",1.5,"18-59","adult","21","prime",75,"GMT/CI",68.7,48.3,97.8,"Table S7",1.83695673705955,3.33041377334919,0.676895450317767,0.643830919879234,0.0781611540908391,0.0724366378198198,-1.49345703628964,0.0321028037383178,0.0515477282814464,0.106565625355701,0.673562988763002,0.0563273010069589,-1.70232566198681,-1.28458841059247
"657",41,"Sridhar et al. 2022","NCT04762680","CoV2 preS dTM","Protein subunit","ug","10","US and The Republic of Honduras","Day 0/21","D614G variant Live SARS-CoV-2 virus","PsVNA ID50",2140,1543,2967,79,"15",1.5,">=60","elderly","21","prime",81,"GMT/CI",31,24.9,38.6,"Table S7",1.49136169383427,3.33041377334919,0.437115208720451,0.643830919879234,0.0485683565244945,0.0724366378198198,-1.83905207951492,0.0144859813084112,0.0515477282814464,0.0872121078413437,0.433920503132567,0.0340242452705844,-2.00998781088395,-1.66811634814588
"658",41,"Sridhar et al. 2022","NCT04762680","CoV2 preS dTM","Protein subunit","ug","10","US and The Republic of Honduras","Day 0/21","D614G variant Live SARS-CoV-2 virus","PsVNA ID50",2140,1543,2967,79,"5",0.5,"18-59","adult","35","prime",82,"GMT/CI",2954,2272,3840,"Table 2",3.47041049097593,3.33041377334919,0.526512657426064,0.643830919879234,0.0581435962572831,0.0724366378198198,0.13999671762674,1.3803738317757,0.0515477282814464,0.0928856516603598,0.523751059671633,0.0427993577562908,-0.0420591596275653,0.322052594881045
"659",41,"Sridhar et al. 2022","NCT04762680","CoV2 preS dTM","Protein subunit","ug","10","US and The Republic of Honduras","Day 0/21","D614G variant Live SARS-CoV-2 virus","PsVNA ID50",2140,1543,2967,79,"5",0.5,">=60","elderly","35","prime",83,"GMT/CI",1628,1132,2341,"Table 2",3.21165440055318,3.33041377334919,0.733378252095255,0.643830919879234,0.0804987211337683,0.0724366378198198,-0.118759372796009,0.760747663551402,0.0515477282814464,0.108291784558257,0.732276437016917,0.0585457954515907,-0.331011270530192,0.0934925249381751
"660",41,"Sridhar et al. 2022","NCT04762680","CoV2 preS dTM","Protein subunit","ug","10","US and The Republic of Honduras","Day 0/21","D614G variant Live SARS-CoV-2 virus","PsVNA ID50",2140,1543,2967,79,"10",1,"18-59","adult","35","prime",81,"GMT/CI",3951,2851,5474,"Table 2",3.59670702968145,3.33041377334919,0.650451066806583,0.643830919879234,0.072272340756287,0.0724366378198198,0.266293256332255,1.84626168224299,0.0515477282814464,0.10232476600038,0.647426762484256,0.0519604387842814,0.0657367149715094,0.466849797693001
"661",41,"Sridhar et al. 2022","NCT04762680","CoV2 preS dTM","Protein subunit","ug","10","US and The Republic of Honduras","Day 0/21","D614G variant Live SARS-CoV-2 virus","PsVNA ID50",2140,1543,2967,79,"10",1,">=60","elderly","35","prime",92,"GMT/CI",1393,1021,1899,"Table 2",3.14395111642396,3.33041377334919,0.659424932394723,0.643830919879234,0.0687498016964559,0.0724366378198198,-0.186462656925228,0.650934579439252,0.0515477282814464,0.0998679214359734,0.658271012322553,0.0487481017251925,-0.382203782939736,0.00927846908928023
"662",41,"Sridhar et al. 2022","NCT04762680","CoV2 preS dTM","Protein subunit","ug","10","US and The Republic of Honduras","Day 0/21","D614G variant Live SARS-CoV-2 virus","PsVNA ID50",2140,1543,2967,79,"15",1.5,"18-59","adult","35","prime",81,"GMT/CI",5142,3800,6958,"Table 2",3.71113207230684,3.33041377334919,0.603139655651235,0.643830919879234,0.0670155172945816,0.0724366378198198,0.380718298957651,2.40280373831776,0.0515477282814464,0.0986820452610308,0.602347764018544,0.0476931675087415,0.187301490246031,0.574135107669271
"663",41,"Sridhar et al. 2022","NCT04762680","CoV2 preS dTM","Protein subunit","ug","10","US and The Republic of Honduras","Day 0/21","D614G variant Live SARS-CoV-2 virus","PsVNA ID50",2140,1543,2967,79,"15",1.5,">=60","elderly","35","prime",91,"GMT/CI",1736,1264,2385,"Table 2",3.23954972084047,3.33041377334919,0.671021542130342,0.643830919879234,0.0703421707728996,0.0724366378198198,-0.0908640525087181,0.811214953271027,0.0515477282814464,0.100970725894605,0.668328625159772,0.05119651393651,-0.288766675262145,0.107038570244708
"664",42,"Intapiboon et al. 2021","TCTR20211004001","CoronaVac (1st, 2nd doses) + BNT162b2 (3rd dose)","mRNA","ml","0.3","Songkhla, Thailand","Day 0/21/94","Delta variant live SARS-CoV-2 virus","PRNT 50",460.6,NA,NA,NA,"0.3",1,"18-90","adult","108","booster",30,"Median",563,NA,NA,"Figure 4B",2.75050839485135,2.66332393362821,0.44734451237116,0.969499917363362,0.0816735601339444,NA,0.0871844612231341,1.22231871471993,NA,NA,0.442318446162798,0.0589300999262645,NA,NA
"665",42,"Intapiboon et al. 2021","TCTR20211004001","CoronaVac (1st, 2nd doses) + BNT162b2 (3rd dose)","mRNA","ml","0.3","Songkhla, Thailand","Day 0/21/94","Delta variant live SARS-CoV-2 virus","PRNT 50",460.6,NA,NA,NA,"0.15",0.5,"18-90","adult","108","booster",30,"Median",264.6,NA,NA,"Figure 4B",2.42258983985148,2.66332393362821,0.44734451237116,0.969499917363362,0.0816735601339444,NA,-0.24073409377673,0.574468085106383,NA,NA,0.445414184622362,0.0588760024179342,NA,NA
"666",42,"Intapiboon et al. 2021","TCTR20211004001","CoronaVac (1st, 2nd doses) + BNT162b2 (3rd dose)","mRNA","ml","0.3","Songkhla, Thailand","Day 0/21/94","Delta variant live SARS-CoV-2 virus","PRNT 50",460.6,NA,NA,NA,"0.06",0.2,"18-90","adult","108","booster",31,"Median",353.2,NA,NA,"Figure 4B",2.54802069490553,2.66332393362821,0.44734451237116,0.969499917363362,0.0803454462544426,NA,-0.115303238722681,0.766825879287886,NA,NA,0.443398626385408,0.0570491975119027,NA,NA
"667",45,"Momin et al. 2021","CTRI/2020/07/026352","ZyCoV-D (Needle)","DNA based vaccine","mg","2","Gujarat, India","Day 0/28/56","Live SARS-CoV-2 virus","PRNT 50",49.5,36.7,67.3,73,"1",0.5,"18-55","adult","0","prime",11,"GMT/CI",5.98,4.01,8.92,"Table 4, Supplemental Table 5",0.776701183988411,1.69460519893357,0.293775524875229,0.573993582164651,0.0885766535091686,0.0671808673397672,-0.917904014945158,0.120808080808081,0.0478327985137209,0.111171455344466,0.286243683355173,0.0647136470511056,-1.13580006742031,-0.700007962470003
"668",45,"Momin et al. 2021","CTRI/2020/07/026352","ZyCoV-D (Needle-Free)","DNA based vaccine","mg","2","Gujarat, India","Day 0/28/56","Live SARS-CoV-2 virus","PRNT 50",49.5,36.7,67.3,73,"1",0.5,"18-55","adult","0","prime",12,"GMT/CI",8.88,4.52,17.48,"Table 4, Supplemental Table 5",0.948412965778601,1.69460519893357,0.519087667978336,0.573993582164651,0.149847702420154,0.0671808673397672,-0.746192233154968,0.179393939393939,0.0478327985137209,0.164218156295588,0.507720302881096,0.110012491619349,-1.06805981949432,-0.424324646815614
"669",45,"Momin et al. 2021","CTRI/2020/07/026352","ZyCoV-D (Needle)","DNA based vaccine","mg","2","Gujarat, India","Day 0/28/56","Live SARS-CoV-2 virus","PRNT 50",49.5,36.7,67.3,73,"2",1,"18-55","adult","0","prime",10,"GMT/CI",5,5,5,"Table 4, Supplemental Table 5",0.698970004336019,1.69460519893357,0.44734451237116,0.573993582164651,0.141462755787024,0.0671808673397672,-0.99563519459755,0.101010101010101,0.0478327985137209,0.156604534453452,0.431511039572622,0.101225993069213,-1.30258008212632,-0.688690307068783
"670",45,"Momin et al. 2021","CTRI/2020/07/026352","ZyCoV-D (Needle-Free)","DNA based vaccine","mg","2","Gujarat, India","Day 0/28/56","Live SARS-CoV-2 virus","PRNT 50",49.5,36.7,67.3,73,"2",1,"18-55","adult","0","prime",10,"GMT/CI",5,5,5,"Table 4, Supplemental Table 5",0.698970004336019,1.69460519893357,0.44734451237116,0.573993582164651,0.141462755787024,0.0671808673397672,-0.99563519459755,0.101010101010101,0.0478327985137209,0.156604534453452,0.437147558453781,0.103195273036427,-1.30258008212632,-0.688690307068783
"671",45,"Momin et al. 2021","CTRI/2020/07/026352","ZyCoV-D (Needle)","DNA based vaccine","mg","2","Gujarat, India","Day 0/28/56","Live SARS-CoV-2 virus","PRNT 50",49.5,36.7,67.3,73,"1",0.5,"18-55","adult","28","prime",10,"GMT/CI",6.79,4.29,10.73,"Table 4, Supplemental Table 5",0.831869774280502,1.69460519893357,0.321182885526105,0.573993582164651,0.101566946372762,0.0671808673397672,-0.862735424653067,0.137171717171717,0.0478327985137209,0.121774847698574,0.31298234350878,0.0743129127159415,-1.10141412614227,-0.624056723163862
"672",45,"Momin et al. 2021","CTRI/2020/07/026352","ZyCoV-D (Needle-Free)","DNA based vaccine","mg","2","Gujarat, India","Day 0/28/56","Live SARS-CoV-2 virus","PRNT 50",49.5,36.7,67.3,73,"1",0.5,"18-55","adult","28","prime",10,"GMT/CI",11.12,4.91,25.19,"Table 4, Supplemental Table 5",1.04610478724604,1.69460519893357,0.572877797699405,0.573993582164651,0.181159866167129,0.0671808673397672,-0.64850041168753,0.224646464646465,0.0478327985137209,0.193215335949855,0.557963241100896,0.133649812883994,-1.02720247014925,-0.269798353225814
"673",45,"Momin et al. 2021","CTRI/2020/07/026352","ZyCoV-D (Needle)","DNA based vaccine","mg","2","Gujarat, India","Day 0/28/56","Live SARS-CoV-2 virus","PRNT 50",49.5,36.7,67.3,73,"2",1,"18-55","adult","28","prime",10,"GMT/CI",5,5,5,"Table 4, Supplemental Table 5",0.698970004336019,1.69460519893357,0.44734451237116,0.573993582164651,0.141462755787024,0.0671808673397672,-0.99563519459755,0.101010101010101,0.0478327985137209,0.156604534453452,0.436859493154883,0.103751598523187,-1.30258008212632,-0.688690307068783
"674",45,"Momin et al. 2021","CTRI/2020/07/026352","ZyCoV-D (Needle-Free)","DNA based vaccine","mg","2","Gujarat, India","Day 0/28/56","Live SARS-CoV-2 virus","PRNT 50",49.5,36.7,67.3,73,"2",1,"18-55","adult","28","prime",10,"GMT/CI",6.06,3.93,9.34,"Table 4, Supplemental Table 5",0.782472624166286,1.69460519893357,0.303283664768846,0.573993582164651,0.0959067157792517,0.0671808673397672,-0.912132574767282,0.122424242424242,0.0478327985137209,0.117095546747456,0.296541041999171,0.0704878360978862,-1.1416398463923,-0.68262530314227
"675",45,"Momin et al. 2021","CTRI/2020/07/026352","ZyCoV-D (Needle)","DNA based vaccine","mg","2","Gujarat, India","Day 0/28/56","Live SARS-CoV-2 virus","PRNT 50",49.5,36.7,67.3,73,"1",0.5,"18-55","adult","56","prime",10,"GMT/CI",6.48,3.64,11.52,"Table 4, Supplemental Table 5",0.811575005870593,1.69460519893357,0.403634972281836,0.573993582164651,0.127640585570953,0.0671808673397672,-0.883030193062975,0.130909090909091,0.0478327985137209,0.144240729412393,0.39191590546572,0.0920178971544462,-1.16574202271127,-0.600318363414684
"676",45,"Momin et al. 2021","CTRI/2020/07/026352","ZyCoV-D (Needle-Free)","DNA based vaccine","mg","2","Gujarat, India","Day 0/28/56","Live SARS-CoV-2 virus","PRNT 50",49.5,36.7,67.3,73,"1",0.5,"18-55","adult","56","prime",10,"GMT/CI",12.99,5.6,30.16,"Table 4, Supplemental Table 5",1.11360915107303,1.69460519893357,0.589896526522008,0.573993582164651,0.186541660763147,0.0671808673397672,-0.580996047860541,0.262424242424243,0.0478327985137209,0.198270169558601,0.572012566479468,0.135659111496517,-0.969605580195399,-0.192386515525683
"677",45,"Momin et al. 2021","CTRI/2020/07/026352","ZyCoV-D (Needle)","DNA based vaccine","mg","2","Gujarat, India","Day 0/28/56","Live SARS-CoV-2 virus","PRNT 50",49.5,36.7,67.3,73,"2",1,"18-55","adult","56","prime",10,"GMT/CI",8.72,3.08,24.72,"Table 4, Supplemental Table 5",0.940516484932567,1.69460519893357,0.72966148679413,0.573993582164651,0.230739221917432,0.0671808673397672,-0.754088714001001,0.176161616161616,0.0478327985137209,0.240320322627083,0.710440177727611,0.170889415674515,-1.22511654635008,-0.283060881651918
"678",45,"Momin et al. 2021","CTRI/2020/07/026352","ZyCoV-D (Needle-Free)","DNA based vaccine","mg","2","Gujarat, India","Day 0/28/56","Live SARS-CoV-2 virus","PRNT 50",49.5,36.7,67.3,73,"2",1,"18-55","adult","56","prime",10,"GMT/CI",6.34,3.7,10.87,"Table 4, Supplemental Table 5",0.802089257881733,1.69460519893357,0.377559673363352,0.573993582164651,0.11939485204574,0.0671808673397672,-0.892515941051836,0.128080808080808,0.0478327985137209,0.136997808856739,0.364766166629284,0.0863687741987346,-1.16103164641104,-0.624000235692628
"679",45,"Momin et al. 2021","CTRI/2020/07/026352","ZyCoV-D (Needle)","DNA based vaccine","mg","2","Gujarat, India","Day 0/28/56","Live SARS-CoV-2 virus","PRNT 50",49.5,36.7,67.3,73,"1",0.5,"18-55","adult","84","prime",10,"GMT/CI",8.52,4.4,16.49,"Table 4, Supplemental Table 5",0.9304395947667,1.69460519893357,0.462860628217436,0.573993582164651,0.14636938243835,0.0671808673397672,-0.764165604166869,0.172121212121212,0.0478327985137209,0.16105050466207,0.455823165417111,0.108298376585287,-1.07982459330452,-0.448506615029212
"680",45,"Momin et al. 2021","CTRI/2020/07/026352","ZyCoV-D (Needle-Free)","DNA based vaccine","mg","2","Gujarat, India","Day 0/28/56","Live SARS-CoV-2 virus","PRNT 50",49.5,36.7,67.3,73,"1",0.5,"18-55","adult","84","prime",10,"GMT/CI",11.97,5.72,25.06,"Table 4, Supplemental Table 5",1.07809415040641,1.69460519893357,0.517568885800794,0.573993582164651,0.163669652516609,0.0671808673397672,-0.616511048527158,0.241818181818182,0.0478327985137209,0.176920954359372,0.497999837090753,0.11746789259452,-0.963276119071527,-0.269745977982789
"681",45,"Momin et al. 2021","CTRI/2020/07/026352","ZyCoV-D (Needle)","DNA based vaccine","mg","2","Gujarat, India","Day 0/28/56","Live SARS-CoV-2 virus","PRNT 50",49.5,36.7,67.3,73,"2",1,"18-55","adult","84","prime",10,"GMT/CI",14.13,5.57,35.82,"Table 4, Supplemental Table 5",1.15014216184856,1.69460519893357,0.652034537269485,0.573993582164651,0.206191425086552,0.0671808673397672,-0.54446303708501,0.285454545454545,0.0478327985137209,0.216859799676534,0.638482290441778,0.149771595721295,-0.969508244451017,-0.119417829719003
"682",45,"Momin et al. 2021","CTRI/2020/07/026352","ZyCoV-D (Needle-Free)","DNA based vaccine","mg","2","Gujarat, India","Day 0/28/56","Live SARS-CoV-2 virus","PRNT 50",49.5,36.7,67.3,73,"2",1,"18-55","adult","84","prime",10,"GMT/CI",39.17,15.43,99.47,"Table 4, Supplemental Table 5",1.59295357154787,1.69460519893357,0.652886259277239,0.573993582164651,0.206460763234331,0.0671808673397672,-0.101651627385703,0.791313131313132,0.0478327985137209,0.217115903820577,0.629942416757908,0.151747481458135,-0.527198798874033,0.323895544102628
"683",47,"Guo et al. 2021 Phase 1","ChiCTR2000031809","WIBP COVID-19 vaccine/Inactivated SARS-CoV-2 vaccine (vero cell)","Inactivated vaccine","ug","5","Henan, China","Day 0/28/56 (booster)","Live SARS-CoV-2 virus","PRNT 50",215.8,99.5,458.1,50,"2.5",0.5,">=60","elderly","0","prime",24,"GMT/CI",5,5,5,"Supplementary Table 6",0.698970004336019,2.33405144034689,0.44734451237116,1.19619596626709,0.0913138162119583,0.169167655875091,-1.63508143601087,0.0231696014828545,0.12083403991078,0.192239196901841,0.442298038382083,0.0657296257530682,-2.01187026193848,-1.25829261008327
"684",47,"Guo et al. 2021 Phase 1","ChiCTR2000031809","WIBP COVID-19 vaccine/Inactivated SARS-CoV-2 vaccine (vero cell)","Inactivated vaccine","ug","5","Henan, China","Day 0/28/56 (booster)","Live SARS-CoV-2 virus","PRNT 50",215.8,99.5,458.1,50,"5",1,">=60","elderly","0","prime",24,"GMT/CI",5,5,5,"Supplementary Table 6",0.698970004336019,2.33405144034689,0.44734451237116,1.19619596626709,0.0913138162119583,0.169167655875091,-1.63508143601087,0.0231696014828545,0.12083403991078,0.192239196901841,0.44202102644355,0.0658503861763754,-2.01187026193848,-1.25829261008327
"685",47,"Guo et al. 2021 Phase 1","ChiCTR2000031809","WIBP COVID-19 vaccine/Inactivated SARS-CoV-2 vaccine (vero cell)","Inactivated vaccine","ug","5","Henan, China","Day 0/28/56 (booster)","Live SARS-CoV-2 virus","PRNT 50",215.8,99.5,458.1,50,"10",2,">=60","elderly","0","prime",24,"GMT/CI",5,5,5,"Supplementary Table 6",0.698970004336019,2.33405144034689,0.44734451237116,1.19619596626709,0.0913138162119583,0.169167655875091,-1.63508143601087,0.0231696014828545,0.12083403991078,0.192239196901841,0.441389593369854,0.0668635986112411,-2.01187026193848,-1.25829261008327
"686",47,"Guo et al. 2021 Phase 1&2","ChiCTR2000031809","WIBP COVID-19 vaccine/Inactivated SARS-CoV-2 vaccine (vero cell)","Inactivated vaccine","ug","5","Henan, China","Day 0/28/56 (booster)","Live SARS-CoV-2 virus","PRNT 50",215.8,99.5,458.1,50,"2.5",0.5,"18-59","adult","0","prime",84,"GMT/CI",5,5,5,"Supplementary Table 6",0.698970004336019,2.33405144034689,0.44734451237116,1.19619596626709,0.0488092878491417,0.169167655875091,-1.63508143601087,0.0231696014828545,0.12083403991078,0.176068288952366,0.446442425222608,0.0347719196196274,-1.98017528235751,-1.28998758966424
"687",47,"Guo et al. 2021 Phase 1&2","ChiCTR2000031809","WIBP COVID-19 vaccine/Inactivated SARS-CoV-2 vaccine (vero cell)","Inactivated vaccine","ug","5","Henan, China","Day 0/28/56 (booster)","Live SARS-CoV-2 virus","PRNT 50",215.8,99.5,458.1,50,"2.5",0.5,">=60","elderly","0","prime",84,"GMT/CI",5,5,5,"Supplementary Table 6",0.698970004336019,2.33405144034689,0.44734451237116,1.19619596626709,0.0488092878491417,0.169167655875091,-1.63508143601087,0.0231696014828545,0.12083403991078,0.176068288952366,0.445359485330035,0.034561901551386,-1.98017528235751,-1.28998758966424
"688",47,"Guo et al. 2021 Phase 1&2","ChiCTR2000031809","WIBP COVID-19 vaccine/Inactivated SARS-CoV-2 vaccine (vero cell)","Inactivated vaccine","ug","5","Henan, China","Day 0/28/56 (booster)","Live SARS-CoV-2 virus","PRNT 50",215.8,99.5,458.1,50,"5",1,"18-59","adult","0","prime",84,"GMT/CI",5,5,5,"Supplementary Table 6",0.698970004336019,2.33405144034689,0.44734451237116,1.19619596626709,0.0488092878491417,0.169167655875091,-1.63508143601087,0.0231696014828545,0.12083403991078,0.176068288952366,0.447033567600793,0.0347015036548873,-1.98017528235751,-1.28998758966424
"689",47,"Guo et al. 2021 Phase 1&2","ChiCTR2000031809","WIBP COVID-19 vaccine/Inactivated SARS-CoV-2 vaccine (vero cell)","Inactivated vaccine","ug","5","Henan, China","Day 0/28/56 (booster)","Live SARS-CoV-2 virus","PRNT 50",215.8,99.5,458.1,50,"5",1,">=60","elderly","0","prime",82,"GMT/CI",5,5,5,"Supplementary Table 6",0.698970004336019,2.33405144034689,0.44734451237116,1.19619596626709,0.0494009371823553,0.169167655875091,-1.63508143601087,0.0231696014828545,0.12083403991078,0.17623322158086,0.446519502213926,0.0349722637315645,-1.98049855030936,-1.28966432171239
"690",47,"Guo et al. 2021 Phase 1&2","ChiCTR2000031809","WIBP COVID-19 vaccine/Inactivated SARS-CoV-2 vaccine (vero cell)","Inactivated vaccine","ug","5","Henan, China","Day 0/28/56 (booster)","Live SARS-CoV-2 virus","PRNT 50",215.8,99.5,458.1,50,"10",2,"18-59","adult","0","prime",84,"GMT/CI",5,5,5,"Supplementary Table 6",0.698970004336019,2.33405144034689,0.44734451237116,1.19619596626709,0.0488092878491417,0.169167655875091,-1.63508143601087,0.0231696014828545,0.12083403991078,0.176068288952366,0.44647434335087,0.0343788622942772,-1.98017528235751,-1.28998758966424
"691",47,"Guo et al. 2021 Phase 1&2","ChiCTR2000031809","WIBP COVID-19 vaccine/Inactivated SARS-CoV-2 vaccine (vero cell)","Inactivated vaccine","ug","5","Henan, China","Day 0/28/56 (booster)","Live SARS-CoV-2 virus","PRNT 50",215.8,99.5,458.1,50,"10",2,">=60","elderly","0","prime",81,"GMT/CI",5,5,5,"Supplementary Table 6",0.698970004336019,2.33405144034689,0.44734451237116,1.19619596626709,0.0497049458190178,0.169167655875091,-1.63508143601087,0.0231696014828545,0.12083403991078,0.176318681463834,0.443863039517815,0.0353394001220597,-1.98066605167999,-1.28949682034176
"692",47,"Guo et al. 2021 Phase 1&2","ChiCTR2000031809","WIBP COVID-19 vaccine/Inactivated SARS-CoV-2 vaccine (vero cell)","Inactivated vaccine","ug","5","Henan, China","Day 0/14","Live SARS-CoV-2 virus","PRNT 50",215.8,99.5,458.1,50,"5",1,"18-59","adult","0","prime",84,"GMT/CI",5,5,5,"Supplementary Table 6",0.698970004336019,2.33405144034689,0.44734451237116,1.19619596626709,0.0488092878491417,0.169167655875091,-1.63508143601087,0.0231696014828545,0.12083403991078,0.176068288952366,0.444879681316467,0.0359882344282707,-1.98017528235751,-1.28998758966424
"693",47,"Guo et al. 2021 Phase 1&2","ChiCTR2000031809","WIBP COVID-19 vaccine/Inactivated SARS-CoV-2 vaccine (vero cell)","Inactivated vaccine","ug","5","Henan, China","Day 0/21","Live SARS-CoV-2 virus","PRNT 50",215.8,99.5,458.1,50,"5",1,"18-59","adult","0","prime",84,"GMT/CI",5,5,5,"Supplementary Table 6",0.698970004336019,2.33405144034689,0.44734451237116,1.19619596626709,0.0488092878491417,0.169167655875091,-1.63508143601087,0.0231696014828545,0.12083403991078,0.176068288952366,0.446916269311891,0.034982631562903,-1.98017528235751,-1.28998758966424
"694",47,"Guo et al. 2021 Phase 1&2","ChiCTR2000031809","WIBP COVID-19 vaccine/Inactivated SARS-CoV-2 vaccine (vero cell)","Inactivated vaccine","ug","5","Henan, China","Day 0/28","Live SARS-CoV-2 virus","PRNT 50",215.8,99.5,458.1,50,"5",1,"18-59","adult","0","prime",83,"GMT/CI",5,5,5,"Supplementary Table 6",0.698970004336019,2.33405144034689,0.44734451237116,1.19619596626709,0.0491024393608693,0.169167655875091,-1.63508143601087,0.0231696014828545,0.12083403991078,0.176149780997483,0.445630537921063,0.0354279448932047,-1.98033500676594,-1.28982786525581
"695",47,"Guo et al. 2021 Phase 1&2","ChiCTR2000031809","WIBP COVID-19 vaccine/Inactivated SARS-CoV-2 vaccine (vero cell)","Inactivated vaccine","ug","5","Henan, China","Day 0","Live SARS-CoV-2 virus","PRNT 50",215.8,99.5,458.1,50,"10",2,"18-59","adult","0","prime",84,"GMT/CI",5,5,5,"Supplementary Table 6",0.698970004336019,2.33405144034689,0.44734451237116,1.19619596626709,0.0488092878491417,0.169167655875091,-1.63508143601087,0.0231696014828545,0.12083403991078,0.176068288952366,0.446636383839247,0.0344150692444531,-1.98017528235751,-1.28998758966424
"696",47,"Guo et al. 2021 Phase 1&2","ChiCTR2000031809","WIBP COVID-19 vaccine/Inactivated SARS-CoV-2 vaccine (vero cell)","Inactivated vaccine","ug","5","Henan, China","Day 0/14","Live SARS-CoV-2 virus","PRNT 50",215.8,99.5,458.1,50,"5",1,"18-59","adult","104","prime",84,"GMT/CI",20,14,27,"Table 3",1.30102999566398,2.33405144034689,0.666895059524952,1.19619596626709,0.0727642164491708,0.169167655875091,-1.03302144468291,0.092678405931418,0.12083403991078,0.18415299886164,0.66560868331551,0.052676216428484,-1.39396132245172,-0.672081566914097
"697",47,"Guo et al. 2021 Phase 1&2","ChiCTR2000031809","WIBP COVID-19 vaccine/Inactivated SARS-CoV-2 vaccine (vero cell)","Inactivated vaccine","ug","5","Henan, China","Day 0/21","Live SARS-CoV-2 virus","PRNT 50",215.8,99.5,458.1,50,"5",1,"18-59","adult","111","prime",84,"GMT/CI",53,38,75,"Table 3",1.72427586960079,2.33405144034689,0.690373601543816,1.19619596626709,0.0753259354017576,0.169167655875091,-0.609775570746103,0.245597775718258,0.12083403991078,0.185180161838203,0.690115015583374,0.0525699245528951,-0.972728687948981,-0.246822453543225
"698",47,"Guo et al. 2021 Phase 1&2","ChiCTR2000031809","WIBP COVID-19 vaccine/Inactivated SARS-CoV-2 vaccine (vero cell)","Inactivated vaccine","ug","5","Henan, China","Day 0/28","Live SARS-CoV-2 virus","PRNT 50",215.8,99.5,458.1,50,"5",1,"18-59","adult","118","prime",83,"GMT/CI",44,32,61,"Table 3",1.64345267648619,2.33405144034689,0.651163258825576,1.19619596626709,0.0714744532374646,0.169167655875091,-0.690598763860705,0.20389249304912,0.12083403991078,0.183647197800206,0.649659584768753,0.050361640626654,-1.05054727154911,-0.330650256172302
"699",47,"Guo et al. 2021 Phase 1","ChiCTR2000031809","WIBP COVID-19 vaccine/Inactivated SARS-CoV-2 vaccine (vero cell)","Inactivated vaccine","ug","5","Henan, China","Day 0/28/56 (booster)","Live SARS-CoV-2 virus","PRNT 50",215.8,99.5,458.1,50,"2.5",0.5,">=60","elderly","14","prime",24,"GMT/CI",5,5,5,"Supplementary Table 6",0.698970004336019,2.33405144034689,0.44734451237116,1.19619596626709,0.0913138162119583,0.169167655875091,-1.63508143601087,0.0231696014828545,0.12083403991078,0.192239196901841,0.439940457014909,0.0671004551727698,-2.01187026193848,-1.25829261008327
"700",47,"Guo et al. 2021 Phase 1","ChiCTR2000031809","WIBP COVID-19 vaccine/Inactivated SARS-CoV-2 vaccine (vero cell)","Inactivated vaccine","ug","5","Henan, China","Day 0/28/56 (booster)","Live SARS-CoV-2 virus","PRNT 50",215.8,99.5,458.1,50,"5",1,">=60","elderly","14","prime",24,"GMT/CI",6,4,8,"Supplementary Table 6",0.778151250383644,2.33405144034689,0.37620912584132,1.19619596626709,0.0767933662408115,0.169167655875091,-1.55590018996325,0.0278035217794254,0.12083403991078,0.185781906796299,0.372557886960729,0.0552345303777161,-1.92003272728399,-1.1917676526425
"701",47,"Guo et al. 2021 Phase 1","ChiCTR2000031809","WIBP COVID-19 vaccine/Inactivated SARS-CoV-2 vaccine (vero cell)","Inactivated vaccine","ug","5","Henan, China","Day 0/28/56 (booster)","Live SARS-CoV-2 virus","PRNT 50",215.8,99.5,458.1,50,"10",2,">=60","elderly","14","prime",24,"GMT/CI",7,5,11,"Supplementary Table 6",0.845098040014257,2.33405144034689,0.427939206311384,1.19619596626709,0.0873527246995424,0.169167655875091,-1.48895340033264,0.0324374420759963,0.12083403991078,0.190389585604642,0.423628172145086,0.0627926182465476,-1.86211698811773,-1.11578981254754
"702",47,"Guo et al. 2021 Phase 1","ChiCTR2000031809","WIBP COVID-19 vaccine/Inactivated SARS-CoV-2 vaccine (vero cell)","Inactivated vaccine","ug","5","Henan, China","Day 0/28/56 (booster)","Live SARS-CoV-2 virus","PRNT 50",215.8,99.5,458.1,50,"2.5",0.5,">=60","elderly","146","booster",24,"GMT/CI",110,62,195,"Supplementary Table 6",2.04139268515822,2.33405144034689,0.621924098303656,1.19619596626709,0.126949724965373,0.169167655875091,-0.292658755188667,0.509731232622799,0.12083403991078,0.21150396796055,0.615925186563913,0.0910522609100884,-0.707206532391345,0.121889022014011
"703",47,"Guo et al. 2021 Phase 1","ChiCTR2000031809","WIBP COVID-19 vaccine/Inactivated SARS-CoV-2 vaccine (vero cell)","Inactivated vaccine","ug","5","Henan, China","Day 0/28/56 (booster)","Live SARS-CoV-2 virus","PRNT 50",215.8,99.5,458.1,50,"5",1,">=60","elderly","146","booster",24,"GMT/CI",106,50,224,"Supplementary Table 6",2.02530586526477,2.33405144034689,0.813927966830945,1.19619596626709,0.166142350509731,0.169167655875091,-0.308745575082122,0.491195551436515,0.12083403991078,0.237109629553866,0.804800820396747,0.119644219388421,-0.773480449007699,0.155989298843456
"704",47,"Guo et al. 2021 Phase 1","ChiCTR2000031809","WIBP COVID-19 vaccine/Inactivated SARS-CoV-2 vaccine (vero cell)","Inactivated vaccine","ug","5","Henan, China","Day 0/28/56 (booster)","Live SARS-CoV-2 virus","PRNT 50",215.8,99.5,458.1,50,"10",2,">=60","elderly","146","booster",24,"GMT/CI",118,68,202,"Supplementary Table 6",2.07188200730613,2.33405144034689,0.590929973335703,1.19619596626709,0.120623075699078,0.169167655875091,-0.262169433040766,0.546802594995366,0.12083403991078,0.207768193392008,0.584214300544953,0.0854145430642327,-0.669395092089103,0.14505622600757
"705",47,"Guo et al. 2021 Phase 1&2","ChiCTR2000031809","WIBP COVID-19 vaccine/Inactivated SARS-CoV-2 vaccine (vero cell)","Inactivated vaccine","ug","5","Henan, China","Day 0/28/56 (booster)","Live SARS-CoV-2 virus","PRNT 50",215.8,99.5,458.1,50,"2.5",0.5,"18-59","adult","146","booster",84,"GMT/CI",87,61,125,"Table 3",1.93951925261862,2.33405144034689,0.728489668734894,1.19619596626709,0.0794847392850227,0.169167655875091,-0.394532187728273,0.403151065801668,0.12083403991078,0.186910458705449,0.725203212315051,0.0567321224923469,-0.760876686790954,-0.0281876886655934
"706",47,"Guo et al. 2021 Phase 1&2","ChiCTR2000031809","WIBP COVID-19 vaccine/Inactivated SARS-CoV-2 vaccine (vero cell)","Inactivated vaccine","ug","5","Henan, China","Day 0/28/56 (booster)","Live SARS-CoV-2 virus","PRNT 50",215.8,99.5,458.1,50,"2.5",0.5,">=60","elderly","146","booster",84,"GMT/CI",99,70,139,"Table 3",1.99563519459755,2.33405144034689,0.696543930915851,1.19619596626709,0.0759991735305709,0.169167655875091,-0.338416245749342,0.458758109360519,0.12083403991078,0.185455035444183,0.69572335581173,0.054752495065212,-0.701908115219941,0.0250756237212565
"707",47,"Guo et al. 2021 Phase 1&2","ChiCTR2000031809","WIBP COVID-19 vaccine/Inactivated SARS-CoV-2 vaccine (vero cell)","Inactivated vaccine","ug","5","Henan, China","Day 0/28/56 (booster)","Live SARS-CoV-2 virus","PRNT 50",215.8,99.5,458.1,50,"5",1,"18-59","adult","146","booster",84,"GMT/CI",128,95,173,"Table 3",2.10720996964787,2.33405144034689,0.608646709924254,1.19619596626709,0.0664088004693744,0.169167655875091,-0.226841470699024,0.593141797961075,0.12083403991078,0.181735589728744,0.608213107883833,0.0476184560136708,-0.583043226567363,0.129360285169315
"708",47,"Guo et al. 2021 Phase 1&2","ChiCTR2000031809","WIBP COVID-19 vaccine/Inactivated SARS-CoV-2 vaccine (vero cell)","Inactivated vaccine","ug","5","Henan, China","Day 0/28/56 (booster)","Live SARS-CoV-2 virus","PRNT 50",215.8,99.5,458.1,50,"5",1,">=60","elderly","146","booster",82,"GMT/CI",99,69,144,"Table 3",1.99563519459755,2.33405144034689,0.738091047472684,1.19619596626709,0.0815085207545904,0.169167655875091,-0.338416245749342,0.458758109360519,0.12083403991078,0.18778001690775,0.736255770711769,0.0581456284833815,-0.706465078888532,0.0296325873898477
"709",47,"Guo et al. 2021 Phase 1&2","ChiCTR2000031809","WIBP COVID-19 vaccine/Inactivated SARS-CoV-2 vaccine (vero cell)","Inactivated vaccine","ug","5","Henan, China","Day 0/28/56 (booster)","Live SARS-CoV-2 virus","PRNT 50",215.8,99.5,458.1,50,"10",2,"18-59","adult","146","booster",84,"GMT/CI",129,99,169,"Table 3",2.11058971029925,2.33405144034689,0.543015369855449,1.19619596626709,0.0592478341877866,0.169167655875091,-0.223461730047643,0.597775718257646,0.12083403991078,0.179242856622563,0.541695981654715,0.0426379924727596,-0.574777729027867,0.127854268932581
"710",47,"Guo et al. 2021 Phase 1&2","ChiCTR2000031809","WIBP COVID-19 vaccine/Inactivated SARS-CoV-2 vaccine (vero cell)","Inactivated vaccine","ug","5","Henan, China","Day 0/28/56 (booster)","Live SARS-CoV-2 virus","PRNT 50",215.8,99.5,458.1,50,"10",2,">=60","elderly","146","booster",81,"GMT/CI",120,84,172,"Table 3",2.07918124604762,2.33405144034689,0.714602665206889,1.19619596626709,0.0794002961340988,0.169167655875091,-0.254870194299267,0.556070435588508,0.12083403991078,0.18687456440205,0.712031553495181,0.0560582166529938,-0.621144340527285,0.111403951928751
"711",47,"Guo et al. 2021 Phase 1","ChiCTR2000031809","WIBP COVID-19 vaccine/Inactivated SARS-CoV-2 vaccine (vero cell)","Inactivated vaccine","ug","5","Henan, China","Day 0/28/56 (booster)","Live SARS-CoV-2 virus","PRNT 50",215.8,99.5,458.1,50,"2.5",0.5,">=60","elderly","28","prime",24,"GMT/CI",9,5,14,"Supplementary Table 6",0.954242509439325,2.33405144034689,0.558831128150961,1.19619596626709,0.114070926362811,0.169167655875091,-1.37980893090757,0.0417052826691381,0.12083403991078,0.20403399725424,0.550423743646568,0.0844509112087882,-1.77971556552588,-0.979902296289257
"712",47,"Guo et al. 2021 Phase 1","ChiCTR2000031809","WIBP COVID-19 vaccine/Inactivated SARS-CoV-2 vaccine (vero cell)","Inactivated vaccine","ug","5","Henan, China","Day 0/28/56 (booster)","Live SARS-CoV-2 virus","PRNT 50",215.8,99.5,458.1,50,"5",1,">=60","elderly","28","prime",24,"GMT/CI",10,6,17,"Supplementary Table 6",1,2.33405144034689,0.565254339686769,1.19619596626709,0.115382058927202,0.169167655875091,-1.33405144034689,0.046339202965709,0.12083403991078,0.204769908230076,0.558856792898602,0.0831094767770263,-1.73540046047784,-0.932702420215944
"713",47,"Guo et al. 2021 Phase 1","ChiCTR2000031809","WIBP COVID-19 vaccine/Inactivated SARS-CoV-2 vaccine (vero cell)","Inactivated vaccine","ug","5","Henan, China","Day 0/28/56 (booster)","Live SARS-CoV-2 virus","PRNT 50",215.8,99.5,458.1,50,"10",2,">=60","elderly","28","prime",24,"GMT/CI",8,5,13,"Supplementary Table 6",0.903089986991944,2.33405144034689,0.518608652746384,1.19619596626709,0.105860547951739,0.169167655875091,-1.43096145335495,0.0370713623725672,0.12083403991078,0.199559894284688,0.513820093321845,0.0763287932510829,-1.82209884615294,-1.03982406055696
"714",47,"Guo et al. 2021 Phase 1&2","ChiCTR2000031809","WIBP COVID-19 vaccine/Inactivated SARS-CoV-2 vaccine (vero cell)","Inactivated vaccine","ug","5","Henan, China","Day 0","Live SARS-CoV-2 virus","PRNT 50",215.8,99.5,458.1,50,"10",2,"18-59","adult","28","prime",84,"GMT/CI",24,17,34,"Table 3",1.38021124171161,2.33405144034689,0.70382282733797,1.19619596626709,0.0767933662408115,0.169167655875091,-0.953840198635286,0.111214087117702,0.12083403991078,0.185781906796299,0.702335448388466,0.0537711495913085,-1.31797273595603,-0.58970766131454
"715",47,"Guo et al. 2021 Phase 1","ChiCTR2000031809","WIBP COVID-19 vaccine/Inactivated SARS-CoV-2 vaccine (vero cell)","Inactivated vaccine","ug","5","Henan, China","Day 0/28/56 (booster)","Live SARS-CoV-2 virus","PRNT 50",215.8,99.5,458.1,50,"2.5",0.5,">=60","elderly","32","prime",24,"GMT/CI",17,10,32,"Supplementary Table 6",1.23044892137827,2.33405144034689,0.631305964521303,1.19619596626709,0.128864790387731,0.169167655875091,-1.10360251896862,0.0787766450417053,0.12083403991078,0.212658952306145,0.622165672387594,0.0930699417933969,-1.52041406548866,-0.686790972448574
"716",47,"Guo et al. 2021 Phase 1","ChiCTR2000031809","WIBP COVID-19 vaccine/Inactivated SARS-CoV-2 vaccine (vero cell)","Inactivated vaccine","ug","5","Henan, China","Day 0/28/56 (booster)","Live SARS-CoV-2 virus","PRNT 50",215.8,99.5,458.1,50,"5",1,">=60","elderly","32","prime",24,"GMT/CI",16,9,28,"Supplementary Table 6",1.20411998265592,2.33405144034689,0.6160160790611,1.19619596626709,0.125743755587473,0.169167655875091,-1.12993145769097,0.0741427247451344,0.12083403991078,0.210782323413315,0.607866355686868,0.0903396316978519,-1.54306481158107,-0.716798103800869
"717",47,"Guo et al. 2021 Phase 1","ChiCTR2000031809","WIBP COVID-19 vaccine/Inactivated SARS-CoV-2 vaccine (vero cell)","Inactivated vaccine","ug","5","Henan, China","Day 0/28/56 (booster)","Live SARS-CoV-2 virus","PRNT 50",215.8,99.5,458.1,50,"10",2,">=60","elderly","32","prime",24,"GMT/CI",25,14,45,"Supplementary Table 6",1.39794000867204,2.33405144034689,0.633723585624195,1.19619596626709,0.129358285228854,0.169167655875091,-0.936111431674854,0.115848007414272,0.12083403991078,0.212958356848523,0.628399198431561,0.0920191014113622,-1.35350981109796,-0.51871305225175
"718",47,"Guo et al. 2021 Phase 1","ChiCTR2000031809","WIBP COVID-19 vaccine/Inactivated SARS-CoV-2 vaccine (vero cell)","Inactivated vaccine","ug","5","Henan, China","Day 0/28/56 (booster)","Live SARS-CoV-2 virus","PRNT 50",215.8,99.5,458.1,50,"2.5",0.5,">=60","elderly","4","prime",24,"GMT/CI",5,5,5,"Supplementary Table 6",0.698970004336019,2.33405144034689,0.44734451237116,1.19619596626709,0.0913138162119583,0.169167655875091,-1.63508143601087,0.0231696014828545,0.12083403991078,0.192239196901841,0.44252111957886,0.0656087157709001,-2.01187026193848,-1.25829261008327
"719",47,"Guo et al. 2021 Phase 1","ChiCTR2000031809","WIBP COVID-19 vaccine/Inactivated SARS-CoV-2 vaccine (vero cell)","Inactivated vaccine","ug","5","Henan, China","Day 0/28/56 (booster)","Live SARS-CoV-2 virus","PRNT 50",215.8,99.5,458.1,50,"5",1,">=60","elderly","4","prime",24,"GMT/CI",5,5,5,"Supplementary Table 6",0.698970004336019,2.33405144034689,0.44734451237116,1.19619596626709,0.0913138162119583,0.169167655875091,-1.63508143601087,0.0231696014828545,0.12083403991078,0.192239196901841,0.443290039712834,0.063158632743694,-2.01187026193848,-1.25829261008327
"720",47,"Guo et al. 2021 Phase 1","ChiCTR2000031809","WIBP COVID-19 vaccine/Inactivated SARS-CoV-2 vaccine (vero cell)","Inactivated vaccine","ug","5","Henan, China","Day 0/28/56 (booster)","Live SARS-CoV-2 virus","PRNT 50",215.8,99.5,458.1,50,"10",2,">=60","elderly","4","prime",24,"GMT/CI",5,5,5,"Supplementary Table 6",0.698970004336019,2.33405144034689,0.44734451237116,1.19619596626709,0.0913138162119583,0.169167655875091,-1.63508143601087,0.0231696014828545,0.12083403991078,0.192239196901841,0.442831440565904,0.0667401142491595,-2.01187026193848,-1.25829261008327
"721",47,"Guo et al. 2021 Phase 1","ChiCTR2000031809","WIBP COVID-19 vaccine/Inactivated SARS-CoV-2 vaccine (vero cell)","Inactivated vaccine","ug","5","Henan, China","Day 0/28/56 (booster)","Live SARS-CoV-2 virus","PRNT 50",215.8,99.5,458.1,50,"2.5",0.5,">=60","elderly","42","prime",24,"GMT/CI",86,46,158,"Supplementary Table 6",1.93449845124357,2.33405144034689,0.669734555589789,1.19619596626709,0.136708993692053,0.169167655875091,-0.399552989103324,0.398517145505097,0.12083403991078,0.217501827005125,0.665643264093517,0.0976583760964014,-0.825856570033369,0.0267505918267201
"722",47,"Guo et al. 2021 Phase 1","ChiCTR2000031809","WIBP COVID-19 vaccine/Inactivated SARS-CoV-2 vaccine (vero cell)","Inactivated vaccine","ug","5","Henan, China","Day 0/28/56 (booster)","Live SARS-CoV-2 virus","PRNT 50",215.8,99.5,458.1,50,"5",1,">=60","elderly","42","prime",24,"GMT/CI",71,36,143,"Supplementary Table 6",1.85125834871908,2.33405144034689,0.748635971287923,1.19619596626709,0.152814677729024,0.169167655875091,-0.482793091627817,0.329008341056534,0.12083403991078,0.227969343385682,0.743332973650762,0.109794772709186,-0.929613004663753,-0.0359731785918807
"723",47,"Guo et al. 2021 Phase 1","ChiCTR2000031809","WIBP COVID-19 vaccine/Inactivated SARS-CoV-2 vaccine (vero cell)","Inactivated vaccine","ug","5","Henan, China","Day 0/28/56 (booster)","Live SARS-CoV-2 virus","PRNT 50",215.8,99.5,458.1,50,"10",2,">=60","elderly","42","prime",24,"GMT/CI",102,68,152,"Supplementary Table 6",2.00860017176192,2.33405144034689,0.436577399895555,1.19619596626709,0.0891159885812592,0.169167655875091,-0.325451268584974,0.472659870250232,0.12083403991078,0.191205008342063,0.433248533721117,0.0657735485444062,-0.700213084935418,0.0493105477654694
"724",47,"Guo et al. 2021 Phase 1&2","ChiCTR2000031809","WIBP COVID-19 vaccine/Inactivated SARS-CoV-2 vaccine (vero cell)","Inactivated vaccine","ug","5","Henan, China","Day 0/14","Live SARS-CoV-2 virus","PRNT 50",215.8,99.5,458.1,50,"5",1,"18-59","adult","42","prime",84,"GMT/CI",39,29,53,"Table 3",1.5910646070265,2.33405144034689,0.612283249952848,1.19619596626709,0.0668055795157737,0.169167655875091,-0.742986833320393,0.180722891566265,0.12083403991078,0.181880953507264,0.610970809920459,0.0464235321789152,-1.09947350219463,-0.386500164446155
"725",47,"Guo et al. 2021 Phase 1&2","ChiCTR2000031809","WIBP COVID-19 vaccine/Inactivated SARS-CoV-2 vaccine (vero cell)","Inactivated vaccine","ug","5","Henan, China","Day 0/21","Live SARS-CoV-2 virus","PRNT 50",215.8,99.5,458.1,50,"5",1,"18-59","adult","49","prime",84,"GMT/CI",134,104,174,"Table 3",2.12710479836481,2.33405144034689,0.522591108135313,1.19619596626709,0.0570193645366887,0.169167655875091,-0.206946641982084,0.6209453197405,0.12083403991078,0.178518636916265,0.521153878011976,0.0401683513516952,-0.556843170337963,0.142949886373794
"726",47,"Guo et al. 2021 Phase 1","ChiCTR2000031809","WIBP COVID-19 vaccine/Inactivated SARS-CoV-2 vaccine (vero cell)","Inactivated vaccine","ug","5","Henan, China","Day 0/28/56 (booster)","Live SARS-CoV-2 virus","PRNT 50",215.8,99.5,458.1,50,"2.5",0.5,">=60","elderly","56","prime",24,"GMT/CI",90,48,167,"Supplementary Table 6",1.95424250943932,2.33405144034689,0.676703077089606,1.19619596626709,0.138131437186734,0.169167655875091,-0.379808930907567,0.417052826691381,0.12083403991078,0.218398694441029,0.668529451355066,0.0998751264536312,-0.807870372011984,0.0482525101968496
"727",47,"Guo et al. 2021 Phase 1","ChiCTR2000031809","WIBP COVID-19 vaccine/Inactivated SARS-CoV-2 vaccine (vero cell)","Inactivated vaccine","ug","5","Henan, China","Day 0/28/56 (booster)","Live SARS-CoV-2 virus","PRNT 50",215.8,99.5,458.1,50,"5",1,">=60","elderly","56","prime",24,"GMT/CI",54,29,102,"Supplementary Table 6",1.73239375982297,2.33405144034689,0.682610521613876,1.19619596626709,0.139337289250755,0.169167655875091,-0.601657680523923,0.250231696014829,0.12083403991078,0.219163354532691,0.676657392758562,0.0975394442692936,-1.031217855408,-0.172097505639849
"728",47,"Guo et al. 2021 Phase 1","ChiCTR2000031809","WIBP COVID-19 vaccine/Inactivated SARS-CoV-2 vaccine (vero cell)","Inactivated vaccine","ug","5","Henan, China","Day 0/28/56 (booster)","Live SARS-CoV-2 virus","PRNT 50",215.8,99.5,458.1,50,"10",2,">=60","elderly","56","prime",24,"GMT/CI",89,61,130,"Supplementary Table 6",1.94939000664491,2.33405144034689,0.410681346916646,1.19619596626709,0.0838299789020586,0.169167655875091,-0.384661433701979,0.41241890639481,0.12083403991078,0.188799261537202,0.405247593330721,0.0589771342998141,-0.754707986314896,-0.0146148810890626
"729",47,"Guo et al. 2021 Phase 1&2","ChiCTR2000031809","WIBP COVID-19 vaccine/Inactivated SARS-CoV-2 vaccine (vero cell)","Inactivated vaccine","ug","5","Henan, China","Day 0/28","Live SARS-CoV-2 virus","PRNT 50",215.8,99.5,458.1,50,"5",1,"18-59","adult","56","prime",83,"GMT/CI",91,71,115,"Table 3",1.95904139232109,2.33405144034689,0.486756269741376,1.19619596626709,0.0534284417435042,0.169167655875091,-0.375010048025798,0.421686746987952,0.12083403991078,0.177404324021181,0.48400745278782,0.0388395336228697,-0.722722523107314,-0.0272975729442826
"730",47,"Guo et al. 2021 Phase 1","ChiCTR2000031809","WIBP COVID-19 vaccine/Inactivated SARS-CoV-2 vaccine (vero cell)","Inactivated vaccine","ug","5","Henan, China","Day 0/28/56 (booster)","Live SARS-CoV-2 virus","PRNT 50",215.8,99.5,458.1,50,"2.5",0.5,">=60","elderly","60","booster",24,"GMT/CI",61,36,105,"Supplementary Table 6",1.78532983501077,2.33405144034689,0.580987471427375,1.19619596626709,0.118593570995574,0.169167655875091,-0.548721605336125,0.282669138090825,0.12083403991078,0.206596541296692,0.573992249483439,0.0866101701321157,-0.95365082627764,-0.143792384394609
"731",47,"Guo et al. 2021 Phase 1","ChiCTR2000031809","WIBP COVID-19 vaccine/Inactivated SARS-CoV-2 vaccine (vero cell)","Inactivated vaccine","ug","5","Henan, China","Day 0/28/56 (booster)","Live SARS-CoV-2 virus","PRNT 50",215.8,99.5,458.1,50,"5",1,">=60","elderly","60","booster",24,"GMT/CI",74,33,164,"Supplementary Table 6",1.86923171973098,2.33405144034689,0.870231105946481,1.19619596626709,0.177635180655564,0.169167655875091,-0.464819720615916,0.342910101946246,0.12083403991078,0.245299721159255,0.857237600720563,0.127980303929382,-0.945607174088055,0.0159677328562237
"732",47,"Guo et al. 2021 Phase 1","ChiCTR2000031809","WIBP COVID-19 vaccine/Inactivated SARS-CoV-2 vaccine (vero cell)","Inactivated vaccine","ug","5","Henan, China","Day 0/28/56 (booster)","Live SARS-CoV-2 virus","PRNT 50",215.8,99.5,458.1,50,"10",2,">=60","elderly","60","booster",24,"GMT/CI",99,65,150,"Supplementary Table 6",1.99563519459755,2.33405144034689,0.453877829982514,1.19619596626709,0.0926474240849046,0.169167655875091,-0.338416245749342,0.458758109360519,0.12083403991078,0.192876232293773,0.446848111327474,0.064877816985737,-0.716453661045137,0.039621169546453
"733",47,"Guo et al. 2021 Phase 1","ChiCTR2000031809","WIBP COVID-19 vaccine/Inactivated SARS-CoV-2 vaccine (vero cell)","Inactivated vaccine","ug","5","Henan, China","Day 0/28/56 (booster)","Live SARS-CoV-2 virus","PRNT 50",215.8,99.5,458.1,50,"2.5",0.5,">=60","elderly","84","booster",24,"GMT/CI",177,104,302,"Supplementary Table 6",2.24797326636181,2.33405144034689,0.578596476194154,1.19619596626709,0.118105511137339,0.169167655875091,-0.0860781739850851,0.820203892493049,0.12083403991078,0.206316765085355,0.571825737646925,0.0829292586461464,-0.490459033552381,0.31830268558221
"734",47,"Guo et al. 2021 Phase 1","ChiCTR2000031809","WIBP COVID-19 vaccine/Inactivated SARS-CoV-2 vaccine (vero cell)","Inactivated vaccine","ug","5","Henan, China","Day 0/28/56 (booster)","Live SARS-CoV-2 virus","PRNT 50",215.8,99.5,458.1,50,"5",1,">=60","elderly","84","booster",24,"GMT/CI",172,91,328,"Supplementary Table 6",2.23552844690755,2.33405144034689,0.695895601086761,1.19619596626709,0.142049094742496,0.169167655875091,-0.0985229934393432,0.797034291010194,0.12083403991078,0.220897354242725,0.689220122711912,0.103615467346832,-0.531481807755084,0.334435820876398
"735",47,"Guo et al. 2021 Phase 1","ChiCTR2000031809","WIBP COVID-19 vaccine/Inactivated SARS-CoV-2 vaccine (vero cell)","Inactivated vaccine","ug","5","Henan, China","Day 0/28/56 (booster)","Live SARS-CoV-2 virus","PRNT 50",215.8,99.5,458.1,50,"10",2,">=60","elderly","84","booster",24,"GMT/CI",187,119,295,"Supplementary Table 6",2.2718416065365,2.33405144034689,0.492741174511625,1.19619596626709,0.100580371067763,0.169167655875091,-0.0622098338103929,0.866543095458758,0.12083403991078,0.196809824039356,0.487373328958365,0.0723160627989109,-0.447957088927531,0.323537421306745
"736",47,"Guo et al. 2021 Phase 1&2","ChiCTR2000031809","WIBP COVID-19 vaccine/Inactivated SARS-CoV-2 vaccine (vero cell)","Inactivated vaccine","ug","5","Henan, China","Day 0/28/56 (booster)","Live SARS-CoV-2 virus","PRNT 50",215.8,99.5,458.1,50,"2.5",0.5,"18-59","adult","84","booster",84,"GMT/CI",149,110,202,"Table 3",2.17318626841227,2.33405144034689,0.617148291373744,1.19619596626709,0.067336399053163,0.169167655875091,-0.160865171934618,0.690454124189064,0.12083403991078,0.182076594958606,0.615028052626953,0.0487088844380464,-0.517735298053485,0.196004954184249
"737",47,"Guo et al. 2021 Phase 1&2","ChiCTR2000031809","WIBP COVID-19 vaccine/Inactivated SARS-CoV-2 vaccine (vero cell)","Inactivated vaccine","ug","5","Henan, China","Day 0/28/56 (booster)","Live SARS-CoV-2 virus","PRNT 50",215.8,99.5,458.1,50,"2.5",0.5,">=60","elderly","84","booster",84,"GMT/CI",161,118,219,"Table 3",2.20682587603185,2.33405144034689,0.627911319679282,1.19619596626709,0.0685107417178554,0.169167655875091,-0.127225564315042,0.746061167747914,0.12083403991078,0.182514157053649,0.626165506305101,0.0485799843858837,-0.484953312140194,0.230502183510109
"738",47,"Guo et al. 2021 Phase 1&2","ChiCTR2000031809","WIBP COVID-19 vaccine/Inactivated SARS-CoV-2 vaccine (vero cell)","Inactivated vaccine","ug","5","Henan, China","Day 0/28/56 (booster)","Live SARS-CoV-2 virus","PRNT 50",215.8,99.5,458.1,50,"5",1,"18-59","adult","84","booster",84,"GMT/CI",238,188,302,"Table 3",2.37657695705651,2.33405144034689,0.481285231422646,1.19619596626709,0.0525125239013955,0.169167655875091,0.0425255167096199,1.10287303058387,0.12083403991078,0.177130632474363,0.478829307204179,0.0371665976534401,-0.304650522940132,0.389701556359372
"739",47,"Guo et al. 2021 Phase 1&2","ChiCTR2000031809","WIBP COVID-19 vaccine/Inactivated SARS-CoV-2 vaccine (vero cell)","Inactivated vaccine","ug","5","Henan, China","Day 0/28/56 (booster)","Live SARS-CoV-2 virus","PRNT 50",215.8,99.5,458.1,50,"5",1,">=60","elderly","84","booster",82,"GMT/CI",161,118,221,"Table 3",2.20682587603185,2.33405144034689,0.629511585754625,1.19619596626709,0.0695179250966799,0.169167655875091,-0.127225564315042,0.746061167747914,0.12083403991078,0.182894608187396,0.630015182318203,0.0503554974226341,-0.485698996362338,0.231247867732253
"740",47,"Guo et al. 2021 Phase 1&2","ChiCTR2000031809","WIBP COVID-19 vaccine/Inactivated SARS-CoV-2 vaccine (vero cell)","Inactivated vaccine","ug","5","Henan, China","Day 0/28/56 (booster)","Live SARS-CoV-2 virus","PRNT 50",215.8,99.5,458.1,50,"10",2,"18-59","adult","84","booster",84,"GMT/CI",216,181,257,"Table 3",2.33445375115093,2.33405144034689,0.35597856797395,1.19619596626709,0.0388404460362526,0.169167655875091,0.000402310804038741,1.00092678405931,0.12083403991078,0.173569225505469,0.354412942196785,0.0266866707456092,-0.339793371186681,0.340597992794758
"741",47,"Guo et al. 2021 Phase 1&2","ChiCTR2000031809","WIBP COVID-19 vaccine/Inactivated SARS-CoV-2 vaccine (vero cell)","Inactivated vaccine","ug","5","Henan, China","Day 0/28/56 (booster)","Live SARS-CoV-2 virus","PRNT 50",215.8,99.5,458.1,50,"10",2,">=60","elderly","84","booster",81,"GMT/CI",187,138,253,"Table 3",2.2718416065365,2.33405144034689,0.604380845145723,1.19619596626709,0.0671534272384137,0.169167655875091,-0.0622098338103929,0.866543095458758,0.12083403991078,0.182009006876413,0.601913632102744,0.0478763109256671,-0.418947487288163,0.294527819667377
"742",47,"Guo et al. 2021 Phase 1&2","ChiCTR2000031809","WIBP COVID-19 vaccine/Inactivated SARS-CoV-2 vaccine (vero cell)","Inactivated vaccine","ug","5","Henan, China","Day 0","Live SARS-CoV-2 virus","PRNT 50",215.8,99.5,458.1,50,"10",2,"18-59","adult","90","prime",84,"GMT/CI",7,6,9,"Table 3",0.845098040014257,2.33405144034689,0.411709961144254,1.19619596626709,0.0449212395550207,0.169167655875091,-1.48895340033264,0.0324374420759963,0.12083403991078,0.175030321822914,0.410943675850438,0.0320498973630453,-1.83201283110555,-1.14589396955972
"743",48,"Hsieh et al. 2021","NCT04487210","MVC-COV1901","Protein subunit","ug","15","Taiwan","Day 0/28","Pseudo virus","PsVNA ID50",430.5,274.9,674,35,"5",0.33,"20-49","adult","0","prime",15,"GMT/CI",10,10,10,"Table S4",1,2.63397315578967,0.44734451237116,0.587812566663788,0.115503856428719,0.099358458339758,-1.63397315578967,0.0232288037166086,0.0712827441300065,0.152358931781368,0.44241767380833,0.083748527775037,-1.93259666208115,-1.33534964949819
"744",48,"Hsieh et al. 2021","NCT04487210","MVC-COV1901","Protein subunit","ug","15","Taiwan","Day 0/28","Pseudo virus","PsVNA ID50",430.5,274.9,674,35,"15",1,"20-49","adult","0","prime",15,"GMT/CI",10,10,10,"Table S4",1,2.63397315578967,0.44734451237116,0.587812566663788,0.115503856428719,0.099358458339758,-1.63397315578967,0.0232288037166086,0.0712827441300065,0.152358931781368,0.439194972200985,0.0816577380878346,-1.93259666208115,-1.33534964949819
"745",48,"Hsieh et al. 2021","NCT04487210","MVC-COV1901","Protein subunit","ug","15","Taiwan","Day 0/28","Pseudo virus","PsVNA ID50",430.5,274.9,674,35,"25",1.67,"20-49","adult","0","prime",15,"GMT/CI",10,10,10,"Table S4",1,2.63397315578967,0.44734451237116,0.587812566663788,0.115503856428719,0.099358458339758,-1.63397315578967,0.0232288037166086,0.0712827441300065,0.152358931781368,0.441459806110839,0.0825003620390284,-1.93259666208115,-1.33534964949819
"746",48,"Hsieh et al. 2021","NCT04487210","MVC-COV1901","Protein subunit","ug","15","Taiwan","Day 0/28","Live SARS-CoV-2 virus","MNT 50",42.7,26.38,69.04,35,"5",0.33,"20-49","adult","0","prime",15,"GMT/CI",4,4,4,"Table S4",0.602059991327962,1.63042787502502,0.44734451237116,0.630584668660156,0.115503856428719,0.10658826313694,-1.02836788369706,0.0936768149882904,0.0764696233759099,0.157169331259173,0.440065362533801,0.0831645959891084,-1.33641977296504,-0.720315994429082
"747",48,"Hsieh et al. 2021","NCT04487210","MVC-COV1901","Protein subunit","ug","15","Taiwan","Day 0/28","Live SARS-CoV-2 virus","MNT 50",42.7,26.38,69.04,35,"15",1,"20-49","adult","0","prime",15,"GMT/CI",4,4,4,"Table S4",0.602059991327962,1.63042787502502,0.44734451237116,0.630584668660156,0.115503856428719,0.10658826313694,-1.02836788369706,0.0936768149882904,0.0764696233759099,0.157169331259173,0.440383720405535,0.082649314911967,-1.33641977296504,-0.720315994429082
"748",48,"Hsieh et al. 2021","NCT04487210","MVC-COV1901","Protein subunit","ug","15","Taiwan","Day 0/28","Live SARS-CoV-2 virus","MNT 50",42.7,26.38,69.04,35,"25",1.67,"20-49","adult","0","prime",15,"GMT/CI",4,4,4,"Table S4",0.602059991327962,1.63042787502502,0.44734451237116,0.630584668660156,0.115503856428719,0.10658826313694,-1.02836788369706,0.0936768149882904,0.0764696233759099,0.157169331259173,0.437163445157766,0.0818503744071559,-1.33641977296504,-0.720315994429082
"749",48,"Hsieh et al. 2021","NCT04487210","MVC-COV1901","Protein subunit","ug","15","Taiwan","Day 0/28","Pseudo virus","PsVNA ID50",430.5,274.9,674,35,"5",0.33,"20-49","adult","14","prime",15,"GMT/CI",12.6,8.99,17.64,"Table S4",1.10037054511756,2.63397315578967,0.289227765848623,0.587812566663788,0.0746782880261663,0.099358458339758,-1.53360261067211,0.0292682926829268,0.0712827441300065,0.124293804938832,0.284723868562941,0.0537138592697546,-1.77721846835222,-1.289986752992
"750",48,"Hsieh et al. 2021","NCT04487210","MVC-COV1901","Protein subunit","ug","15","Taiwan","Day 0/28","Pseudo virus","PsVNA ID50",430.5,274.9,674,35,"15",1,"20-49","adult","14","prime",15,"GMT/CI",22.8,11.68,44.67,"Table S4",1.35793484700045,2.63397315578967,0.575585701989483,0.587812566663788,0.148615589208025,0.099358458339758,-1.27603830878922,0.0529616724738676,0.0712827441300065,0.178769954408737,0.569993891638077,0.108249678065131,-1.62642741943034,-0.925649198148096
"751",48,"Hsieh et al. 2021","NCT04487210","MVC-COV1901","Protein subunit","ug","15","Taiwan","Day 0/28","Pseudo virus","PsVNA ID50",430.5,274.9,674,35,"25",1.67,"20-49","adult","14","prime",15,"GMT/CI",33.9,19.13,60.03,"Table S4",1.53019969820308,2.63397315578967,0.490696490749826,0.587812566663788,0.126697289114433,0.099358458339758,-1.10377345758659,0.0787456445993031,0.0712827441300065,0.161010267724141,0.480494895654951,0.0906629443720237,-1.41935358232591,-0.788193332847274
"752",48,"Hsieh et al. 2021","NCT04487210","MVC-COV1901","Protein subunit","ug","15","Taiwan","Day 0/28","Live SARS-CoV-2 virus","MNT 50",42.7,26.38,69.04,35,"5",0.33,"20-49","adult","14","prime",15,"GMT/CI",4,4,4,"Table S4",0.602059991327962,1.63042787502502,0.44734451237116,0.630584668660156,0.115503856428719,0.10658826313694,-1.02836788369706,0.0936768149882904,0.0764696233759099,0.157169331259173,0.444574451427356,0.0839300028139662,-1.33641977296504,-0.720315994429082
"753",48,"Hsieh et al. 2021","NCT04487210","MVC-COV1901","Protein subunit","ug","15","Taiwan","Day 0/28","Live SARS-CoV-2 virus","MNT 50",42.7,26.38,69.04,35,"15",1,"20-49","adult","14","prime",15,"GMT/CI",4.9,3.51,6.74,"Table S4",0.690196080028514,1.63042787502502,0.279954234262941,0.630584668660156,0.0722838724667081,0.10658826313694,-0.94023179499651,0.114754098360656,0.0764696233759099,0.128786707611201,0.275212705116407,0.0531235712328812,-1.19265374191446,-0.687809848078556
"754",48,"Hsieh et al. 2021","NCT04487210","MVC-COV1901","Protein subunit","ug","15","Taiwan","Day 0/28","Live SARS-CoV-2 virus","MNT 50",42.7,26.38,69.04,35,"25",1.67,"20-49","adult","14","prime",15,"GMT/CI",4.9,3.76,6.43,"Table S4",0.690196080028514,1.63042787502502,0.230228238268327,0.630584668660156,0.0594446755093268,0.10658826313694,-0.94023179499651,0.114754098360656,0.0764696233759099,0.122043956363922,0.22618491489,0.0432030324645618,-1.1794379494698,-0.701025640523224
"755",48,"Hsieh et al. 2021","NCT04487210","MVC-COV1901","Protein subunit","ug","15","Taiwan","Day 0/28","Pseudo virus","PsVNA ID50",430.5,274.9,674,35,"5",0.33,"20-49","adult","28","prime",15,"GMT/CI",18.1,11.44,28.74,"Table S4",1.25767857486918,2.63397315578967,0.395262393096913,0.587812566663788,0.102056311056429,0.099358458339758,-1.37629458092049,0.0420441347270615,0.0712827441300065,0.142434524853,0.387951482595185,0.0731977060031737,-1.65546624963237,-1.09712291220861
"756",48,"Hsieh et al. 2021","NCT04487210","MVC-COV1901","Protein subunit","ug","15","Taiwan","Day 0/28","Pseudo virus","PsVNA ID50",430.5,274.9,674,35,"15",1,"20-49","adult","28","prime",15,"GMT/CI",56.6,22.27,143.97,"Table S4",1.75281643118827,2.63397315578967,0.800829993541669,0.587812566663788,0.206773415208685,0.099358458339758,-0.881156724601402,0.131475029036005,0.0712827441300065,0.22940651359697,0.791647256922626,0.14764052110387,-1.33079349125146,-0.431519957951341
"757",48,"Hsieh et al. 2021","NCT04487210","MVC-COV1901","Protein subunit","ug","15","Taiwan","Day 0/28","Pseudo virus","PsVNA ID50",430.5,274.9,674,35,"25",1.67,"20-49","adult","28","prime",15,"GMT/CI",73,39.82,133.65,"Table S4",1.86332286012046,2.63397315578967,0.519560426804334,0.587812566663788,0.13414992535744,0.099358458339758,-0.770650295669218,0.169570267131243,0.0712827441300065,0.166938029571036,0.510821637611801,0.0980132155603276,-1.09784883362845,-0.443451757709987
"758",48,"Hsieh et al. 2021","NCT04487210","MVC-COV1901","Protein subunit","ug","15","Taiwan","Day 0/28","Live SARS-CoV-2 virus","MNT 50",42.7,26.38,69.04,35,"5",0.33,"20-49","adult","28","prime",15,"GMT/CI",4,4,4,"Table S4",0.602059991327962,1.63042787502502,0.44734451237116,0.630584668660156,0.115503856428719,0.10658826313694,-1.02836788369706,0.0936768149882904,0.0764696233759099,0.157169331259173,0.44055954006454,0.0848942500828739,-1.33641977296504,-0.720315994429082
"759",48,"Hsieh et al. 2021","NCT04487210","MVC-COV1901","Protein subunit","ug","15","Taiwan","Day 0/28","Live SARS-CoV-2 virus","MNT 50",42.7,26.38,69.04,35,"15",1,"20-49","adult","28","prime",15,"GMT/CI",8.2,4.11,16.46,"Table S4",0.913813852383717,1.63042787502502,0.595360541704589,0.630584668660156,0.153721430867393,0.10658826313694,-0.716614022641307,0.192037470725995,0.0764696233759099,0.187059712783027,0.589584356568937,0.107592876211885,-1.08325105969604,-0.349976985586575
"760",48,"Hsieh et al. 2021","NCT04487210","MVC-COV1901","Protein subunit","ug","15","Taiwan","Day 0/28","Live SARS-CoV-2 virus","MNT 50",42.7,26.38,69.04,35,"25",1.67,"20-49","adult","28","prime",15,"GMT/CI",6.5,4.56,9.23,"Table S4",0.812913356642856,1.63042787502502,0.302563839905327,0.630584668660156,0.0781216475411931,0.10658826313694,-0.817514518382168,0.152224824355972,0.0764696233759099,0.13215161615773,0.297830276764598,0.0556158810415602,-1.07653168605132,-0.558497350713017
"761",48,"Hsieh et al. 2021","NCT04487210","MVC-COV1901","Protein subunit","ug","15","Taiwan","Day 0/28","Pseudo virus","PsVNA ID50",430.5,274.9,674,35,"5",0.33,"20-49","adult","42","prime",15,"GMT/CI",538.5,261.94,1107.04,"Table S4",2.731185707634,2.63397315578967,0.618453680217233,0.587812566663788,0.159684053592135,0.099358458339758,0.0972125518443265,1.25087108013937,0.0712827441300065,0.188072061229916,0.60706253772458,0.112462207361176,-0.271408688166309,0.465833791854962
"762",48,"Hsieh et al. 2021","NCT04487210","MVC-COV1901","Protein subunit","ug","15","Taiwan","Day 0/28","Pseudo virus","PsVNA ID50",430.5,274.9,674,35,"15",1,"20-49","adult","42","prime",15,"GMT/CI",993.1,655,1505.65,"Table S4",2.99699298189071,2.63397315578967,0.357147088618344,0.587812566663788,0.0922149817576874,0.099358458339758,0.363019826101032,2.3068524970964,0.0712827441300065,0.135557021596906,0.350700859513751,0.0671669844699101,0.0973280637710962,0.628711588430968
"763",48,"Hsieh et al. 2021","NCT04487210","MVC-COV1901","Protein subunit","ug","15","Taiwan","Day 0/28","Pseudo virus","PsVNA ID50",430.5,274.9,674,35,"25",1.67,"20-49","adult","42","prime",15,"GMT/CI",1905.8,1601.67,2267.78,"Table S4",3.28007732261195,2.63397315578967,0.149216444638986,0.587812566663788,0.0385275203378048,0.099358458339758,0.646104166822272,4.42694541231127,0.0712827441300065,0.106566754041931,0.145567152118434,0.0276103125305665,0.437233328900088,0.854975004744457
"764",48,"Hsieh et al. 2021","NCT04487210","MVC-COV1901","Protein subunit","ug","15","Taiwan","Day 0/28","Live SARS-CoV-2 virus","MNT 50",42.7,26.38,69.04,35,"5",0.33,"20-49","adult","42","prime",15,"GMT/CI",33.3,18.52,59.93,"Table S4",1.52244423350632,1.63042787502502,0.503886293215219,0.630584668660156,0.130102881466982,0.10658826313694,-0.107983641518704,0.779859484777517,0.0764696233759099,0.168189826103011,0.496014400960117,0.09617993237694,-0.437635700680606,0.221668417643198
"765",48,"Hsieh et al. 2021","NCT04487210","MVC-COV1901","Protein subunit","ug","15","Taiwan","Day 0/28","Live SARS-CoV-2 virus","MNT 50",42.7,26.38,69.04,35,"15",1,"20-49","adult","42","prime",15,"GMT/CI",76.3,53.75,108.33,"Table S4",1.88252453795488,1.63042787502502,0.300719643991579,0.630584668660156,0.0776454782037873,0.10658826313694,0.252096662929857,1.78688524590164,0.0764696233759099,0.131870687129644,0.296658029331866,0.055811733800477,-0.00636988384424575,0.510563209703959
"766",48,"Hsieh et al. 2021","NCT04487210","MVC-COV1901","Protein subunit","ug","15","Taiwan","Day 0/28","Live SARS-CoV-2 virus","MNT 50",42.7,26.38,69.04,35,"25",1.67,"20-49","adult","42","prime",15,"GMT/CI",167.4,122.05,229.61,"Table S4",2.22375545365724,1.63042787502502,0.271161213198063,0.630584668660156,0.0700135241902331,0.10658826313694,0.593327578632217,3.92037470725995,0.0764696233759099,0.127526277323876,0.265887764205262,0.0510359410636454,0.343376075077421,0.843279082187014
"767",48,"Hsieh et al. 2021","NCT04487210","MVC-COV1901","Protein subunit","ug","15","Taiwan","Day 0/28","Pseudo virus","PsVNA ID50",430.5,274.9,674,35,"5",0.33,"20-49","adult","56","prime",15,"GMT/CI",652.7,361.55,1178.23,"Table S4",2.81471361269598,2.63397315578967,0.506908025738989,0.587812566663788,0.130883089449732,0.099358458339758,0.180740456906303,1.51614401858304,0.0712827441300065,0.164324332792073,0.499219615008505,0.092445104043968,-0.14133523536616,0.502816149178767
"768",48,"Hsieh et al. 2021","NCT04487210","MVC-COV1901","Protein subunit","ug","15","Taiwan","Day 0/28","Pseudo virus","PsVNA ID50",430.5,274.9,674,35,"15",1,"20-49","adult","56","prime",15,"GMT/CI",590.4,412.22,845.71,"Table S4",2.77114634881499,2.63397315578967,0.308349156761938,0.587812566663788,0.0796154099304056,0.099358458339758,0.137173193025312,1.37142857142857,0.0712827441300065,0.12732131299213,0.303835408014659,0.057406807508215,-0.112376580439264,0.386722966489887
"769",48,"Hsieh et al. 2021","NCT04487210","MVC-COV1901","Protein subunit","ug","15","Taiwan","Day 0/28","Pseudo virus","PsVNA ID50",430.5,274.9,674,35,"25",1.67,"20-49","adult","56","prime",15,"GMT/CI",1060,782.39,1436.16,"Table S4",3.02530586526477,2.63397315578967,0.260615752177651,0.587812566663788,0.0672906978628908,0.099358458339758,0.391332709475097,2.46225319396051,0.0712827441300065,0.120000588592424,0.25636127857599,0.049921743619583,0.156131555833945,0.626533863116248
"770",48,"Hsieh et al. 2021","NCT04487210","MVC-COV1901","Protein subunit","ug","15","Taiwan","Day 0/28","Live SARS-CoV-2 virus","MNT 50",42.7,26.38,69.04,35,"5",0.33,"20-49","adult","56","prime",15,"GMT/CI",36.8,19.86,68.29,"Table S4",1.56584781867352,1.63042787502502,0.529944528623317,0.630584668660156,0.136831088918123,0.10658826313694,-0.0645800563515062,0.861826697892272,0.0764696233759099,0.17344683546571,0.521398670269775,0.100747820374847,-0.404535853864297,0.275375741161285
"771",48,"Hsieh et al. 2021","NCT04487210","MVC-COV1901","Protein subunit","ug","15","Taiwan","Day 0/28","Live SARS-CoV-2 virus","MNT 50",42.7,26.38,69.04,35,"15",1,"20-49","adult","56","prime",15,"GMT/CI",52.2,37.94,71.82,"Table S4",1.71767050300226,1.63042787502502,0.273823947947691,0.630584668660156,0.0707010393462782,0.10658826313694,0.0872426279772383,1.22248243559719,0.0764696233759099,0.127905022587831,0.269414323993651,0.050369441883909,-0.163451216294911,0.337936472249388
"772",48,"Hsieh et al. 2021","NCT04487210","MVC-COV1901","Protein subunit","ug","15","Taiwan","Day 0/28","Live SARS-CoV-2 virus","MNT 50",42.7,26.38,69.04,35,"25",1.67,"20-49","adult","56","prime",15,"GMT/CI",81.9,55.81,120.21,"Table S4",1.91328390176042,1.63042787502502,0.329231816337885,0.630584668660156,0.0850072894478832,0.10658826313694,0.282856026735395,1.91803278688525,0.0764696233759099,0.136335237916783,0.325893879616034,0.0621356840324569,0.0156389604184997,0.550073093052289
"773",50,"Pitisuttithum et al. 2022","NCT04764422","NDV-HXP-S","Inactivated vaccine","ug","10","Bangkok, Thailand","Day 0/28","Pseudotyped virus for wild-type SARS-CoV-2","PsVNA ID50",32,NA,NA,NA,"1",0.1,"18-59","adult","42","prime",32,"GMT/CI",228.81,161.74,323.69,"Table 5",2.35947500110838,1.50514997831991,0.434815608237247,0.969499917363362,0.0768652662875777,NA,0.85432502278847,7.1503125,NA,NA,0.430885137743618,0.055608242760793,NA,NA
"774",50,"Pitisuttithum et al. 2022","NCT04764422","NDV-HXP-S + CpG","Inactivated vaccine","ug","10","Bangkok, Thailand","Day 0/28","Pseudotyped virus for wild-type SARS-CoV-2","PsVNA ID50",32,NA,NA,NA,"1 + CpG",0.1,"18-59","adult","42","prime",31,"GMT/CI",239.47,159.27,360.06,"Table 5",2.37925111419932,1.50514997831991,0.503145368027712,0.969499917363362,0.09036757578799,NA,0.874101135879413,7.4834375,NA,NA,0.497661806822832,0.0644503861130228,NA,NA
"775",50,"Pitisuttithum et al. 2022","NCT04764422","NDV-HXP-S","Inactivated vaccine","ug","10","Bangkok, Thailand","Day 0/28","Pseudotyped virus for wild-type SARS-CoV-2","PsVNA ID50",32,NA,NA,NA,"3",0.3,"18-59","adult","42","prime",30,"GMT/CI",311.76,187.56,518.18,"Table 5",2.49382039278463,1.50514997831991,0.616663533161592,0.969499917363362,0.112586842501146,NA,0.988670414464728,9.7425,NA,NA,0.611129359182252,0.0812667372205771,NA,NA
"776",50,"Pitisuttithum et al. 2022","NCT04764422","NDV-HXP-S + CpG","Inactivated vaccine","ug","10","Bangkok, Thailand","Day 0/28","Pseudotyped virus for wild-type SARS-CoV-2","PsVNA ID50",32,NA,NA,NA,"3 + CpG",0.3,"18-59","adult","42","prime",33,"GMT/CI",482.42,350.08,664.77,"Table 5",2.68342530433439,1.50514997831991,0.408133754609961,0.969499917363362,0.0710469673188999,NA,1.17827532601448,15.075625,NA,NA,0.403868070408767,0.0521529696192511,NA,NA
"777",50,"Pitisuttithum et al. 2022","NCT04764422","NDV-HXP-S","Inactivated vaccine","ug","10","Bangkok, Thailand","Day 0/28","Pseudotyped virus for wild-type SARS-CoV-2","PsVNA ID50",32,NA,NA,NA,"10",1,"18-59","adult","42","prime",34,"GMT/CI",887.99,600.72,1312.62,"Table 5",2.94840807504744,1.50514997831991,0.504952886383275,0.969499917363362,0.0865987055783576,NA,1.44325809672753,27.7496875,NA,NA,0.50122049358317,0.0629131071015916,NA,NA
"778",51,"Kraynyak et al. 2022","NCT04336410","INO-4800","DNA based vaccine","mg","1","U.S","Week 0/4","Pseudo SARS-CoV-2 virus","PsVNA ID50",922,10,13249,38,"0.5",0.5,">=18","adult","0","prime",40,"GMT/CI",3.01,1.97,4.6,"Supplementary Table 1",0.478566495593843,2.96473092105363,0.594204243144583,4.90980337297238,0.0939519401836687,0.796475280636191,-2.48616442545979,0.0032646420824295,0.570753048804479,0.801997406310503,0.590694106575744,0.0676241848638593,-4.05807934182837,-0.9142495090912
"779",51,"Kraynyak et al. 2022","NCT04336410","INO-4800","DNA based vaccine","mg","1","U.S","Week 0/4","Pseudo SARS-CoV-2 virus","PsVNA ID50",922,10,13249,38,"1",1,">=18","adult","0","prime",35,"GMT/CI",6.18,1,23.5,"Supplementary Table 1",0.790988475088816,2.96473092105363,2.0692211380723,4.90980337297238,0.349762209763198,0.796475280636191,-2.17374244596481,0.00670281995661605,0.570753048804479,0.869888772224894,2.05833976946966,0.249110877403429,-3.87872443952561,-0.468760452404021
"780",51,"Kraynyak et al. 2022","NCT04336410","INO-4800","DNA based vaccine","mg","1","U.S","Week 0/4","Pseudo SARS-CoV-2 virus","PsVNA ID50",922,10,13249,38,"2",2,">=18","adult","0","prime",36,"GMT/CI",3.5,2.12,5.78,"Supplementary Table 1",0.544068044350276,2.96473092105363,0.666722414528231,4.90980337297238,0.111120402421372,0.796475280636191,-2.42066287670335,0.00379609544468547,0.570753048804479,0.80418941580873,0.662369117279184,0.0792951114632944,-3.99687413168846,-0.844451621718243
"781",51,"Kraynyak et al. 2022","NCT04336410","INO-4800","DNA based vaccine","mg","1","U.S","Week 0/4","Pseudo SARS-CoV-2 virus","PsVNA ID50",922,10,13249,38,"0.5",0.5,">=18","adult","196","prime",35,"GMT/CI",8.17,1,10.6,"Supplementary Table 1",0.912222056532416,2.96473092105363,1.54739574004754,4.90980337297238,0.261557618689992,0.796475280636191,-2.05250886452121,0.00886117136659436,0.570753048804479,0.838322885623003,1.53197227346984,0.186118235553616,-3.6956217203423,-0.409396008700128
"782",51,"Kraynyak et al. 2022","NCT04336410","INO-4800","DNA based vaccine","mg","1","U.S","Week 0/4","Pseudo SARS-CoV-2 virus","PsVNA ID50",922,10,13249,38,"1",1,">=18","adult","196","prime",21,"GMT/CI",7,2.57,19.03,"Supplementary Table 1",0.845098040014257,2.96473092105363,1.01647334868687,4.90980337297238,0.221812669631563,0.796475280636191,-2.11963288103937,0.00759219088937094,0.570753048804479,0.826785179519795,0.999197321893591,0.155872671939243,-3.74013183289817,-0.499133929180574
"783",51,"Kraynyak et al. 2022","NCT04336410","INO-4800","DNA based vaccine","mg","1","U.S","Week 0/4","Pseudo SARS-CoV-2 virus","PsVNA ID50",922,10,13249,38,"2",2,">=18","adult","196","prime",19,"GMT/CI",11.87,4.58,30.76,"Supplementary Table 1",1.07445071895459,2.96473092105363,0.919728625731967,4.90980337297238,0.211000217634062,0.796475280636191,-1.89028020209904,0.0128741865509761,0.570753048804479,0.823950219677209,0.906386044477343,0.152116630461152,-3.50522263266637,-0.275337771531709
"784",51,"Kraynyak et al. 2022","NCT04336410","INO-4800","DNA based vaccine","mg","1","U.S","Week 0/4","Pseudo SARS-CoV-2 virus","PsVNA ID50",922,10,13249,38,"0.5",0.5,">=18","adult","42","prime",40,"GMT/CI",14.94,7.9,28.25,"Supplementary Table 1",1.17435059747938,2.96473092105363,0.892845478466132,4.90980337297238,0.14117126552679,0.796475280636191,-1.79038032357425,0.0162039045553145,0.570753048804479,0.808889484957577,0.886477366513518,0.102402382863545,-3.3758037140911,-0.204956933057398
"785",51,"Kraynyak et al. 2022","NCT04336410","INO-4800","DNA based vaccine","mg","1","U.S","Week 0/4","Pseudo SARS-CoV-2 virus","PsVNA ID50",922,10,13249,38,"1",1,">=18","adult","42","prime",35,"GMT/CI",19.07,8.79,41.37,"Supplementary Table 1",1.28035069304601,2.96473092105363,1.0152364863533,4.90980337297238,0.171606287199424,0.796475280636191,-1.68438022800762,0.0206832971800434,0.570753048804479,0.814752471902277,1.01118350435417,0.125063055989373,-3.28129507293609,-0.0874653830791616
"786",51,"Kraynyak et al. 2022","NCT04336410","INO-4800","DNA based vaccine","mg","1","U.S","Week 0/4","Pseudo SARS-CoV-2 virus","PsVNA ID50",922,10,13249,38,"2",2,">=18","adult","42","prime",36,"GMT/CI",54.15,31.46,93.21,"Supplementary Table 1",1.73359846096134,2.96473092105363,0.721995596460258,4.90980337297238,0.120332599410043,0.796475280636191,-1.23113246009229,0.0587310195227766,0.570753048804479,0.80551400183068,0.714411261747112,0.0840176357514768,-2.80993990368042,0.347674983495843
"787",51,"Kraynyak et al. 2022","NCT04336410","INO-4800","DNA based vaccine","mg","1","U.S","Week 0/4","Pseudo SARS-CoV-2 virus","PsVNA ID50",922,10,13249,38,"0.5",0.5,">=18","adult","56","prime",40,"GMT/CI",6,3.23,11.17,"Supplementary Table 1",0.778151250383644,2.96473092105363,0.869385395481141,4.90980337297238,0.137461900710333,0.796475280636191,-2.18657967066999,0.00650759219088938,0.570753048804479,0.808250361466913,0.864827151073312,0.100978153474135,-3.77075037914514,-0.602408962194835
"788",51,"Kraynyak et al. 2022","NCT04336410","INO-4800","DNA based vaccine","mg","1","U.S","Week 0/4","Pseudo SARS-CoV-2 virus","PsVNA ID50",922,10,13249,38,"1",1,">=18","adult","56","prime",35,"GMT/CI",14.79,6.93,31.55,"Supplementary Table 1",1.16996817399689,2.96473092105363,0.993457892216551,4.90980337297238,0.167925032900088,0.796475280636191,-1.79476274705674,0.0160412147505423,0.570753048804479,0.81398506702457,0.985403769162269,0.12107078224332,-3.3901734784249,-0.199352015688579
"789",51,"Kraynyak et al. 2022","NCT04336410","INO-4800","DNA based vaccine","mg","1","U.S","Week 0/4","Pseudo SARS-CoV-2 virus","PsVNA ID50",922,10,13249,38,"2",2,">=18","adult","56","prime",36,"GMT/CI",16.13,7.39,35.23,"Supplementary Table 1",1.20763436738896,2.96473092105363,1.03816561957105,4.90980337297238,0.173027603261841,0.796475280636191,-1.75709655366467,0.0174945770065076,0.570753048804479,0.815053019229446,1.02648494722442,0.125923506892776,-3.35460047135438,-0.159592635974953
"790",51,"Kraynyak et al. 2022","NCT04336410","INO-4800","DNA based vaccine","mg","1","U.S","Week 0/4","Pseudo SARS-CoV-2 virus","PsVNA ID50",922,10,13249,38,"0.5",0.5,">=18","adult","84","prime",39,"GMT/CI",3.65,1,10.1,"Supplementary Table 1",0.562292864456475,2.96473092105363,1.59999616556667,4.90980337297238,0.256204432087409,0.796475280636191,-2.40243805659715,0.0039587852494577,0.570753048804479,0.836668144299597,1.58730145124777,0.181230279938349,-4.04230761942436,-0.762568493769945
"791",51,"Kraynyak et al. 2022","NCT04336410","INO-4800","DNA based vaccine","mg","1","U.S","Week 0/4","Pseudo SARS-CoV-2 virus","PsVNA ID50",922,10,13249,38,"1",1,">=18","adult","84","prime",35,"GMT/CI",12.5,5.75,27.19,"Supplementary Table 1",1.09691001300806,2.96473092105363,1.01832238159724,4.90980337297238,0.172127898698436,0.796475280636191,-1.86782090804557,0.0135574837310195,0.570753048804479,0.814862495256002,1.01381232210285,0.122874958884106,-3.46495139874734,-0.270690417343809
"792",51,"Kraynyak et al. 2022","NCT04336410","INO-4800","DNA based vaccine","mg","1","U.S","Week 0/4","Pseudo SARS-CoV-2 virus","PsVNA ID50",922,10,13249,38,"2",2,">=18","adult","84","prime",36,"GMT/CI",11.37,5.93,21.8,"Supplementary Table 1",1.05576046468773,2.96473092105363,0.865410918735218,4.90980337297238,0.144235153122536,0.796475280636191,-1.90897045636589,0.0123318872017354,0.570753048804479,0.80942983146211,0.860841877067496,0.102483372372646,-3.49545292603163,-0.322487986700158
"793",51,"Kraynyak et al. 2022","NCT04336410","INO-4800","DNA based vaccine","mg","1","U.S","Week 0/4/6-10.5 month booster after 2nd dose","Pseudo SARS-CoV-2 virus","PsVNA ID50",922,10,13249,38,"0.5",0.5,">=18","adult","Post-boost","booster",31,"GMT/CI",58.73,32.92,104.75,"Supplementary Table 1",1.76886000084296,2.96473092105363,0.714000734833258,4.90980337297238,0.128238317627067,0.796475280636191,-1.19587092021067,0.0636984815618221,0.570753048804479,0.806732879441714,0.708294270810266,0.0899537327837854,-2.77706736391643,0.385325523495088
"794",51,"Kraynyak et al. 2022","NCT04336410","INO-4800","DNA based vaccine","mg","1","U.S","Week 0/4/6-10.5 month booster after 2nd dose","Pseudo SARS-CoV-2 virus","PsVNA ID50",922,10,13249,38,"1",1,">=18","adult","Post-boost","booster",25,"GMT/CI",76.12,35.18,164.69,"Supplementary Table 1",1.88149877961498,2.96473092105363,0.855065554115774,4.90980337297238,0.171013110823155,0.796475280636191,-1.08323214143865,0.0825596529284165,0.570753048804479,0.814627741203251,0.845284800624076,0.123442262366331,-2.67990251419702,0.513438231319726
"795",51,"Kraynyak et al. 2022","NCT04336410","INO-4800","DNA based vaccine","mg","1","U.S","Week 0/4/6-10.5 month booster after 2nd dose","Pseudo SARS-CoV-2 virus","PsVNA ID50",922,10,13249,38,"2",2,">=18","adult","Post-boost","booster",30,"GMT/CI",100,51.46,194.33,"Supplementary Table 1",2,2.96473092105363,0.806311974338515,4.90980337297238,0.14721175224391,0.796475280636191,-0.964730921053629,0.108459869848156,0.570753048804479,0.809965537947894,0.798520804002991,0.10704020075776,-2.5522633754315,0.622801533324243
"796",51,"Kraynyak et al. 2022","NCT04336410","INO-4800","DNA based vaccine","mg","1","U.S","Week 0/4/6-10.5 month booster after 2nd dose","Pseudo SARS-CoV-2 virus","PsVNA ID50",922,10,13249,38,"0.5",0.5,">=18","adult","Pre-boost","prime",28,"GMT/CI",9.6,4.6,20.02,"Supplementary Table 1",0.982271233039568,2.96473092105363,0.862172385577805,4.90980337297238,0.162935265679012,0.796475280636191,-1.98245968801406,0.010412147505423,0.570753048804479,0.812970339844197,0.855917238185434,0.118617600470371,-3.57588155410869,-0.389037821919435
"797",51,"Kraynyak et al. 2022","NCT04336410","INO-4800","DNA based vaccine","mg","1","U.S","Week 0/4/6-10.5 month booster after 2nd dose","Pseudo SARS-CoV-2 virus","PsVNA ID50",922,10,13249,38,"1",1,">=18","adult","Pre-boost","prime",22,"GMT/CI",7.61,2.92,19.84,"Supplementary Table 1",0.881384656770573,2.96473092105363,0.995706843616492,4.90980337297238,0.21228541233922,0.796475280636191,-2.08334626428306,0.00825379609544469,0.570753048804479,0.824280273303038,0.988997655011671,0.151874314247151,-3.69893559995701,-0.467756928609102
"798",51,"Kraynyak et al. 2022","NCT04336410","INO-4800","DNA based vaccine","mg","1","U.S","Week 0/4/6-10.5 month booster after 2nd dose","Pseudo SARS-CoV-2 virus","PsVNA ID50",922,10,13249,38,"2",2,">=18","adult","Pre-boost","prime",28,"GMT/CI",7.65,3.75,15.62,"Supplementary Table 1",0.883661435153618,2.96473092105363,0.83644855597913,4.90980337297238,0.15807391882999,0.796475280636191,-2.08106948590001,0.00829718004338395,0.570753048804479,0.812009997770206,0.829068177603604,0.11529712519451,-3.67260908152961,-0.489529890270409
