"","study_id","study","ClinicalTrials","vaccine","vaccine_type","dose_unit","standard_dosage","location","vaccination_schedule","against_strain","assay","conv","conv_lower","conv_upper","conv_N","dosage_tested","dose_frac","age","age_group","measured_day","schedule_type","N","nab_measurement","nab","nab_lower","nab_upper","derived_from","logTiter_vaccine","logTiter_conv","sd_vaccine","sd_conv","se_vaccine","se_conv","log_ratio_to_conv","ratio_to_conv","se_sd_conv","se_log_ratio_to_conv","mean_sd_vaccine","se_sd_vaccine","log_ratio_lower","log_ratio_upper"
"1",4,"Xia et al. 2020 Phase 1","ChiCTR2000032459","BBIBP-CorV","Inactivated vaccine","ug","4","Shangqiu, China","Day 0/28","Live SARS-CoV-2 virus","MNT 50",198,156.7,250.2,NA,"2",0.5,"18-50","adult","0","prime",24,"GMT/CI",2.1,2,2.3,"Appendix 4",0.322219294733919,2.29666519026153,0.0758564986506442,0.969499917363362,0.0154841429473499,0.0518414053287783,-1.97444589552761,0.0106060606060606,NA,0.0541044359482349,0.0749834821028482,0.011206878160558,-2.08049058998615,-1.86840120106907
"2",4,"Xia et al. 2020 Phase 1","ChiCTR2000032459","BBIBP-CorV","Inactivated vaccine","ug","4","Shangqiu, China","Day 0/28","Live SARS-CoV-2 virus","MNT 50",198,156.7,250.2,NA,"2",0.5,">60","elderly","0","prime",24,"GMT/CI",2.2,1.9,2.3,"Appendix 10",0.342422680822206,2.29666519026153,0.103696192707357,0.969499917363362,0.0211668967001949,0.0518414053287783,-1.95424250943932,0.0111111111111111,NA,0.055996150067477,0.102876392272543,0.015214356891374,-2.06399496357158,-1.84449005530707
"3",4,"Xia et al. 2020 Phase 1","ChiCTR2000032459","BBIBP-CorV","Inactivated vaccine","ug","4","Shangqiu, China","Day 0/28","Live SARS-CoV-2 virus","MNT 50",198,156.7,250.2,NA,"4",1,"18-50","adult","0","prime",24,"GMT/CI",2.1,2,2.3,"Appendix 4",0.322219294733919,2.29666519026153,0.0758564986506442,0.969499917363362,0.0154841429473499,0.0518414053287783,-1.97444589552761,0.0106060606060606,NA,0.0541044359482349,0.0752754095210815,0.0111739456927332,-2.08049058998615,-1.86840120106907
"4",4,"Xia et al. 2020 Phase 1","ChiCTR2000032459","BBIBP-CorV","Inactivated vaccine","ug","4","Shangqiu, China","Day 0/28","Live SARS-CoV-2 virus","MNT 50",198,156.7,250.2,NA,"4",1,">60","elderly","0","prime",24,"GMT/CI",2.5,2.1,2.9,"Appendix 10",0.397940008672038,2.29666519026153,0.175186885489493,0.969499917363362,0.0357598732563869,0.0518414053287783,-1.89872518158949,0.0126262626262626,NA,0.0629785665268395,0.173171621759727,0.0260108240142821,-2.0221631719821,-1.77528719119689
"5",4,"Xia et al. 2020 Phase 1","ChiCTR2000032459","BBIBP-CorV","Inactivated vaccine","ug","4","Shangqiu, China","Day 0/28","Live SARS-CoV-2 virus","MNT 50",198,156.7,250.2,NA,"8",2,"18-50","adult","0","prime",24,"GMT/CI",2.1,2,2.3,"Appendix 4",0.322219294733919,2.29666519026153,0.0758564986506442,0.969499917363362,0.0154841429473499,0.0518414053287783,-1.97444589552761,0.0106060606060606,NA,0.0541044359482349,0.0752829272824584,0.0111678020343445,-2.08049058998615,-1.86840120106907
"6",4,"Xia et al. 2020 Phase 1","ChiCTR2000032459","BBIBP-CorV","Inactivated vaccine","ug","4","Shangqiu, China","Day 0/28","Live SARS-CoV-2 virus","MNT 50",198,156.7,250.2,NA,"8",2,">60","elderly","0","prime",24,"GMT/CI",2.3,2,2.6,"Appendix 10",0.361727836017593,2.29666519026153,0.142399526905065,0.969499917363362,0.0290671817109278,0.0518414053287783,-1.93493735424394,0.0116161616161616,NA,0.0594342692314693,0.140503051482543,0.0205358064641524,-2.05142852193762,-1.81844618655026
"7",4,"Xia et al. 2020 Phase 2","ChiCTR2000032459","BBIBP-CorV","Inactivated vaccine","ug","4","Shangqiu, China","Day 0","Live SARS-CoV-2 virus","MNT 50",198,156.7,250.2,NA,"8",2,"18-59","adult","0","prime",84,"GMT/CI",2,2,2,"Appendix 16",0.301029995663981,2.29666519026153,0.44734451237116,0.969499917363362,0.0488092878491417,0.0518414053287783,-1.99563519459755,0.0101010101010101,NA,0.0712030749813732,0.445160688492795,0.0350054060506803,-2.13519322156104,-1.85607716763406
"8",4,"Xia et al. 2020 Phase 2","ChiCTR2000032459","BBIBP-CorV","Inactivated vaccine","ug","4","Shangqiu, China","Day 0/14","Live SARS-CoV-2 virus","MNT 50",198,156.7,250.2,NA,"4",1,"18-59","adult","0","prime",84,"GMT/CI",2.1,2,2.2,"Appendix 16",0.322219294733919,2.29666519026153,0.0967781188546131,0.969499917363362,0.0105593584587309,0.0518414053287783,-1.97444589552761,0.0106060606060606,NA,0.0529058726184784,0.0965772758738366,0.00758934568228238,-2.07814140585983,-1.87075038519539
"9",4,"Xia et al. 2020 Phase 2","ChiCTR2000032459","BBIBP-CorV","Inactivated vaccine","ug","4","Shangqiu, China","Day 0/21","Live SARS-CoV-2 virus","MNT 50",198,156.7,250.2,NA,"4",1,"18-59","adult","0","prime",84,"GMT/CI",2.1,2,2.1,"Appendix 16",0.322219294733919,2.29666519026153,0.0495416157709432,0.969499917363362,0.0054054334362087,0.0518414053287783,-1.97444589552761,0.0106060606060606,NA,0.05212245214009,0.0493591769983552,0.00379136413053071,-2.07660590172219,-1.87228588933304
"10",4,"Xia et al. 2020 Phase 2","ChiCTR2000032459","BBIBP-CorV","Inactivated vaccine","ug","4","Shangqiu, China","Day 28","Live SARS-CoV-2 virus","MNT 50",198,156.7,250.2,NA,"4",1,"18-59","adult","0","prime",84,"GMT/CI",2,2,2,"Appendix 16",0.301029995663981,2.29666519026153,0.44734451237116,0.969499917363362,0.0488092878491417,0.0518414053287783,-1.99563519459755,0.0101010101010101,NA,0.0712030749813732,0.446530158659198,0.0343118739869804,-2.13519322156104,-1.85607716763406
"11",4,"Xia et al. 2020 Phase 1","ChiCTR2000032459","BBIBP-CorV","Inactivated vaccine","ug","4","Shangqiu, China","Day 0/28","Live SARS-CoV-2 virus","MNT 50",198,156.7,250.2,NA,"2",0.5,"18-50","adult","14","prime",24,"GMT/CI",9.3,7.8,11.2,"Appendix 6",0.968482948553935,2.29666519026153,0.196363370199638,0.969499917363362,0.0400825050968625,0.0518414053287783,-1.3281822417076,0.046969696969697,NA,0.0655296766457969,0.194141830008427,0.0290644756237727,-1.45662040793336,-1.19974407548183
"12",4,"Xia et al. 2020 Phase 1","ChiCTR2000032459","BBIBP-CorV","Inactivated vaccine","ug","4","Shangqiu, China","Day 0/28","Live SARS-CoV-2 virus","MNT 50",198,156.7,250.2,NA,"2",0.5,">60","elderly","14","prime",24,"GMT/CI",4.7,3.3,6.7,"Appendix 12",0.672097857935718,2.29666519026153,0.38437100957466,0.969499917363362,0.078459403781362,0.0518414053287783,-1.62456733232581,0.0237373737373738,NA,0.0940394031679779,0.379703324655308,0.05503877784227,-1.80888456253505,-1.44025010211658
"13",4,"Xia et al. 2020 Phase 1","ChiCTR2000032459","BBIBP-CorV","Inactivated vaccine","ug","4","Shangqiu, China","Day 0/28","Live SARS-CoV-2 virus","MNT 50",198,156.7,250.2,NA,"4",1,"18-50","adult","14","prime",24,"GMT/CI",12,9.4,15.2,"Appendix 6",1.07918124604762,2.29666519026153,0.260840331854958,0.969499917363362,0.0532438097819066,0.0518414053287783,-1.21748394421391,0.0606060606060606,NA,0.0743130848946169,0.257273223323086,0.0373658202232494,-1.36313759060736,-1.07183029782046
"14",4,"Xia et al. 2020 Phase 1","ChiCTR2000032459","BBIBP-CorV","Inactivated vaccine","ug","4","Shangqiu, China","Day 0/28","Live SARS-CoV-2 virus","MNT 50",198,156.7,250.2,NA,"4",1,">60","elderly","14","prime",24,"GMT/CI",6.9,4.9,9.6,"Appendix 12",0.838849090737255,2.29666519026153,0.365017903786942,0.969499917363362,0.0745089676048609,0.0518414053287783,-1.45781609952428,0.0348484848484849,NA,0.0907695849941207,0.362044298188993,0.0537995265362178,-1.63572448611275,-1.2799077129358
"15",4,"Xia et al. 2020 Phase 1","ChiCTR2000032459","BBIBP-CorV","Inactivated vaccine","ug","4","Shangqiu, China","Day 0/28","Live SARS-CoV-2 virus","MNT 50",198,156.7,250.2,NA,"8",2,"18-50","adult","14","prime",24,"GMT/CI",12.2,9.6,15.4,"Appendix 6",1.08635983067475,2.29666519026153,0.25650842605612,0.969499917363362,0.0523595632134935,0.0518414053287783,-1.21030535958678,0.0616161616161616,NA,0.0736821224339426,0.25289942256627,0.038735569085818,-1.35472231955731,-1.06588839961626
"16",4,"Xia et al. 2020 Phase 1","ChiCTR2000032459","BBIBP-CorV","Inactivated vaccine","ug","4","Shangqiu, China","Day 0/28","Live SARS-CoV-2 virus","MNT 50",198,156.7,250.2,NA,"8",2,">60","elderly","14","prime",24,"GMT/CI",6.7,4.8,9.3,"Appendix 12",0.826074802700826,2.29666519026153,0.358977359811659,0.969499917363362,0.0732759467291704,0.0518414053287783,-1.4705903875607,0.0338383838383839,NA,0.089760212096,0.35663510085982,0.0519783469171826,-1.64652040326886,-1.29466037185254
"17",4,"Xia et al. 2020 Phase 2","ChiCTR2000032459","BBIBP-CorV","Inactivated vaccine","ug","4","Shangqiu, China","Day 0/14","Live SARS-CoV-2 virus","MNT 50",198,156.7,250.2,NA,"4",1,"18-59","adult","14","prime",84,"GMT/CI",104.9,79,139.1,"Appendix 17",2.02077548819356,2.29666519026153,0.574458686532492,0.969499917363362,0.0626785813014298,0.0518414053287783,-0.275889702067973,0.52979797979798,NA,0.081339632777771,0.573225762993233,0.0449864271295355,-0.435315382312404,-0.116464021823542
"18",4,"Xia et al. 2020 Phase 2","ChiCTR2000032459","BBIBP-CorV","Inactivated vaccine","ug","4","Shangqiu, China","Day 0/21","Live SARS-CoV-2 virus","MNT 50",198,156.7,250.2,NA,"4",1,"18-59","adult","14","prime",84,"GMT/CI",218.9,165.6,289.5,"Appendix 17",2.34024576156793,2.29666519026153,0.56718313898452,0.969499917363362,0.0618847539833148,0.0518414053287783,0.0435805713064008,1.10555555555556,NA,0.0807295118407023,0.564485033399218,0.0440523898606913,-0.114649271901376,0.201810414514177
"19",4,"Xia et al. 2020 Phase 1","ChiCTR2000032459","BBIBP-CorV","Inactivated vaccine","ug","4","Shangqiu, China","Day 0/28","Live SARS-CoV-2 virus","MNT 50",198,156.7,250.2,NA,"2",0.5,"18-50","adult","28","prime",24,"GMT/CI",22.6,18.9,27,"Appendix 7",1.3541084391474,2.29666519026153,0.193587123531678,0.969499917363362,0.0395158061188121,0.0518414053287783,-0.94255675111413,0.114141414141414,NA,0.0651845859055823,0.191889406020975,0.0275124066745421,-1.07031853948907,-0.814794962739189
"20",4,"Xia et al. 2020 Phase 1","ChiCTR2000032459","BBIBP-CorV","Inactivated vaccine","ug","4","Shangqiu, China","Day 0/28","Live SARS-CoV-2 virus","MNT 50",198,156.7,250.2,NA,"2",0.5,">60","elderly","28","prime",24,"GMT/CI",13.4,9.4,19,"Appendix 13",1.12710479836481,2.29666519026153,0.381952619016294,0.969499917363362,0.0779657518757985,0.0518414053287783,-1.16956039189672,0.0676767676767677,NA,0.0936279326484424,0.378150854040942,0.054848093565325,-1.35307113988767,-0.986049643905776
"21",4,"Xia et al. 2020 Phase 1","ChiCTR2000032459","BBIBP-CorV","Inactivated vaccine","ug","4","Shangqiu, China","Day 0/28","Live SARS-CoV-2 virus","MNT 50",198,156.7,250.2,NA,"4",1,"18-50","adult","28","prime",24,"GMT/CI",29.3,23.8,36,"Appendix 7",1.46686762035411,2.29666519026153,0.224610140732487,0.969499917363362,0.0458483529874427,0.0518414053287783,-0.829797569907421,0.147979797979798,NA,0.0692069561397106,0.222788429032997,0.0321472863668803,-0.965443203941254,-0.694151935873589
"22",4,"Xia et al. 2020 Phase 1","ChiCTR2000032459","BBIBP-CorV","Inactivated vaccine","ug","4","Shangqiu, China","Day 0/28","Live SARS-CoV-2 virus","MNT 50",198,156.7,250.2,NA,"4",1,">60","elderly","28","prime",24,"GMT/CI",18.9,13.4,26.6,"Appendix 13",1.27646180417324,2.29666519026153,0.372143526005922,0.969499917363362,0.075963479149556,0.0518414053287783,-1.02020338608829,0.0954545454545455,NA,0.091967284786318,0.368724692045448,0.0555510227216582,-1.20045926426947,-0.839947507907104
"23",4,"Xia et al. 2020 Phase 1","ChiCTR2000032459","BBIBP-CorV","Inactivated vaccine","ug","4","Shangqiu, China","Day 0/28","Live SARS-CoV-2 virus","MNT 50",198,156.7,250.2,NA,"8",2,"18-50","adult","28","prime",24,"GMT/CI",36.7,29.8,45.2,"Appendix 7",1.56466606425209,2.29666519026153,0.226105612988653,0.969499917363362,0.0461536149834508,0.0518414053287783,-0.731999126009442,0.185353535353535,NA,0.0694095633360656,0.222740165815049,0.0333039868292593,-0.86804187014813,-0.595956381870753
"24",4,"Xia et al. 2020 Phase 1","ChiCTR2000032459","BBIBP-CorV","Inactivated vaccine","ug","4","Shangqiu, China","Day 0/28","Live SARS-CoV-2 virus","MNT 50",198,156.7,250.2,NA,"8",2,">60","elderly","28","prime",24,"GMT/CI",23.7,19,29.6,"Appendix 13",1.3747483460101,2.29666519026153,0.24062251316315,0.969499917363362,0.0491168648229872,0.0518414053287783,-0.921916844251427,0.11969696969697,NA,0.0714142682977448,0.238599699783043,0.0351790473884802,-1.06188881011501,-0.781944878387847
"25",4,"Xia et al. 2020 Phase 2","ChiCTR2000032459","BBIBP-CorV","Inactivated vaccine","ug","4","Shangqiu, China","Day 0","Live SARS-CoV-2 virus","MNT 50",198,156.7,250.2,NA,"8",2,"18-59","adult","28","prime",84,"GMT/CI",14.7,11.6,18.8,"Appendix 18",1.16731733474818,2.29666519026153,0.49028851114291,0.969499917363362,0.0534948622542759,0.0518414053287783,-1.12934785551335,0.0742424242424243,NA,0.0744931647472883,0.488552215307401,0.0378342727550381,-1.27535445841804,-0.98334125260867
"26",4,"Xia et al. 2020 Phase 2","ChiCTR2000032459","BBIBP-CorV","Inactivated vaccine","ug","4","Shangqiu, China","Day 0/14","Live SARS-CoV-2 virus","MNT 50",198,156.7,250.2,NA,"4",1,"18-59","adult","28","prime",84,"GMT/CI",169.5,132.2,217.2,"Appendix 18",2.2291697025391,2.29666519026153,0.504149646993757,0.969499917363362,0.0550072361650989,0.0518414053287783,-0.0674954877224301,0.856060606060606,NA,0.0755865552660369,0.504014734870634,0.0389237270783195,-0.215645136043862,0.0806541605990023
"27",4,"Xia et al. 2020 Phase 2","ChiCTR2000032459","BBIBP-CorV","Inactivated vaccine","ug","4","Shangqiu, China","Day 0/21","Live SARS-CoV-2 virus","MNT 50",198,156.7,250.2,NA,"4",1,"18-59","adult","28","prime",84,"GMT/CI",282.7,221.2,361.4,"Appendix 18",2.45132580848952,2.29666519026153,0.498479083250053,0.969499917363362,0.0543885269367991,0.0518414053287783,0.154660618227989,1.42777777777778,NA,0.0751374950927804,0.496960071075067,0.0380385659028226,0.00739112784613896,0.301930108609838
"28",4,"Xia et al. 2020 Phase 2","ChiCTR2000032459","BBIBP-CorV","Inactivated vaccine","ug","4","Shangqiu, China","Day 28","Live SARS-CoV-2 virus","MNT 50",198,156.7,250.2,NA,"4",1,"18-59","adult","28","prime",84,"GMT/CI",218,181.8,261.3,"Appendix 18",2.3384564936046,2.29666519026153,0.368349143103372,0.969499917363362,0.0401901864391268,0.0518414053287783,0.0417913033430737,1.1010101010101,NA,0.0655955973558779,0.368434385370755,0.0288388456585244,-0.086776067474447,0.170358674160594
"29",4,"Xia et al. 2020 Phase 1","ChiCTR2000032459","BBIBP-CorV","Inactivated vaccine","ug","4","Shangqiu, China","Day 0/28","Live SARS-CoV-2 virus","MNT 50",198,156.7,250.2,NA,"2",0.5,"18-50","adult","32","prime",24,"GMT/CI",41.9,33.5,52.5,"Appendix 8",1.6222140229663,2.29666519026153,0.243842325267574,0.969499917363362,0.0497741062166101,0.0518414053287783,-0.674451167295236,0.211616161616162,NA,0.0718678854296206,0.240316514267665,0.0366538034286383,-0.815312222737292,-0.533590111853179
"30",4,"Xia et al. 2020 Phase 1","ChiCTR2000032459","BBIBP-CorV","Inactivated vaccine","ug","4","Shangqiu, China","Day 0/28","Live SARS-CoV-2 virus","MNT 50",198,156.7,250.2,NA,"2",0.5,">60","elderly","32","prime",24,"GMT/CI",31.4,21.7,45.5,"Appendix 14",1.49692964807321,2.29666519026153,0.401855867257397,0.969499917363362,0.0820284854103528,0.0518414053287783,-0.799735542188316,0.158585858585859,NA,0.0970371254993631,0.397971876929012,0.0578385873584625,-0.989928308167068,-0.609542776209564
"31",4,"Xia et al. 2020 Phase 1","ChiCTR2000032459","BBIBP-CorV","Inactivated vaccine","ug","4","Shangqiu, China","Day 0/28","Live SARS-CoV-2 virus","MNT 50",198,156.7,250.2,NA,"4",1,"18-50","adult","32","prime",24,"GMT/CI",84.8,65.4,110.1,"Appendix 8",1.92839585225671,2.29666519026153,0.282703072969592,0.969499917363362,0.0577065231243583,0.0518414053287783,-0.368269338004817,0.428282828282828,NA,0.0775730244193482,0.280020291772121,0.0416555303643151,-0.52031246586674,-0.216226210142895
"32",4,"Xia et al. 2020 Phase 1","ChiCTR2000032459","BBIBP-CorV","Inactivated vaccine","ug","4","Shangqiu, China","Day 0/28","Live SARS-CoV-2 virus","MNT 50",198,156.7,250.2,NA,"4",1,">60","elderly","32","prime",24,"GMT/CI",60.7,46.3,79.5,"Appendix 14",1.78318869107526,2.29666519026153,0.293421548925116,0.969499917363362,0.0598944228669687,0.0518414053287783,-0.513476499186273,0.306565656565657,NA,0.0792140972114809,0.289991233950591,0.0419987109489603,-0.668736129720776,-0.358216868651771
"33",4,"Xia et al. 2020 Phase 1","ChiCTR2000032459","BBIBP-CorV","Inactivated vaccine","ug","4","Shangqiu, China","Day 0/28","Live SARS-CoV-2 virus","MNT 50",198,156.7,250.2,NA,"8",2,"18-50","adult","32","prime",24,"GMT/CI",94.3,80,111.2,"Appendix 8",1.97451169273733,2.29666519026153,0.178731268514587,0.969499917363362,0.036483367411759,0.0518414053287783,-0.322153497524203,0.476262626262626,NA,0.0633921714738033,0.174958651353434,0.0259500992929801,-0.446402153612857,-0.197904841435548
"34",4,"Xia et al. 2020 Phase 1","ChiCTR2000032459","BBIBP-CorV","Inactivated vaccine","ug","4","Shangqiu, China","Day 0/28","Live SARS-CoV-2 virus","MNT 50",198,156.7,250.2,NA,"8",2,">60","elderly","32","prime",24,"GMT/CI",73.3,59.5,90.3,"Appendix 14",1.86510397464113,2.29666519026153,0.226416315577975,0.969499917363362,0.0462170368839174,0.0518414053287783,-0.431561215620403,0.37020202020202,NA,0.0694517516322812,0.224512456344819,0.0335195601746629,-0.567686648819674,-0.295435782421132
"35",4,"Xia et al. 2020 Phase 1","ChiCTR2000032459","BBIBP-CorV","Inactivated vaccine","ug","4","Shangqiu, China","Day 0/28","Live SARS-CoV-2 virus","MNT 50",198,156.7,250.2,NA,"2",0.5,"18-50","adult","42","prime",24,"GMT/CI",87.7,64.9,118.6,"Appendix 9",1.94299959336604,2.29666519026153,0.327231824088064,0.969499917363362,0.0667959163846619,0.0518414053287783,-0.35366559689549,0.442929292929293,NA,0.0845530942788579,0.321652831755372,0.0477067129109536,-0.519389661682052,-0.187941532108929
"36",4,"Xia et al. 2020 Phase 1","ChiCTR2000032459","BBIBP-CorV","Inactivated vaccine","ug","4","Shangqiu, China","Day 0/28","Live SARS-CoV-2 virus","MNT 50",198,156.7,250.2,NA,"2",0.5,">60","elderly","42","prime",24,"GMT/CI",80.7,65.4,99.6,"Appendix 15",1.90687353472207,2.29666519026153,0.22830442915504,0.969499917363362,0.0466024464539366,0.0518414053287783,-0.38979165553946,0.407575757575758,NA,0.0697088181075731,0.224721868503656,0.0334914359993841,-0.526420939030304,-0.253162372048617
"37",4,"Xia et al. 2020 Phase 1","ChiCTR2000032459","BBIBP-CorV","Inactivated vaccine","ug","4","Shangqiu, China","Day 0/28","Live SARS-CoV-2 virus","MNT 50",198,156.7,250.2,NA,"4",1,"18-50","adult","42","prime",24,"GMT/CI",211.2,159,280.6,"Appendix 9",2.32469391386177,2.29666519026153,0.308298955704879,0.969499917363362,0.0629312608091555,0.0518414053287783,0.0280287236002437,1.06666666666667,NA,0.0815345012463598,0.30487696023943,0.0440721484686245,-0.131778898842621,0.187836346043109
"38",4,"Xia et al. 2020 Phase 1","ChiCTR2000032459","BBIBP-CorV","Inactivated vaccine","ug","4","Shangqiu, China","Day 0/28","Live SARS-CoV-2 virus","MNT 50",198,156.7,250.2,NA,"4",1,">60","elderly","42","prime",24,"GMT/CI",131.5,108.2,159.7,"Appendix 15",2.11892575282578,2.29666519026153,0.211303052325296,0.969499917363362,0.0431320549407991,0.0518414053287783,-0.177739437435754,0.664141414141415,NA,0.0674381603387785,0.209253354369677,0.0302529482934733,-0.30991823169976,-0.0455606431717483
"39",4,"Xia et al. 2020 Phase 1","ChiCTR2000032459","BBIBP-CorV","Inactivated vaccine","ug","4","Shangqiu, China","Day 0/28","Live SARS-CoV-2 virus","MNT 50",198,156.7,250.2,NA,"8",2,"18-50","adult","42","prime",24,"GMT/CI",228.7,186.1,281.1,"Appendix 9",2.35926616460675,2.29666519026153,0.223846460773281,0.969499917363362,0.0456924674685392,0.0518414053287783,0.0626009743452176,1.15505050505051,NA,0.0691037834696929,0.220178564159677,0.0319737652644409,-0.0728424412553804,0.198044389945816
"40",4,"Xia et al. 2020 Phase 1","ChiCTR2000032459","BBIBP-CorV","Inactivated vaccine","ug","4","Shangqiu, China","Day 0/28","Live SARS-CoV-2 virus","MNT 50",198,156.7,250.2,NA,"8",2,">60","elderly","42","prime",24,"GMT/CI",170.9,133,219.5,"Appendix 15",2.23274206272074,2.29666519026153,0.271921960005339,0.969499917363362,0.0555058376558812,0.0518414053287783,-0.0639231275407939,0.863131313131314,NA,0.0759501765655863,0.270608821395069,0.0392964630363504,-0.212785473609343,0.0849392185277552
"41",4,"Xia et al. 2020 Phase 1","ChiCTR2000032459","BBIBP-CorV","Inactivated vaccine","ug","4","Shangqiu, China","Day 0/28","Live SARS-CoV-2 virus","MNT 50",198,156.7,250.2,NA,"2",0.5,"18-50","adult","7","prime",24,"GMT/CI",4,3.2,5,"Appendix 5",0.602059991327962,2.29666519026153,0.242224574322672,0.969499917363362,0.0494438841877839,0.0518414053287783,-1.69460519893357,0.0202020202020202,NA,0.0716395769811469,0.241715749184549,0.0357241377488568,-1.83501876981662,-1.55419162805052
"42",4,"Xia et al. 2020 Phase 1","ChiCTR2000032459","BBIBP-CorV","Inactivated vaccine","ug","4","Shangqiu, China","Day 0/28","Live SARS-CoV-2 virus","MNT 50",198,156.7,250.2,NA,"2",0.5,">60","elderly","7","prime",24,"GMT/CI",2.3,2,2.7,"Appendix 11",0.361727836017593,2.29666519026153,0.16288328013612,0.969499917363362,0.0332484103303587,0.0518414053287783,-1.93493735424394,0.0116161616161616,NA,0.0615872397169949,0.160183110740465,0.0239520069874143,-2.05564834408925,-1.81422636439863
"43",4,"Xia et al. 2020 Phase 1","ChiCTR2000032459","BBIBP-CorV","Inactivated vaccine","ug","4","Shangqiu, China","Day 0/28","Live SARS-CoV-2 virus","MNT 50",198,156.7,250.2,NA,"4",1,"18-50","adult","7","prime",24,"GMT/CI",4.7,3.7,6.1,"Appendix 5",0.672097857935718,2.29666519026153,0.271353612564621,0.969499917363362,0.05538982422035,0.0518414053287783,-1.62456733232581,0.0237373737373738,NA,0.075865433061599,0.268283914849472,0.0388851345654928,-1.77326358112655,-1.47587108352508
"44",4,"Xia et al. 2020 Phase 1","ChiCTR2000032459","BBIBP-CorV","Inactivated vaccine","ug","4","Shangqiu, China","Day 0/28","Live SARS-CoV-2 virus","MNT 50",198,156.7,250.2,NA,"4",1,">60","elderly","7","prime",24,"GMT/CI",3.3,2.5,4.4,"Appendix 11",0.518513939877887,2.29666519026153,0.306826919150048,0.969499917363362,0.0626307826056505,0.0518414053287783,-1.77815125038364,0.0166666666666667,NA,0.0813028058326337,0.30324875901446,0.044350650275028,-1.93750474981561,-1.61879775095168
"45",4,"Xia et al. 2020 Phase 1","ChiCTR2000032459","BBIBP-CorV","Inactivated vaccine","ug","4","Shangqiu, China","Day 0/28","Live SARS-CoV-2 virus","MNT 50",198,156.7,250.2,NA,"8",2,"18-50","adult","7","prime",24,"GMT/CI",5.3,4.1,6.8,"Appendix 5",0.724275869600789,2.29666519026153,0.274599117791527,0.969499917363362,0.056052310200638,0.0518414053287783,-1.57238932066074,0.0267676767676768,NA,0.0763504602821177,0.271104959672771,0.040263339562212,-1.72203622281369,-1.42274241850779
"46",4,"Xia et al. 2020 Phase 1","ChiCTR2000032459","BBIBP-CorV","Inactivated vaccine","ug","4","Shangqiu, China","Day 0/28","Live SARS-CoV-2 virus","MNT 50",198,156.7,250.2,NA,"8",2,">60","elderly","7","prime",24,"GMT/CI",3.7,2.7,4.9,"Appendix 11",0.568201724066995,2.29666519026153,0.3234730116445,0.969499917363362,0.0660286520075322,0.0518414053287783,-1.72846346619454,0.0186868686868687,NA,0.0839482828436322,0.320199248892946,0.0476399086367811,-1.89300210056806,-1.56392483182102
"47",6,"Ella et al. 2021","NCT04471519","BBV152","Inactivated vaccine","ug","6","India","Day 0/28","Live SARS-CoV-2 virus","PRNT 50",215.8,99.5,458.1,50,"3",0.5,"12-65","adult","0","prime",190,"GMT/CI",0.11,0.1,0.13,"Table S2",-0.958607314841775,2.33405144034689,0.400663449789294,1.19619596626709,0.0290671817109278,0.169167655875091,-3.29265875518867,0.000509731232622799,0.12083403991078,0.171646721049047,0.400004098453368,0.020677800262016,-3.6290863284448,-2.95623118193253
"48",6,"Ella et al. 2021","NCT04471519","BBV152","Inactivated vaccine","ug","6","India","Day 0/28","Live SARS-CoV-2 virus","PRNT 50",215.8,99.5,458.1,50,"6",1,"12-65","adult","0","prime",190,"GMT/CI",0.1,0.09,0.11,"Table S2",-1,2.33405144034689,0.306449558893508,1.19619596626709,0.0222321876833929,0.169167655875091,-3.33405144034689,0.00046339202965709,0.12083403991078,0.170622290347606,0.305983481663988,0.0157944882587678,-3.6684711294282,-2.99963175126558
"49",6,"Ella et al. 2021","NCT04471519","BBV152","Inactivated vaccine","ug","6","India","Day 0/28","Live SARS-CoV-2 virus","MNT 50",36.4,18.4,72.1,50,"3",0.5,"12-65","adult","0","prime",190,"GMT/CI",6.3,6.02,6.68,"Table S2",0.799340549453582,1.56110138364906,0.158868093337526,1.06989123743133,0.0115255028616636,0.151305469823952,-0.761760834195474,0.173076923076923,0.108075335588537,0.151743805194351,0.158637551358262,0.00806952798139934,-1.0591786923764,-0.464342976014546
"50",6,"Ella et al. 2021","NCT04471519","BBV152","Inactivated vaccine","ug","6","India","Day 0/28","Live SARS-CoV-2 virus","MNT 50",36.4,18.4,72.1,50,"6",1,"12-65","adult","0","prime",190,"GMT/CI",6,5.8,6.1,"Table S2",0.778151250383644,1.56110138364906,0.0770142985401623,1.06989123743133,0.00558720445097699,0.151305469823952,-0.782950133265412,0.164835164835165,0.108075335588537,0.15140859305939,0.0769138264668539,0.00406941508952673,-1.07971097566182,-0.486189290869008
"51",6,"Ella et al. 2021","NCT04471519","BBV152","Inactivated vaccine","ug","6","India","Day 0/28","Live SARS-CoV-2 virus","MNT 50",36.4,18.4,72.1,50,"3",0.5,"12-65","adult","104","prime",100,"GMT/CI",40,32,49.9,"Table S4",1.60205999132796,1.56110138364906,0.492220834957867,1.06989123743133,0.0492220834957867,0.151305469823952,0.0409586076789064,1.0989010989011,0.108075335588537,0.159110523543583,0.491609209546264,0.0347705912902486,-0.270898018466516,0.352815233824329
"52",6,"Ella et al. 2021","NCT04471519","BBV152","Inactivated vaccine","ug","6","India","Day 0/28","Live SARS-CoV-2 virus","MNT 50",36.4,18.4,72.1,50,"6",1,"12-65","adult","104","prime",100,"GMT/CI",69.5,53.7,90,"Table S4",1.84198480459011,1.56110138364906,0.572112815662677,1.06989123743133,0.0572112815662677,0.151305469823952,0.280883420941058,1.90934065934066,0.108075335588537,0.161760551238866,0.570326908472787,0.0404927580542168,-0.0361672594871185,0.597934101369235
"53",6,"Ella et al. 2021","NCT04471519","BBV152","Inactivated vaccine","ug","6","India","Day 0/28","Live SARS-CoV-2 virus","PRNT 50",215.8,99.5,458.1,50,"3",0.5,"12-65","adult","28","prime",190,"GMT/CI",1.23,0.78,1.94,"Table S2",0.0899051114393979,2.33405144034689,1.39144039117914,1.19619596626709,0.100945695724425,0.169167655875091,-2.24414632890749,0.00569972196478221,0.12083403991078,0.196996774794821,1.38978251102854,0.0724088535917985,-2.63026000750534,-1.85803265030964
"54",6,"Ella et al. 2021","NCT04471519","BBV152","Inactivated vaccine","ug","6","India","Day 0/28","Live SARS-CoV-2 virus","PRNT 50",215.8,99.5,458.1,50,"6",1,"12-65","adult","28","prime",190,"GMT/CI",1.5,1,2.4,"Table S2",0.176091259055681,2.33405144034689,1.33695160506264,1.19619596626709,0.0969926637019403,0.169167655875091,-2.15796018129121,0.00695088044485635,0.12083403991078,0.195000698989186,1.33755795932331,0.0694064547625913,-2.54016155131001,-1.77575881127241
"55",6,"Ella et al. 2021","NCT04471519","BBV152","Inactivated vaccine","ug","6","India","Day 0/28","Live SARS-CoV-2 virus","MNT 50",36.4,18.4,72.1,50,"3",0.5,"12-65","adult","28","prime",190,"GMT/CI",12.6,10.8,14.7,"Table S2",1.10037054511756,1.56110138364906,0.470815210236888,1.06989123743133,0.0341565253217414,0.151305469823952,-0.460730838531493,0.346153846153846,0.108075335588537,0.15511290539701,0.470875038833281,0.024842081083024,-0.764752133109632,-0.156709543953354
"56",6,"Ella et al. 2021","NCT04471519","BBV152","Inactivated vaccine","ug","6","India","Day 0/28","Live SARS-CoV-2 virus","MNT 50",36.4,18.4,72.1,50,"6",1,"12-65","adult","28","prime",190,"GMT/CI",12,10.2,14,"Table S2",1.07918124604762,1.56110138364906,0.48359458698811,1.06989123743133,0.0350836387541634,0.151305469823952,-0.481920137601431,0.32967032967033,0.108075335588537,0.15531969259202,0.482964032201767,0.0252365188995173,-0.78634673508179,-0.177493540121072
"57",6,"Ella et al. 2021","NCT04471519","BBV152","Inactivated vaccine","ug","6","India","Day 0/28","Live SARS-CoV-2 virus","PRNT 50",215.8,99.5,458.1,50,"3",0.5,"12-65","adult","42","prime",190,"GMT/CI",78.4,54.8,112,"Table S2",1.89431606268444,2.33405144034689,1.09160335224809,1.19619596626709,0.079193230659646,0.169167655875091,-0.439735377662454,0.363299351251158,0.12083403991078,0.1867866793339,1.08864341595614,0.0557370350714227,-0.805837269156898,-0.0736334861680094
"58",6,"Ella et al. 2021","NCT04471519","BBV152","Inactivated vaccine","ug","6","India","Day 0/28","Live SARS-CoV-2 virus","PRNT 50",215.8,99.5,458.1,50,"6",1,"12-65","adult","42","prime",190,"GMT/CI",161.8,126.2,207.4,"Table S2",2.20897851727625,2.33405144034689,0.758648012367211,1.19619596626709,0.0550381115165578,0.169167655875091,-0.125072923070638,0.749768303985171,0.12083403991078,0.177895726518605,0.755920502732676,0.0395761914898963,-0.473748547047105,0.223602700905828
"59",6,"Ella et al. 2021","NCT04471519","BBV152","Inactivated vaccine","ug","6","India","Day 0/28","Live SARS-CoV-2 virus","MNT 50",36.4,18.4,72.1,50,"3",0.5,"12-65","adult","42","prime",190,"GMT/CI",78.5,64.6,95.2,"Table S2",1.89486965674525,1.56110138364906,0.592167060855954,1.06989123743133,0.0429603138748445,0.151305469823952,0.333768273096197,2.15659340659341,0.108075335588537,0.157286152495609,0.59258838514644,0.0304858957133674,0.0254874142048024,0.642049131987591
"60",6,"Ella et al. 2021","NCT04471519","BBV152","Inactivated vaccine","ug","6","India","Day 0/28","Live SARS-CoV-2 virus","MNT 50",36.4,18.4,72.1,50,"6",1,"12-65","adult","42","prime",190,"GMT/CI",144.4,134.8,158.8,"Table S2",2.15956719323362,1.56110138364906,0.25022481143891,1.06989123743133,0.0181532157887185,0.151305469823952,0.598465809584564,3.96703296703297,0.108075335588537,0.152390565462953,0.249723097595487,0.0128868288563068,0.299780301277176,0.897151317891953
"61",6,"Ella et al. 2021","NCT04471519","BBV152","Inactivated vaccine","ug","6","India","Day 0/28","Live SARS-CoV-2 virus","PRNT 50",215.8,99.5,458.1,50,"3",0.5,"12-65","adult","56","prime",190,"GMT/CI",100.9,74.1,137.4,"Table S2",2.00389116623691,2.33405144034689,0.942971433380157,1.19619596626709,0.0684103379449499,0.169167655875091,-0.330160274109982,0.467562557924003,0.12083403991078,0.182476491998327,0.941984119225516,0.0481590507764495,-0.687814198426703,0.0274936502067397
"62",6,"Ella et al. 2021","NCT04471519","BBV152","Inactivated vaccine","ug","6","India","Day 0/28","Live SARS-CoV-2 virus","PRNT 50",215.8,99.5,458.1,50,"6",1,"12-65","adult","56","prime",190,"GMT/CI",197,155.6,249.4,"Table S2",2.29446622616159,2.33405144034689,0.720451637373692,1.19619596626709,0.0522670552267484,0.169167655875091,-0.039585214185299,0.912882298424467,0.12083403991078,0.177058015510028,0.718911866479068,0.0376115622933219,-0.386618924584954,0.307448496214356
"63",6,"Ella et al. 2021","NCT04471519","BBV152","Inactivated vaccine","ug","6","India","Day 0/28","Live SARS-CoV-2 virus","MNT 50",36.4,18.4,72.1,50,"3",0.5,"12-65","adult","56","prime",190,"GMT/CI",92.5,77.7,110.2,"Table S2",1.96614173273903,1.56110138364906,0.533641626096632,1.06989123743133,0.0387144325803194,0.151305469823952,0.405040349089977,2.54120879120879,0.108075335588537,0.156179872226427,0.531871119212009,0.027788416853777,0.0989277995261803,0.711152898653773
"64",6,"Ella et al. 2021","NCT04471519","BBV152","Inactivated vaccine","ug","6","India","Day 0/28","Live SARS-CoV-2 virus","MNT 50",36.4,18.4,72.1,50,"6",1,"12-65","adult","56","prime",190,"GMT/CI",160.1,135.8,188.8,"Table S2",2.2043913319193,1.56110138364906,0.50319591256492,1.06989123743133,0.0365056683718284,0.151305469823952,0.643289948270244,4.39835164835165,0.108075335588537,0.155647065574398,0.503421901549603,0.0255625202997053,0.338221699744425,0.948358196796063
"65",7,"Xia et al. 2020","ChiCTR2000031809","WIBP COVID-19 vaccine/Inactivated SARS-CoV-2 vaccine (vero cell)","Inactivated vaccine","ug","5","Henan Province, China","Day 0/28/56 (booster)","Live SARS-CoV-2 virus","PRNT 50",215.8,99.5,458.1,50,"2.5",0.5,"18-59","adult","0","prime",24,"GMT/CI",5,5,5,"eTable 5",0.698970004336019,2.33405144034689,0.44734451237116,1.19619596626709,0.0913138162119583,0.169167655875091,-1.63508143601087,0.0231696014828545,0.12083403991078,0.192239196901841,0.443649948664413,0.0652156884545566,-2.01187026193848,-1.25829261008327
"66",7,"Xia et al. 2020","ChiCTR2000031809","WIBP COVID-19 vaccine/Inactivated SARS-CoV-2 vaccine (vero cell)","Inactivated vaccine","ug","5","Henan Province, China","Day 0/28/56 (booster)","Live SARS-CoV-2 virus","PRNT 50",215.8,99.5,458.1,50,"5",1,"18-59","adult","0","prime",24,"GMT/CI",5,5,5,"eTable 5",0.698970004336019,2.33405144034689,0.44734451237116,1.19619596626709,0.0913138162119583,0.169167655875091,-1.63508143601087,0.0231696014828545,0.12083403991078,0.192239196901841,0.444491329826917,0.0640556565218114,-2.01187026193848,-1.25829261008327
"67",7,"Xia et al. 2020","ChiCTR2000031809","WIBP COVID-19 vaccine/Inactivated SARS-CoV-2 vaccine (vero cell)","Inactivated vaccine","ug","5","Henan Province, China","Day 0/28/56 (booster)","Live SARS-CoV-2 virus","PRNT 50",215.8,99.5,458.1,50,"10",2,"18-59","adult","0","prime",24,"GMT/CI",5,5,5,"eTable 5",0.698970004336019,2.33405144034689,0.44734451237116,1.19619596626709,0.0913138162119583,0.169167655875091,-1.63508143601087,0.0231696014828545,0.12083403991078,0.192239196901841,0.445396017307621,0.0656436151935928,-2.01187026193848,-1.25829261008327
"68",7,"Xia et al. 2020","ChiCTR2000031809","WIBP COVID-19 vaccine/Inactivated SARS-CoV-2 vaccine (vero cell)","Inactivated vaccine","ug","5","Henan Province, China","Day 0/28/56 (booster)","Live SARS-CoV-2 virus","PRNT 50",215.8,99.5,458.1,50,"2.5",0.5,"18-59","adult","14","prime",24,"GMT/CI",5,5,5,"eTable 5",0.698970004336019,2.33405144034689,0.44734451237116,1.19619596626709,0.0913138162119583,0.169167655875091,-1.63508143601087,0.0231696014828545,0.12083403991078,0.192239196901841,0.442061118107472,0.0652628037642294,-2.01187026193848,-1.25829261008327
"69",7,"Xia et al. 2020","ChiCTR2000031809","WIBP COVID-19 vaccine/Inactivated SARS-CoV-2 vaccine (vero cell)","Inactivated vaccine","ug","5","Henan Province, China","Day 0/28/56 (booster)","Live SARS-CoV-2 virus","PRNT 50",215.8,99.5,458.1,50,"5",1,"18-59","adult","14","prime",24,"GMT/CI",6,5,7,"eTable 5",0.778151250383644,2.33405144034689,0.182622002309642,1.19619596626709,0.0372775601219995,0.169167655875091,-1.55590018996325,0.0278035217794254,0.12083403991078,0.173226188213337,0.180653714764068,0.0267546830146073,-1.89542351886139,-1.21637686106511
"70",7,"Xia et al. 2020","ChiCTR2000031809","WIBP COVID-19 vaccine/Inactivated SARS-CoV-2 vaccine (vero cell)","Inactivated vaccine","ug","5","Henan Province, China","Day 0/28/56 (booster)","Live SARS-CoV-2 virus","PRNT 50",215.8,99.5,458.1,50,"10",2,"18-59","adult","14","prime",24,"GMT/CI",6,4,8,"eTable 5",0.778151250383644,2.33405144034689,0.37620912584132,1.19619596626709,0.0767933662408115,0.169167655875091,-1.55590018996325,0.0278035217794254,0.12083403991078,0.185781906796299,0.37101925121184,0.0558533285769787,-1.92003272728399,-1.1917676526425
"71",7,"Xia et al. 2020","ChiCTR2000031809","WIBP COVID-19 vaccine/Inactivated SARS-CoV-2 vaccine (vero cell)","Inactivated vaccine","ug","5","Henan Province, China","Day 0/28/56 (booster)","Live SARS-CoV-2 virus","PRNT 50",215.8,99.5,458.1,50,"2.5",0.5,"18-59","adult","21","prime",24,"GMT/CI",5,5,5,"eTable 5",0.698970004336019,2.33405144034689,0.44734451237116,1.19619596626709,0.0913138162119583,0.169167655875091,-1.63508143601087,0.0231696014828545,0.12083403991078,0.192239196901841,0.44357972362636,0.0635981900489778,-2.01187026193848,-1.25829261008327
"72",7,"Xia et al. 2020","ChiCTR2000031809","WIBP COVID-19 vaccine/Inactivated SARS-CoV-2 vaccine (vero cell)","Inactivated vaccine","ug","5","Henan Province, China","Day 0/28/56 (booster)","Live SARS-CoV-2 virus","PRNT 50",215.8,99.5,458.1,50,"5",1,"18-59","adult","21","prime",24,"GMT/CI",7,5,10,"eTable 5",0.845098040014257,2.33405144034689,0.37620912584132,1.19619596626709,0.0767933662408115,0.169167655875091,-1.48895340033264,0.0324374420759963,0.12083403991078,0.185781906796299,0.373334812192439,0.0551910400080545,-1.85308593765338,-1.12482086301189
"73",7,"Xia et al. 2020","ChiCTR2000031809","WIBP COVID-19 vaccine/Inactivated SARS-CoV-2 vaccine (vero cell)","Inactivated vaccine","ug","5","Henan Province, China","Day 0/28/56 (booster)","Live SARS-CoV-2 virus","PRNT 50",215.8,99.5,458.1,50,"10",2,"18-59","adult","21","prime",24,"GMT/CI",6,4,8,"eTable 5",0.778151250383644,2.33405144034689,0.37620912584132,1.19619596626709,0.0767933662408115,0.169167655875091,-1.55590018996325,0.0278035217794254,0.12083403991078,0.185781906796299,0.372286430723923,0.0565459643493224,-1.92003272728399,-1.1917676526425
"74",7,"Xia et al. 2020","ChiCTR2000031809","WIBP COVID-19 vaccine/Inactivated SARS-CoV-2 vaccine (vero cell)","Inactivated vaccine","ug","5","Henan Province, China","Day 0/28/56 (booster)","Live SARS-CoV-2 virus","PRNT 50",215.8,99.5,458.1,50,"2.5",0.5,"18-59","adult","32","prime",24,"GMT/CI",20,11,37,"eTable 5",1.30102999566398,2.33405144034689,0.658374151639028,1.19619596626709,0.134390060946115,0.169167655875091,-1.03302144468291,0.092678405931418,0.12083403991078,0.216051809238835,0.650311721820322,0.0999694813802774,-1.45648299079103,-0.609559898574795
"75",7,"Xia et al. 2020","ChiCTR2000031809","WIBP COVID-19 vaccine/Inactivated SARS-CoV-2 vaccine (vero cell)","Inactivated vaccine","ug","5","Henan Province, China","Day 0/28/56 (booster)","Live SARS-CoV-2 virus","PRNT 50",215.8,99.5,458.1,50,"5",1,"18-59","adult","32","prime",24,"GMT/CI",13,7,23,"eTable 5",1.11394335230684,2.33405144034689,0.645652748023641,1.19619596626709,0.131793315306973,0.169167655875091,-1.22010808804006,0.0602409638554217,0.12083403991078,0.214446202470169,0.63582831523191,0.0938513105317486,-1.64042264488159,-0.799793531198524
"76",7,"Xia et al. 2020","ChiCTR2000031809","WIBP COVID-19 vaccine/Inactivated SARS-CoV-2 vaccine (vero cell)","Inactivated vaccine","ug","5","Henan Province, China","Day 0/28/56 (booster)","Live SARS-CoV-2 virus","PRNT 50",215.8,99.5,458.1,50,"10",2,"18-59","adult","32","prime",24,"GMT/CI",7,5,11,"eTable 5",0.845098040014257,2.33405144034689,0.427939206311384,1.19619596626709,0.0873527246995424,0.169167655875091,-1.48895340033264,0.0324374420759963,0.12083403991078,0.190389585604642,0.422626963208118,0.0637988511373539,-1.86211698811773,-1.11578981254754
"77",7,"Xia et al. 2020","ChiCTR2000031809","WIBP COVID-19 vaccine/Inactivated SARS-CoV-2 vaccine (vero cell)","Inactivated vaccine","ug","5","Henan Province, China","Day 0/28/56 (booster)","Live SARS-CoV-2 virus","PRNT 50",215.8,99.5,458.1,50,"2.5",0.5,"18-59","adult","4","prime",24,"GMT/CI",5,5,5,"eTable 5",0.698970004336019,2.33405144034689,0.44734451237116,1.19619596626709,0.0913138162119583,0.169167655875091,-1.63508143601087,0.0231696014828545,0.12083403991078,0.192239196901841,0.441719310457753,0.0652156332578073,-2.01187026193848,-1.25829261008327
"78",7,"Xia et al. 2020","ChiCTR2000031809","WIBP COVID-19 vaccine/Inactivated SARS-CoV-2 vaccine (vero cell)","Inactivated vaccine","ug","5","Henan Province, China","Day 0/28/56 (booster)","Live SARS-CoV-2 virus","PRNT 50",215.8,99.5,458.1,50,"5",1,"18-59","adult","4","prime",24,"GMT/CI",5,5,5,"eTable 5",0.698970004336019,2.33405144034689,0.44734451237116,1.19619596626709,0.0913138162119583,0.169167655875091,-1.63508143601087,0.0231696014828545,0.12083403991078,0.192239196901841,0.443751558606683,0.0669517762151436,-2.01187026193848,-1.25829261008327
"79",7,"Xia et al. 2020","ChiCTR2000031809","WIBP COVID-19 vaccine/Inactivated SARS-CoV-2 vaccine (vero cell)","Inactivated vaccine","ug","5","Henan Province, China","Day 0/28/56 (booster)","Live SARS-CoV-2 virus","PRNT 50",215.8,99.5,458.1,50,"10",2,"18-59","adult","4","prime",24,"GMT/CI",5,5,5,"eTable 5",0.698970004336019,2.33405144034689,0.44734451237116,1.19619596626709,0.0913138162119583,0.169167655875091,-1.63508143601087,0.0231696014828545,0.12083403991078,0.192239196901841,0.441821560384496,0.064794578198423,-2.01187026193848,-1.25829261008327
"80",7,"Xia et al. 2020","ChiCTR2000031809","WIBP COVID-19 vaccine/Inactivated SARS-CoV-2 vaccine (vero cell)","Inactivated vaccine","ug","5","Henan Province, China","Day 0/28/56 (booster)","Live SARS-CoV-2 virus","PRNT 50",215.8,99.5,458.1,50,"2.5",0.5,"18-59","adult","42","prime",24,"GMT/CI",89,49,164,"eTable 5",1.94939000664491,2.33405144034689,0.655673125682184,1.19619596626709,0.133838716331425,0.169167655875091,-0.384661433701979,0.41241890639481,0.12083403991078,0.215709289979632,0.648962784405619,0.0953006870304469,-0.807451642062057,0.038128774658099
"81",7,"Xia et al. 2020","ChiCTR2000031809","WIBP COVID-19 vaccine/Inactivated SARS-CoV-2 vaccine (vero cell)","Inactivated vaccine","ug","5","Henan Province, China","Day 0/28/56 (booster)","Live SARS-CoV-2 virus","PRNT 50",215.8,99.5,458.1,50,"5",1,"18-59","adult","42","prime",24,"GMT/CI",129,68,243,"eTable 5",2.11058971029925,2.33405144034689,0.691227710339584,1.19619596626709,0.141096265533693,0.169167655875091,-0.223461730047643,0.597775718257646,0.12083403991078,0.22028584144658,0.681293622318104,0.0985607902387247,-0.65522197928294,0.208298519187653
"82",7,"Xia et al. 2020","ChiCTR2000031809","WIBP COVID-19 vaccine/Inactivated SARS-CoV-2 vaccine (vero cell)","Inactivated vaccine","ug","5","Henan Province, China","Day 0/28/56 (booster)","Live SARS-CoV-2 virus","PRNT 50",215.8,99.5,458.1,50,"10",2,"18-59","adult","42","prime",24,"GMT/CI",101,59,172,"eTable 5",2.00432137378264,2.33405144034689,0.580724572395745,1.19619596626709,0.11853990695546,0.169167655875091,-0.329730066564249,0.468025949953661,0.12083403991078,0.206565740952566,0.578931046919793,0.0851958711538891,-0.734598918831278,0.0751387857027797
"83",9,"Zhang et al. 2020 (Phase 1)","NCT04352608","CoronaVac","Inactivated vaccine","ug","3","Jiangsu province, China","Day 0/14","Live SARS-CoV-2 virus","MNT 50",163.7,128.5,208.6,117,"3",1,"18-59","adult","0","prime",24,"GMT/CI",2,2,2,"Appendix 6 Table 6-1",0.301029995663981,2.21404867941194,0.44734451237116,0.580598177697354,0.0913138162119583,0.0536763205161222,-1.91301868374796,0.0122174709835064,0.0381181378191475,0.1059214823128,0.442932944278066,0.065896074510598,-2.12062478908105,-1.70541257841487
"84",9,"Zhang et al. 2020 (Phase 1)","NCT04352608","CoronaVac","Inactivated vaccine","ug","3","Jiangsu province, China","Day 0/14","Live SARS-CoV-2 virus","MNT 50",163.7,128.5,208.6,117,"6",2,"18-59","adult","0","prime",24,"GMT/CI",2.1,1.9,2.2,"Appendix 6 Table 6-1",0.322219294733919,2.21404867941194,0.0795697745267769,0.580598177697354,0.0162421122115759,0.0536763205161222,-1.89182938467802,0.0128283445326817,0.0381181378191475,0.0560798858169567,0.0789341306720854,0.0115549448802942,-2.00174596087926,-1.78191280847679
"85",9,"Zhang et al. 2020 (Phase 1)","NCT04352608","CoronaVac","Inactivated vaccine","ug","3","Jiangsu province, China","Day 0/28","Live SARS-CoV-2 virus","MNT 50",163.7,128.5,208.6,117,"3",1,"18-59","adult","0","prime",24,"GMT/CI",2,2,2,"Appendix 6 Table 6-1",0.301029995663981,2.21404867941194,0.44734451237116,0.580598177697354,0.0913138162119583,0.0536763205161222,-1.91301868374796,0.0122174709835064,0.0381181378191475,0.1059214823128,0.443516815047641,0.0648201046799275,-2.12062478908105,-1.70541257841487
"86",9,"Zhang et al. 2020 (Phase 1)","NCT04352608","CoronaVac","Inactivated vaccine","ug","3","Jiangsu province, China","Day 0/28","Live SARS-CoV-2 virus","MNT 50",163.7,128.5,208.6,117,"6",2,"18-59","adult","0","prime",24,"GMT/CI",2,2,2,"Appendix 6 Table 6-1",0.301029995663981,2.21404867941194,0.44734451237116,0.580598177697354,0.0913138162119583,0.0536763205161222,-1.91301868374796,0.0122174709835064,0.0381181378191475,0.1059214823128,0.444457775917047,0.0664564223029784,-2.12062478908105,-1.70541257841487
"87",9,"Zhang et al. 2020 (Phase 1)","NCT04352608","CoronaVac","Inactivated vaccine","ug","3","Jiangsu province, China","Day 0/14","Live SARS-CoV-2 virus","MNT 50",163.7,128.5,208.6,117,"3",1,"18-59","adult","0","prime",120,"GMT/CI",2,2,2,"Appendix 6 Table 6-1",0.301029995663981,2.21404867941194,0.44734451237116,0.580598177697354,0.0408367800669722,0.0536763205161222,-1.91301868374796,0.0122174709835064,0.0381181378191475,0.0674447180317906,0.446901053584372,0.0288198991693532,-2.04521033109027,-1.78082703640565
"88",9,"Zhang et al. 2020 (Phase 1)","NCT04352608","CoronaVac","Inactivated vaccine","ug","3","Jiangsu province, China","Day 0/14","Live SARS-CoV-2 virus","MNT 50",163.7,128.5,208.6,117,"6",2,"18-59","adult","0","prime",120,"GMT/CI",2,2,2,"Appendix 6 Table 6-1",0.301029995663981,2.21404867941194,0.44734451237116,0.580598177697354,0.0408367800669722,0.0536763205161222,-1.91301868374796,0.0122174709835064,0.0381181378191475,0.0674447180317906,0.445820554205485,0.0290214821302381,-2.04521033109027,-1.78082703640565
"89",9,"Zhang et al. 2020 (Phase 1)","NCT04352608","CoronaVac","Inactivated vaccine","ug","3","Jiangsu province, China","Day 0/28","Live SARS-CoV-2 virus","MNT 50",163.7,128.5,208.6,117,"3",1,"18-59","adult","0","prime",117,"GMT/CI",2,2,2,"Appendix 6 Table 6-1",0.301029995663981,2.21404867941194,0.44734451237116,0.580598177697354,0.0413570147987603,0.0536763205161222,-1.91301868374796,0.0122174709835064,0.0381181378191475,0.0677609773927026,0.446044349133693,0.0297417944303478,-2.04583019943766,-1.78020716805826
"90",9,"Zhang et al. 2020 (Phase 1)","NCT04352608","CoronaVac","Inactivated vaccine","ug","3","Jiangsu province, China","Day 0/28","Live SARS-CoV-2 virus","MNT 50",163.7,128.5,208.6,117,"6",2,"18-59","adult","0","prime",118,"GMT/CI",2,2,2,"Appendix 6 Table 6-1",0.301029995663981,2.21404867941194,0.44734451237116,0.580598177697354,0.0411814003544993,0.0536763205161222,-1.91301868374796,0.0122174709835064,0.0381181378191475,0.0676539364657152,0.446938452788247,0.0294803661299315,-2.04562039922076,-1.78041696827516
"91",9,"Zhang et al. 2020 (Phase 1)","NCT04352608","CoronaVac","Inactivated vaccine","ug","3","Jiangsu province, China","Day 0/14","Live SARS-CoV-2 virus","MNT 50",163.7,128.5,208.6,117,"3",1,"18-59","adult","28","prime",24,"GMT/CI",5.6,3.6,8.7,"Appendix 6 Table 6-1",0.7481880270062,2.21404867941194,0.47892117496047,0.580598177697354,0.0977593754722784,0.0536763205161222,-1.46586065240574,0.034208918753818,0.0381181378191475,0.111525974001034,0.474858201168373,0.0714993155085448,-1.68445156144777,-1.24726974336371
"92",9,"Zhang et al. 2020 (Phase 1)","NCT04352608","CoronaVac","Inactivated vaccine","ug","3","Jiangsu province, China","Day 0/14","Live SARS-CoV-2 virus","MNT 50",163.7,128.5,208.6,117,"6",2,"18-59","adult","28","prime",24,"GMT/CI",7.7,5.2,11.5,"Appendix 6 Table 6-1",0.886490725172482,2.21404867941194,0.430778384748235,0.580598177697354,0.0879322695711256,0.0536763205161222,-1.32755795423946,0.0470372632864997,0.0381181378191475,0.103020538806971,0.425737039113939,0.0639668811872345,-1.52947821030112,-1.1256376981778
"93",9,"Zhang et al. 2020 (Phase 1)","NCT04352608","CoronaVac","Inactivated vaccine","ug","3","Jiangsu province, China","Day 0/14","Live SARS-CoV-2 virus","MNT 50",163.7,128.5,208.6,117,"3",1,"18-59","adult","28","prime",120,"GMT/CI",27.6,22.7,33.5,"Appendix 6 Table 6-1",1.44090908206522,2.21404867941194,0.472323936098169,0.580598177697354,0.0431170790417659,0.0536763205161222,-0.773139597346724,0.168601099572389,0.0381181378191475,0.0688493274422007,0.470863636683289,0.0298266203080194,-0.908084279133437,-0.63819491556001
"94",9,"Zhang et al. 2020 (Phase 1)","NCT04352608","CoronaVac","Inactivated vaccine","ug","3","Jiangsu province, China","Day 0/14","Live SARS-CoV-2 virus","MNT 50",163.7,128.5,208.6,117,"6",2,"18-59","adult","28","prime",120,"GMT/CI",34.5,28.5,41.8,"Appendix 6 Table 6-1",1.53781909507327,2.21404867941194,0.464813631241998,0.580598177697354,0.0424314851445217,0.0536763205161222,-0.676229584338667,0.210751374465486,0.0381181378191475,0.068422060154012,0.463018429206653,0.0299527178714013,-0.810336822240531,-0.542122346436804
"95",9,"Zhang et al. 2020 (Phase 1)","NCT04352608","CoronaVac","Inactivated vaccine","ug","3","Jiangsu province, China","Day 0/14","Live SARS-CoV-2 virus","MNT 50",163.7,128.5,208.6,117,"3",1,"18-59","adult","42","prime",24,"GMT/CI",5.4,3.6,8.1,"Appendix 6 Table 6-1",0.732393759822969,2.21404867941194,0.440136462092517,0.580598177697354,0.0898424791100414,0.0536763205161222,-1.48165491958897,0.0329871716554673,0.0381181378191475,0.104655713827711,0.436924416328545,0.0667406268757168,-1.68678011869129,-1.27652972048666
"96",9,"Zhang et al. 2020 (Phase 1)","NCT04352608","CoronaVac","Inactivated vaccine","ug","3","Jiangsu province, China","Day 0/14","Live SARS-CoV-2 virus","MNT 50",163.7,128.5,208.6,117,"6",2,"18-59","adult","42","prime",24,"GMT/CI",15.2,11.2,20.7,"Appendix 6 Table 6-1",1.18184358794477,2.21404867941194,0.333370958433519,0.580598177697354,0.0680490619353919,0.0536763205161222,-1.03220509146717,0.0928527794746488,0.0381181378191475,0.086670769088755,0.330667798416366,0.0473157611319043,-1.20207979888113,-0.862330384053209
"97",9,"Zhang et al. 2020 (Phase 1)","NCT04352608","CoronaVac","Inactivated vaccine","ug","3","Jiangsu province, China","Day 0/28","Live SARS-CoV-2 virus","MNT 50",163.7,128.5,208.6,117,"3",1,"18-59","adult","42","prime",24,"GMT/CI",16,10.4,24.7,"Appendix 6 Table 6-1",1.20411998265592,2.21404867941194,0.469481718945943,0.580598177697354,0.0958325545818586,0.0536763205161222,-1.00992869675602,0.0977397678680513,0.0381181378191475,0.109840911785338,0.46419935647051,0.0690564709363056,-1.22521688385528,-0.794640509656754
"98",9,"Zhang et al. 2020 (Phase 1)","NCT04352608","CoronaVac","Inactivated vaccine","ug","3","Jiangsu province, China","Day 0/28","Live SARS-CoV-2 virus","MNT 50",163.7,128.5,208.6,117,"6",2,"18-59","adult","42","prime",24,"GMT/CI",25.9,14.6,46.1,"Appendix 6 Table 6-1",1.41329976408125,2.21404867941194,0.624055089069666,0.580598177697354,0.127384711633982,0.0536763205161222,-0.80074891533069,0.158216249236408,0.0381181378191475,0.138231733484835,0.616836674252075,0.0899698211422402,-1.07168311296097,-0.529814717700414
"99",9,"Zhang et al. 2020 (Phase 1)","NCT04352608","CoronaVac","Inactivated vaccine","ug","3","Jiangsu province, China","Day 0/14","Live SARS-CoV-2 virus","MNT 50",163.7,128.5,208.6,117,"3",1,"18-59","adult","42","prime",120,"GMT/CI",23.8,20.5,27.7,"Appendix 6 Table 6-1",1.37657695705651,2.21404867941194,0.365313921768914,0.580598177697354,0.0333484459205853,0.0536763205161222,-0.837471722355429,0.145387904703726,0.0381181378191475,0.0631922956496097,0.364921095734325,0.0235124641009863,-0.961328621828664,-0.713614822882194
"100",9,"Zhang et al. 2020 (Phase 1)","NCT04352608","CoronaVac","Inactivated vaccine","ug","3","Jiangsu province, China","Day 0/14","Live SARS-CoV-2 virus","MNT 50",163.7,128.5,208.6,117,"6",2,"18-59","adult","42","prime",119,"GMT/CI",30.1,26.1,34.7,"Appendix 6 Table 6-1",1.47856649559384,2.21404867941194,0.344205953494102,0.580598177697354,0.0315533080236206,0.0536763205161222,-0.735482183818098,0.183872938301772,0.0381181378191475,0.0622636220547998,0.343795226107207,0.0219493077476282,-0.857518883045506,-0.61344548459069
"101",9,"Zhang et al. 2020 (Phase 1)","NCT04352608","CoronaVac","Inactivated vaccine","ug","3","Jiangsu province, China","Day 0/28","Live SARS-CoV-2 virus","MNT 50",163.7,128.5,208.6,117,"3",1,"18-59","adult","56","prime",24,"GMT/CI",19,13.2,27.4,"Appendix 6 Table 6-1",1.27875360095283,2.21404867941194,0.396388217239964,0.580598177697354,0.0809124060241169,0.0536763205161222,-0.935295078459113,0.116065974343311,0.0381181378191475,0.0970977076596612,0.390897674842231,0.0577242827169731,-1.12560658547205,-0.744983571446177
"102",9,"Zhang et al. 2020 (Phase 1)","NCT04352608","CoronaVac","Inactivated vaccine","ug","3","Jiangsu province, China","Day 0/28","Live SARS-CoV-2 virus","MNT 50",163.7,128.5,208.6,117,"6",2,"18-59","adult","56","prime",24,"GMT/CI",29.6,17.9,48.9,"Appendix 6 Table 6-1",1.47129171105894,2.21404867941194,0.545456160314284,0.580598177697354,0.111340772485645,0.0536763205161222,-0.742756968353003,0.180818570555895,0.0381181378191475,0.123603863215717,0.537438985318605,0.0793639977876252,-0.985020540255807,-0.500493396450198
"103",9,"Zhang et al. 2020 (Phase 1)","NCT04352608","CoronaVac","Inactivated vaccine","ug","3","Jiangsu province, China","Day 0/28","Live SARS-CoV-2 virus","MNT 50",163.7,128.5,208.6,117,"3",1,"18-59","adult","56","prime",117,"GMT/CI",44.1,37.2,52.2,"Appendix 6 Table 6-1",1.64443858946784,2.21404867941194,0.40597650984531,0.580598177697354,0.0375325416123379,0.0536763205161222,-0.569610089944103,0.269395235186317,0.0381181378191475,0.0654968630090889,0.405759305169858,0.0268686188305955,-0.697983941441917,-0.441236238446289
"104",9,"Zhang et al. 2020 (Phase 1)","NCT04352608","CoronaVac","Inactivated vaccine","ug","3","Jiangsu province, China","Day 0/28","Live SARS-CoV-2 virus","MNT 50",163.7,128.5,208.6,117,"6",2,"18-59","adult","56","prime",118,"GMT/CI",65.4,56.4,75.9,"Appendix 6 Table 6-1",1.81557774832427,2.21404867941194,0.35737071340312,0.580598177697354,0.0328986407939128,0.0536763205161222,-0.398470931087674,0.39951130116066,0.0381181378191475,0.0629560795335636,0.356375163156356,0.023180693664945,-0.521864846973459,-0.27507701520189
"105",13,"Ella et al. 2021","NCT04471519","BBV152","Inactivated vaccine","ug","6 + Algel-IMDG","India","Day 0/14","SARS-CoV-2 wild-type","microneutralisation assay (MNT50)",62.31,40.77,95.22,41,"3 ug, Algel-IMDG",0.5,"18-55","adult","0","prime",99,"GMT/CI",6.2,5.9,6.5,"Table S4",0.792391689498254,1.79455775125476,0.106761504753865,0.601742528138427,0.0107299349491611,0.0939763943077385,-1.00216606175651,0.0995024875621891,0.0672768598935051,0.094586966285513,0.106548988712887,0.00750432385305084,-1.18755651567611,-0.816775607836902
"106",13,"Ella et al. 2021","NCT04471519","BBV152","Inactivated vaccine","ug","6 + Algel-IMDG","India","Day 0/14","SARS-CoV-2 wild-type","microneutralisation assay (MNT50)",62.31,40.77,95.22,41,"6 ug, Algel-IMDG",1,"18-55","adult","0","prime",99,"GMT/CI",6,5.8,6.2,"Table S4",0.778151250383644,1.79455775125476,0.0735166162954494,0.601742528138427,0.00738869794268282,0.0939763943077385,-1.01640650087112,0.0962927298988926,0.0672768598935051,0.0942664072953444,0.0734195624010765,0.00518200687058987,-1.20116865916999,-0.831644342572243
"107",13,"Ella et al. 2021","NCT04471519","BBV152","Inactivated vaccine","ug","6 + Algel-IMDG","India","Day 0/14","SARS-CoV-2 wild-type","microneutralisation assay (MNT50)",62.31,40.77,95.22,41,"3 ug, Algel-IMDG",0.5,"18-55","adult","14","prime",99,"GMT/CI",9.1,8.1,10.4,"Table S4",0.959041392321094,1.79455775125476,0.27552095698228,0.601742528138427,0.0276908980663598,0.0939763943077385,-0.835516358933668,0.146043973679987,0.0672768598935051,0.0979711616895762,0.2745267174756,0.0201763538250581,-1.02753983584524,-0.643492882022099
"108",13,"Ella et al. 2021","NCT04471519","BBV152","Inactivated vaccine","ug","6 + Algel-IMDG","India","Day 0/14","SARS-CoV-2 wild-type","microneutralisation assay (MNT50)",62.31,40.77,95.22,41,"6 ug, Algel-IMDG",1,"18-55","adult","14","prime",99,"GMT/CI",11.2,9.6,13,"Table S4",1.04921802267018,1.79455775125476,0.334214552265654,0.601742528138427,0.0335898263436909,0.0939763943077385,-0.74533972858458,0.1797464291446,0.0672768598935051,0.099798993586523,0.334336474163283,0.0245220462167666,-0.940945756014165,-0.549733701154995
"109",13,"Ella et al. 2021","NCT04471519","BBV152","Inactivated vaccine","ug","6 + Algel-IMDG","India","Day 0/14","SARS-CoV-2 wild-type","microneutralisation assay (MNT50)",62.31,40.77,95.22,41,"3 ug, Algel-IMDG",0.5,"18-55","adult","28","prime",99,"GMT/CI",61.7,49.5,76.9,"Table S4",1.79028516403324,1.79455775125476,0.485617682694972,0.601742528138427,0.0488064134866996,0.0939763943077385,-0.00427258722151969,0.990210239126946,0.0672768598935051,0.10589442234848,0.483954187170545,0.0352215282435381,-0.21182565502454,0.203280480581501
"110",13,"Ella et al. 2021","NCT04471519","BBV152","Inactivated vaccine","ug","6 + Algel-IMDG","India","Day 0/14","SARS-CoV-2 wild-type","microneutralisation assay (MNT50)",62.31,40.77,95.22,41,"6 ug, Algel-IMDG",1,"18-55","adult","28","prime",99,"GMT/CI",66.4,53.4,82.4,"Table S4",1.82216807936802,1.79455775125476,0.478167495465698,0.601742528138427,0.0480576414970815,0.0939763943077385,0.027610328113256,1.06563954421441,0.0672768598935051,0.105551407348958,0.475908963058533,0.0338265793316898,-0.179270430290701,0.234491086517213
"111",27,"Pan et al. 2021 Phase 1","ChiCTR2000038804","KCONVAC","Inactivated vaccine","ug","5","Jiangsu, China","Day 0/14","Live SARS-CoV-2 virus","MNT 50",49.7,33.3,74.3,35,"5",1,"18-59","adult","0","prime",24,"GMT/CI",2,2,2,"Table 1",0.301029995663981,1.69635638873333,0.44734451237116,0.526024883865087,0.0913138162119583,0.0889144337383305,-1.39532639306935,0.0402414486921529,0.0637898869964417,0.127451910767157,0.443484142600813,0.0649197079553926,-1.64513213817298,-1.14552064796572
"112",27,"Pan et al. 2021 Phase 1","ChiCTR2000038804","KCONVAC","Inactivated vaccine","ug","5","Jiangsu, China","Day 0/14","Live SARS-CoV-2 virus","MNT 50",49.7,33.3,74.3,35,"10",2,"18-59","adult","0","prime",24,"GMT/CI",2,2,2,"Table 1",0.301029995663981,1.69635638873333,0.44734451237116,0.526024883865087,0.0913138162119583,0.0889144337383305,-1.39532639306935,0.0402414486921529,0.0637898869964417,0.127451910767157,0.443820992679222,0.0667368607221795,-1.64513213817298,-1.14552064796572
"113",27,"Pan et al. 2021 Phase 2","ChiCTR2000039462","KCONVAC","Inactivated vaccine","ug","5","Jiangsu, China","Day 0/14","Live SARS-CoV-2 virus","MNT 50",49.7,33.3,74.3,35,"5",1,"18-59","adult","0","prime",100,"GMT/CI",2,2,2,"Table 1",0.301029995663981,1.69635638873333,0.44734451237116,0.526024883865087,0.044734451237116,0.0889144337383305,-1.39532639306935,0.0402414486921529,0.0637898869964417,0.0995336508648903,0.447382392423914,0.0314264314098745,-1.59041234876454,-1.20024043737417
"114",27,"Pan et al. 2021 Phase 2","ChiCTR2000039462","KCONVAC","Inactivated vaccine","ug","5","Jiangsu, China","Day 0/14","Live SARS-CoV-2 virus","MNT 50",49.7,33.3,74.3,35,"10",2,"18-59","adult","0","prime",100,"GMT/CI",2,2,2,"Table 1",0.301029995663981,1.69635638873333,0.44734451237116,0.526024883865087,0.044734451237116,0.0889144337383305,-1.39532639306935,0.0402414486921529,0.0637898869964417,0.0995336508648903,0.445150166323637,0.0326353168737422,-1.59041234876454,-1.20024043737417
"115",27,"Pan et al. 2021 Phase 2","ChiCTR2000039462","KCONVAC","Inactivated vaccine","ug","5","Jiangsu, China","Day 0/28","Live SARS-CoV-2 virus","MNT 50",49.7,33.3,74.3,35,"5",1,"18-59","adult","0","prime",100,"GMT/CI",2,2,2,"Table 1",0.301029995663981,1.69635638873333,0.44734451237116,0.526024883865087,0.044734451237116,0.0889144337383305,-1.39532639306935,0.0402414486921529,0.0637898869964417,0.0995336508648903,0.446734149088896,0.0316382955312164,-1.59041234876454,-1.20024043737417
"116",27,"Pan et al. 2021 Phase 2","ChiCTR2000039462","KCONVAC","Inactivated vaccine","ug","5","Jiangsu, China","Day 0/28","Live SARS-CoV-2 virus","MNT 50",49.7,33.3,74.3,35,"10",2,"18-59","adult","0","prime",100,"GMT/CI",2,2,2,"Table 1",0.301029995663981,1.69635638873333,0.44734451237116,0.526024883865087,0.044734451237116,0.0889144337383305,-1.39532639306935,0.0402414486921529,0.0637898869964417,0.0995336508648903,0.445777828709409,0.0317694496924736,-1.59041234876454,-1.20024043737417
"117",27,"Pan et al. 2021 Phase 1","ChiCTR2000038804","KCONVAC","Inactivated vaccine","ug","5","Jiangsu, China","Day 0/14","Live SARS-CoV-2 virus","MNT 50",49.7,33.3,74.3,35,"5",1,"18-59","adult","28","prime",23,"GMT/CI",30.9,20.6,46.4,"Table 3",1.48995847942483,1.69635638873333,0.431442253168088,0.526024883865087,0.089961928618808,0.0889144337383305,-0.206397909308498,0.621730382293762,0.0637898869964417,0.126486857530035,0.423643278377555,0.0636212202049991,-0.454312150067367,0.0415163314503718
"118",27,"Pan et al. 2021 Phase 1","ChiCTR2000038804","KCONVAC","Inactivated vaccine","ug","5","Jiangsu, China","Day 0/14","Live SARS-CoV-2 virus","MNT 50",49.7,33.3,74.3,35,"10",2,"18-59","adult","28","prime",23,"GMT/CI",40.6,23,71.8,"Table 3",1.60852603357719,1.69635638873333,0.60485786702626,0.526024883865087,0.126121583730793,0.0889144337383305,-0.0878303551561381,0.816901408450704,0.0637898869964417,0.154312768135924,0.595833666733753,0.0900637108724478,-0.390283380702548,0.214622670390272
"119",27,"Pan et al. 2021 Phase 2","ChiCTR2000039462","KCONVAC","Inactivated vaccine","ug","5","Jiangsu, China","Day 0/14","Live SARS-CoV-2 virus","MNT 50",49.7,33.3,74.3,35,"5",1,"18-59","adult","28","prime",100,"GMT/CI",41.5,32.8,52.5,"Table 3",1.61804809671209,1.69635638873333,0.521136376771117,0.526024883865087,0.0521136376771117,0.0889144337383305,-0.0783082920212395,0.835010060362173,0.0637898869964417,0.103061184540783,0.520103154312885,0.0369253583298931,-0.280308213721173,0.123691629678694
"120",27,"Pan et al. 2021 Phase 2","ChiCTR2000039462","KCONVAC","Inactivated vaccine","ug","5","Jiangsu, China","Day 0/14","Live SARS-CoV-2 virus","MNT 50",49.7,33.3,74.3,35,"10",2,"18-59","adult","28","prime",98,"GMT/CI",48.3,37.5,62.1,"Table 3",1.68394713075151,1.69635638873333,0.553210880584176,0.526024883865087,0.0558827378696075,0.0889144337383305,-0.01240925798182,0.971830985915493,0.0637898869964417,0.105017412455322,0.550905313547272,0.039610410705534,-0.218243386394251,0.193424870430611
"121",27,"Pan et al. 2021 Phase 1","ChiCTR2000038804","KCONVAC","Inactivated vaccine","ug","5","Jiangsu, China","Day 0/14","Live SARS-CoV-2 virus","MNT 50",49.7,33.3,74.3,35,"5",1,"18-59","adult","42","prime",24,"GMT/CI",29.3,19.6,43.8,"Table 3",1.46686762035411,1.69635638873333,0.436431635146407,0.526024883865087,0.0890862344764345,0.0889144337383305,-0.229488768379223,0.58953722334004,0.0637898869964417,0.12586553817546,0.432279666623758,0.0644577408911144,-0.476185223203125,0.0172076864446794
"122",27,"Pan et al. 2021 Phase 1","ChiCTR2000038804","KCONVAC","Inactivated vaccine","ug","5","Jiangsu, China","Day 0/14","Live SARS-CoV-2 virus","MNT 50",49.7,33.3,74.3,35,"10",2,"18-59","adult","42","prime",24,"GMT/CI",49.1,33.5,72,"Table 3",1.69108149212297,1.69635638873333,0.415273105522838,0.526024883865087,0.084767267702659,0.0889144337383305,-0.00527489661036373,0.987927565392354,0.0637898869964417,0.122846514809262,0.408886230654997,0.060440577039314,-0.246054065636517,0.23550427241579
"123",27,"Pan et al. 2021 Phase 2","ChiCTR2000039462","KCONVAC","Inactivated vaccine","ug","5","Jiangsu, China","Day 0/14","Live SARS-CoV-2 virus","MNT 50",49.7,33.3,74.3,35,"5",1,"18-59","adult","42","prime",100,"GMT/CI",37.2,29.5,46.9,"Table 3",1.5705429398819,1.69635638873333,0.513650068206429,0.526024883865087,0.0513650068206429,0.0889144337383305,-0.125813448851435,0.748490945674044,0.0637898869964417,0.102684665129184,0.511791040107828,0.0364070171623625,-0.327075392504635,0.075448494801766
"124",27,"Pan et al. 2021 Phase 2","ChiCTR2000039462","KCONVAC","Inactivated vaccine","ug","5","Jiangsu, China","Day 0/14","Live SARS-CoV-2 virus","MNT 50",49.7,33.3,74.3,35,"10",2,"18-59","adult","42","prime",97,"GMT/CI",44.5,35.5,55.7,"Table 3",1.64836001098093,1.69635638873333,0.491505344449197,0.526024883865087,0.0499048066629171,0.0889144337383305,-0.0479963777524006,0.895372233400402,0.0637898869964417,0.10196208243789,0.489295502435232,0.0347627331517196,-0.247842059330665,0.151849303825864
"125",27,"Pan et al. 2021 Phase 2","ChiCTR2000039462","KCONVAC","Inactivated vaccine","ug","5","Jiangsu, China","Day 0/28","Live SARS-CoV-2 virus","MNT 50",49.7,33.3,74.3,35,"5",1,"18-59","adult","42","prime",100,"GMT/CI",110.5,92.4,132.2,"Table 3",2.04336227802113,1.69635638873333,0.396835418187537,0.526024883865087,0.0396835418187537,0.0889144337383305,0.347005889287797,2.22334004024145,0.0637898869964417,0.0973681673766572,0.396254965105698,0.0274997102494789,0.156164281229549,0.537847497346045
"126",27,"Pan et al. 2021 Phase 2","ChiCTR2000039462","KCONVAC","Inactivated vaccine","ug","5","Jiangsu, China","Day 0/28","Live SARS-CoV-2 virus","MNT 50",49.7,33.3,74.3,35,"10",2,"18-59","adult","42","prime",99,"GMT/CI",100.2,84.6,118.7,"Table 3",2.00086772153123,1.69635638873333,0.373324250972347,0.526024883865087,0.037520498958053,0.0889144337383305,0.304511332797895,2.01609657947686,0.0637898869964417,0.0965068099621432,0.37179628577348,0.0272104707233297,0.115357985272094,0.493664680323695
"127",27,"Pan et al. 2021 Phase 2","ChiCTR2000039462","KCONVAC","Inactivated vaccine","ug","5","Jiangsu, China","Day 0/28","Live SARS-CoV-2 virus","MNT 50",49.7,33.3,74.3,35,"5",1,"18-59","adult","56","prime",98,"GMT/CI",131.7,109.3,158.6,"Table 3",2.11958577496178,1.69635638873333,0.408311287765611,0.526024883865087,0.0412456686305822,0.0889144337383305,0.423229386228452,2.64989939637827,0.0637898869964417,0.0980152116142783,0.408211057576121,0.0292318522581913,0.231119571464466,0.615339200992437
"128",27,"Pan et al. 2021 Phase 2","ChiCTR2000039462","KCONVAC","Inactivated vaccine","ug","5","Jiangsu, China","Day 0/28","Live SARS-CoV-2 virus","MNT 50",49.7,33.3,74.3,35,"10",2,"18-59","adult","56","prime",99,"GMT/CI",110.7,94.7,129.4,"Table 3",2.04414762087872,1.69635638873333,0.344144572733902,0.526024883865087,0.0345878309513796,0.0889144337383305,0.347791232145391,2.22736418511066,0.0637898869964417,0.0954048980761951,0.344722628954956,0.0241142942255401,0.160797631916048,0.534784832374733
"129",30,"Xia et al. 2021","ChiCTR2000032459","BBIBP-CorV","Inactivated vaccine","ug","4","Shangqiu, China","Day 0/28/56 (booster)","Live SARS-CoV-2 virus","MNT 50",198,156.7,250.2,NA,"2",0.5,"3-5","children","28","prime",83,"GMT/CI",14.5,11.2,18.7,"Appendix 15",1.16136800223497,2.29666519026153,0.517397289276823,0.969499917363362,0.0567917305781422,0.0518414053287783,-1.13529718802656,0.0732323232323232,NA,0.0768949411113825,0.515410901229351,0.0394931526274317,-1.28601127260487,-0.984583103448246
"130",30,"Xia et al. 2021","ChiCTR2000032459","BBIBP-CorV","Inactivated vaccine","ug","4","Shangqiu, China","Day 0/28/56 (booster)","Live SARS-CoV-2 virus","MNT 50",198,156.7,250.2,NA,"2",0.5,"6-12","children","28","prime",84,"GMT/CI",30,25,36,"Appendix 19",1.47712125471966,2.29666519026153,0.370259238402208,0.969499917363362,0.0403985949222575,0.0518414053287783,-0.819543935541869,0.151515151515152,NA,0.0657234948717378,0.368580302717095,0.0276150628640437,-0.948361985490475,-0.690725885593263
"131",30,"Xia et al. 2021","ChiCTR2000032459","BBIBP-CorV","Inactivated vaccine","ug","4","Shangqiu, China","Day 0/28/56 (booster)","Live SARS-CoV-2 virus","MNT 50",198,156.7,250.2,NA,"2",0.5,"13-17","children","28","prime",84,"GMT/CI",48,42.5,54.3,"Appendix 23",1.68124123737559,2.29666519026153,0.248793878522286,0.969499917363362,0.0271456376373815,0.0518414053287783,-0.615423952885944,0.242424242424242,NA,0.058518518002447,0.247651942930156,0.0188586898088253,-0.73012024817074,-0.500727657601148
"132",30,"Xia et al. 2021","ChiCTR2000032459","BBIBP-CorV","Inactivated vaccine","ug","4","Shangqiu, China","Day 0/28/56 (booster)","Live SARS-CoV-2 virus","MNT 50",198,156.7,250.2,NA,"4",1,"3-5","children","28","prime",84,"GMT/CI",20.2,16.3,25,"Appendix 15",1.30535136944662,2.29666519026153,0.434298190346181,0.969499917363362,0.0473858174153265,0.0518414053287783,-0.991313820814907,0.102020202020202,NA,0.0702349414364485,0.433012828849156,0.03300716350598,-1.12897430603035,-0.853653335599468
"133",30,"Xia et al. 2021","ChiCTR2000032459","BBIBP-CorV","Inactivated vaccine","ug","4","Shangqiu, China","Day 0/28/56 (booster)","Live SARS-CoV-2 virus","MNT 50",198,156.7,250.2,NA,"4",1,"6-12","children","28","prime",84,"GMT/CI",54.1,45.6,64.1,"Appendix 19",1.73319726510657,2.29666519026153,0.345781491596151,0.969499917363362,0.0377278537893833,0.0518414053287783,-0.563467925154961,0.273232323232323,NA,0.0641164741545866,0.343743090236686,0.026800713685181,-0.689136214497951,-0.437799635811972
"134",30,"Xia et al. 2021","ChiCTR2000032459","BBIBP-CorV","Inactivated vaccine","ug","4","Shangqiu, China","Day 0/28/56 (booster)","Live SARS-CoV-2 virus","MNT 50",198,156.7,250.2,NA,"4",1,"13-17","children","28","prime",84,"GMT/CI",61.4,52.1,72.3,"Appendix 23",1.78816837114117,2.29666519026153,0.332705689677439,0.969499917363362,0.0363011668354608,0.0518414053287783,-0.508496819120363,0.31010101010101,NA,0.0632874870735017,0.332364645281889,0.0261045683169933,-0.632540293784426,-0.3844533444563
"135",30,"Xia et al. 2021","ChiCTR2000032459","BBIBP-CorV","Inactivated vaccine","ug","4","Shangqiu, China","Day 0/28/56 (booster)","Live SARS-CoV-2 virus","MNT 50",198,156.7,250.2,NA,"8",2,"3-5","children","28","prime",84,"GMT/CI",21.4,17.5,26,"Appendix 15",1.33041377334919,2.29666519026153,0.401993124288886,0.969499917363362,0.0438610457358478,0.0518414053287783,-0.96625141691234,0.108080808080808,NA,0.0679067201350855,0.400068121705795,0.0325903328499037,-1.09934858837711,-0.833154245447573
"136",30,"Xia et al. 2021","ChiCTR2000032459","BBIBP-CorV","Inactivated vaccine","ug","4","Shangqiu, China","Day 0/28/56 (booster)","Live SARS-CoV-2 virus","MNT 50",198,156.7,250.2,NA,"8",2,"6-12","children","28","prime",84,"GMT/CI",55.8,45.3,68.7,"Appendix 19",1.74663419893758,2.29666519026153,0.422856085168577,0.969499917363362,0.046137381389469,0.0518414053287783,-0.550030991323952,0.281818181818182,NA,0.0693987699310298,0.421664785234669,0.0319453416256182,-0.686052580388771,-0.414009402259134
"137",30,"Xia et al. 2021","ChiCTR2000032459","BBIBP-CorV","Inactivated vaccine","ug","4","Shangqiu, China","Day 0/28/56 (booster)","Live SARS-CoV-2 virus","MNT 50",198,156.7,250.2,NA,"8",2,"13-17","children","28","prime",84,"GMT/CI",80.2,69.3,92.9,"Appendix 23",1.90417436828416,2.29666519026153,0.297592651229038,0.969499917363362,0.0324700202504681,0.0518414053287783,-0.392490821977368,0.405050505050505,NA,0.0611705282103114,0.297217935441185,0.0228283863466992,-0.512385057269578,-0.272596586685157
"138",30,"Xia et al. 2021","ChiCTR2000032459","BBIBP-CorV","Inactivated vaccine","ug","4","Shangqiu, China","Day 0/28/56 (booster)","Live SARS-CoV-2 virus","MNT 50",198,156.7,250.2,NA,"2",0.5,"3-5","children","56","prime",83,"GMT/CI",105.3,90.9,122,"Appendix 16",2.02242837118549,2.29666519026153,0.297009308916423,0.969499917363362,0.0326010070032605,0.0518414053287783,-0.274236819076044,0.531818181818182,NA,0.0612401580998067,0.296012954815075,0.0229054518862588,-0.394267528951666,-0.154206109200423
"139",30,"Xia et al. 2021","ChiCTR2000032459","BBIBP-CorV","Inactivated vaccine","ug","4","Shangqiu, China","Day 0/28/56 (booster)","Live SARS-CoV-2 virus","MNT 50",198,156.7,250.2,NA,"2",0.5,"6-12","children","56","prime",84,"GMT/CI",84.1,72.6,97.3,"Appendix 20",1.92479599579791,2.29666519026153,0.297344210596871,0.969499917363362,0.0324429131551679,0.0518414053287783,-0.371869194463619,0.424747474747475,NA,0.061156143767053,0.296221931671315,0.0236233707161587,-0.491735236247043,-0.252003152680195
"140",30,"Xia et al. 2021","ChiCTR2000032459","BBIBP-CorV","Inactivated vaccine","ug","4","Shangqiu, China","Day 0/28/56 (booster)","Live SARS-CoV-2 virus","MNT 50",198,156.7,250.2,NA,"2",0.5,"13-17","children","56","prime",84,"GMT/CI",88,77.9,99.5,"Appendix 24",1.94448267215017,2.29666519026153,0.248500976029748,0.969499917363362,0.0271136793553982,0.0518414053287783,-0.352182518111362,0.444444444444445,NA,0.0585037000082049,0.247628898780688,0.0193545148566366,-0.466849770127444,-0.237515266095281
"141",30,"Xia et al. 2021","ChiCTR2000032459","BBIBP-CorV","Inactivated vaccine","ug","4","Shangqiu, China","Day 0/28/56 (booster)","Live SARS-CoV-2 virus","MNT 50",198,156.7,250.2,NA,"4",1,"3-5","children","56","prime",84,"GMT/CI",180.2,163.7,198.5,"Appendix 16",2.25575478664304,2.29666519026153,0.195722349627532,0.969499917363362,0.0213550591038756,0.0518414053287783,-0.0409104036184869,0.91010101010101,NA,0.0560675472603601,0.194994133942793,0.0147443273811756,-0.150802796248793,0.0689819890118189
"142",30,"Xia et al. 2021","ChiCTR2000032459","BBIBP-CorV","Inactivated vaccine","ug","4","Shangqiu, China","Day 0/28/56 (booster)","Live SARS-CoV-2 virus","MNT 50",198,156.7,250.2,NA,"4",1,"6-12","children","56","prime",84,"GMT/CI",168.6,152,187.1,"Appendix 20",2.22685757028872,2.29666519026153,0.210962611955533,0.969499917363362,0.0230179080498054,0.0518414053287783,-0.0698076199728073,0.851515151515152,NA,0.0567217365518016,0.210246552762143,0.0163806553021973,-0.180982223614338,0.0413669836687238
"143",30,"Xia et al. 2021","ChiCTR2000032459","BBIBP-CorV","Inactivated vaccine","ug","4","Shangqiu, China","Day 0/28/56 (booster)","Live SARS-CoV-2 virus","MNT 50",198,156.7,250.2,NA,"4",1,"13-17","children","56","prime",84,"GMT/CI",155.7,137.4,176.5,"Appendix 24",2.19228861256812,2.29666519026153,0.254281460221523,0.969499917363362,0.0277443818878341,0.0518414053287783,-0.104376577693411,0.786363636363637,NA,0.0587986567261588,0.25320576983566,0.0197297937413306,-0.219621944876682,0.0108687894898606
"144",30,"Xia et al. 2021","ChiCTR2000032459","BBIBP-CorV","Inactivated vaccine","ug","4","Shangqiu, China","Day 0/28/56 (booster)","Live SARS-CoV-2 virus","MNT 50",198,156.7,250.2,NA,"8",2,"3-5","children","56","prime",84,"GMT/CI",171,155.8,187.6,"Appendix 16",2.23299611039215,2.29666519026153,0.188599598494881,0.969499917363362,0.020577903241454,0.0518414053287783,-0.0636690798693773,0.863636363636364,NA,0.055776172406121,0.188241242031903,0.0145396232175999,-0.172990377785374,0.0456522180466198
"145",30,"Xia et al. 2021","ChiCTR2000032459","BBIBP-CorV","Inactivated vaccine","ug","4","Shangqiu, China","Day 0/28/56 (booster)","Live SARS-CoV-2 virus","MNT 50",198,156.7,250.2,NA,"8",2,"6-12","children","56","prime",84,"GMT/CI",162.8,145.6,182,"Appendix 20",2.21165440055318,2.29666519026153,0.226580341943149,0.969499917363362,0.0247219420938919,0.0518414053287783,-0.0850107897083485,0.822222222222223,NA,0.0574343601632022,0.226551181309191,0.017852384196388,-0.197582135628225,0.0275605562115279
"146",30,"Xia et al. 2021","ChiCTR2000032459","BBIBP-CorV","Inactivated vaccine","ug","4","Shangqiu, China","Day 0/28/56 (booster)","Live SARS-CoV-2 virus","MNT 50",198,156.7,250.2,NA,"8",2,"13-17","children","56","prime",84,"GMT/CI",148,132,165.9,"Appendix 24",2.17026171539496,2.29666519026153,0.23210384623975,0.969499917363362,0.0253246058210487,0.0518414053287783,-0.126403474866573,0.747474747474748,NA,0.0576963340815877,0.231056405666915,0.0181007051473036,-0.239488289666485,-0.0133186600666615
"147",36,"Liu et al. 2021","ChiCTR2000039462","KCONVAC","Inactivated vaccine","ug","5","Jiangsu, China","Day 0/28/56 (booster)","Live SARS-CoV-2 virus","MNT 50",49.7,NA,NA,NA,"5",1,"18-59","adult","0","prime",97,"GMT/CI",2,2,2,"Table 3",0.301029995663981,1.69635638873333,0.44734451237116,0.969499917363362,0.0454209535129626,NA,-1.39532639306935,0.0402414486921529,NA,NA,0.446430681246047,0.0326509612984916,NA,NA
"148",36,"Liu et al. 2021","ChiCTR2000039462","KCONVAC","Inactivated vaccine","ug","5","Jiangsu, China","Day 0/28/56 (booster)","Live SARS-CoV-2 virus","MNT 50",49.7,NA,NA,NA,"5",1,">=60","elderly","0","prime",92,"GMT/CI",2,2,2,"Table 3",0.301029995663981,1.69635638873333,0.44734451237116,0.969499917363362,0.0466388894393602,NA,-1.39532639306935,0.0402414486921529,NA,NA,0.446299736573705,0.0333306392170441,NA,NA
"149",36,"Liu et al. 2021","ChiCTR2000039462","KCONVAC","Inactivated vaccine","ug","5","Jiangsu, China","Day 0/28/56 (booster)","Live SARS-CoV-2 virus","MNT 50",49.7,NA,NA,NA,"10",2,"18-59","adult","0","prime",99,"GMT/CI",2,2,2,"Table 3",0.301029995663981,1.69635638873333,0.44734451237116,0.969499917363362,0.0449598151381708,NA,-1.39532639306935,0.0402414486921529,NA,NA,0.444618104741027,0.0318225386791836,NA,NA
"150",36,"Liu et al. 2021","ChiCTR2000039462","KCONVAC","Inactivated vaccine","ug","5","Jiangsu, China","Day 0/28/56 (booster)","Live SARS-CoV-2 virus","MNT 50",49.7,NA,NA,NA,"10",2,">=60","elderly","0","prime",94,"GMT/CI",2,2,2,"Table 3",0.301029995663981,1.69635638873333,0.44734451237116,0.969499917363362,0.0461400634456894,NA,-1.39532639306935,0.0402414486921529,NA,NA,0.44553471475613,0.0329262635175088,NA,NA
"151",36,"Liu et al. 2021","ChiCTR2000039462","KCONVAC","Inactivated vaccine","ug","5","Jiangsu, China","Day 0/28/56 (booster)","Live SARS-CoV-2 virus","MNT 50",49.7,NA,NA,NA,"5",1,"18-59","adult","56","prime",97,"GMT/CI",101.8,83.7,123.7,"Table 3",2.00774777800074,1.69635638873333,0.42622500325641,0.969499917363362,0.0432765922540461,NA,0.311391389267408,2.04828973843058,NA,NA,0.425577974821815,0.0306683278907573,NA,NA
"152",36,"Liu et al. 2021","ChiCTR2000039462","KCONVAC","Inactivated vaccine","ug","5","Jiangsu, China","Day 0/28/56 (booster)","Live SARS-CoV-2 virus","MNT 50",49.7,NA,NA,NA,"5",1,">=60","elderly","56","prime",92,"GMT/CI",27.6,22.5,33.9,"Table 3",1.44090908206522,1.69635638873333,0.435581838762809,0.969499917363362,0.0454125459417652,NA,-0.255447306668114,0.55533199195171,NA,NA,0.435375086665597,0.0329012611197477,NA,NA
"153",36,"Liu et al. 2021","ChiCTR2000039462","KCONVAC","Inactivated vaccine","ug","5","Jiangsu, China","Day 0/28/56 (booster)","Live SARS-CoV-2 virus","MNT 50",49.7,NA,NA,NA,"10",2,"18-59","adult","56","prime",99,"GMT/CI",119,102.3,138.6,"Table 3",2.07554696139253,1.69635638873333,0.334761483905601,0.969499917363362,0.0336447950417418,NA,0.379190572659198,2.3943661971831,NA,NA,0.33333825750294,0.0233939105168124,NA,NA
"154",36,"Liu et al. 2021","ChiCTR2000039462","KCONVAC","Inactivated vaccine","ug","5","Jiangsu, China","Day 0/28/56 (booster)","Live SARS-CoV-2 virus","MNT 50",49.7,NA,NA,NA,"10",2,">=60","elderly","56","prime",94,"GMT/CI",26.1,21.5,31.6,"Table 3",1.41664050733828,1.69635638873333,0.413657030335194,0.969499917363362,0.0426654649752037,NA,-0.279715881395051,0.525150905432596,NA,NA,0.411581441226133,0.0300035392845619,NA,NA
"155",47,"Guo et al. 2021 Phase 1","ChiCTR2000031809","WIBP COVID-19 vaccine/Inactivated SARS-CoV-2 vaccine (vero cell)","Inactivated vaccine","ug","5","Henan, China","Day 0/28/56 (booster)","Live SARS-CoV-2 virus","PRNT 50",215.8,99.5,458.1,50,"2.5",0.5,">=60","elderly","0","prime",24,"GMT/CI",5,5,5,"Supplementary Table 6",0.698970004336019,2.33405144034689,0.44734451237116,1.19619596626709,0.0913138162119583,0.169167655875091,-1.63508143601087,0.0231696014828545,0.12083403991078,0.192239196901841,0.442298038382083,0.0657296257530682,-2.01187026193848,-1.25829261008327
"156",47,"Guo et al. 2021 Phase 1","ChiCTR2000031809","WIBP COVID-19 vaccine/Inactivated SARS-CoV-2 vaccine (vero cell)","Inactivated vaccine","ug","5","Henan, China","Day 0/28/56 (booster)","Live SARS-CoV-2 virus","PRNT 50",215.8,99.5,458.1,50,"5",1,">=60","elderly","0","prime",24,"GMT/CI",5,5,5,"Supplementary Table 6",0.698970004336019,2.33405144034689,0.44734451237116,1.19619596626709,0.0913138162119583,0.169167655875091,-1.63508143601087,0.0231696014828545,0.12083403991078,0.192239196901841,0.44202102644355,0.0658503861763754,-2.01187026193848,-1.25829261008327
"157",47,"Guo et al. 2021 Phase 1","ChiCTR2000031809","WIBP COVID-19 vaccine/Inactivated SARS-CoV-2 vaccine (vero cell)","Inactivated vaccine","ug","5","Henan, China","Day 0/28/56 (booster)","Live SARS-CoV-2 virus","PRNT 50",215.8,99.5,458.1,50,"10",2,">=60","elderly","0","prime",24,"GMT/CI",5,5,5,"Supplementary Table 6",0.698970004336019,2.33405144034689,0.44734451237116,1.19619596626709,0.0913138162119583,0.169167655875091,-1.63508143601087,0.0231696014828545,0.12083403991078,0.192239196901841,0.441389593369854,0.0668635986112411,-2.01187026193848,-1.25829261008327
"158",47,"Guo et al. 2021 Phase 1&2","ChiCTR2000031809","WIBP COVID-19 vaccine/Inactivated SARS-CoV-2 vaccine (vero cell)","Inactivated vaccine","ug","5","Henan, China","Day 0/28/56 (booster)","Live SARS-CoV-2 virus","PRNT 50",215.8,99.5,458.1,50,"2.5",0.5,"18-59","adult","0","prime",84,"GMT/CI",5,5,5,"Supplementary Table 6",0.698970004336019,2.33405144034689,0.44734451237116,1.19619596626709,0.0488092878491417,0.169167655875091,-1.63508143601087,0.0231696014828545,0.12083403991078,0.176068288952366,0.446442425222608,0.0347719196196274,-1.98017528235751,-1.28998758966424
"159",47,"Guo et al. 2021 Phase 1&2","ChiCTR2000031809","WIBP COVID-19 vaccine/Inactivated SARS-CoV-2 vaccine (vero cell)","Inactivated vaccine","ug","5","Henan, China","Day 0/28/56 (booster)","Live SARS-CoV-2 virus","PRNT 50",215.8,99.5,458.1,50,"2.5",0.5,">=60","elderly","0","prime",84,"GMT/CI",5,5,5,"Supplementary Table 6",0.698970004336019,2.33405144034689,0.44734451237116,1.19619596626709,0.0488092878491417,0.169167655875091,-1.63508143601087,0.0231696014828545,0.12083403991078,0.176068288952366,0.445359485330035,0.034561901551386,-1.98017528235751,-1.28998758966424
"160",47,"Guo et al. 2021 Phase 1&2","ChiCTR2000031809","WIBP COVID-19 vaccine/Inactivated SARS-CoV-2 vaccine (vero cell)","Inactivated vaccine","ug","5","Henan, China","Day 0/28/56 (booster)","Live SARS-CoV-2 virus","PRNT 50",215.8,99.5,458.1,50,"5",1,"18-59","adult","0","prime",84,"GMT/CI",5,5,5,"Supplementary Table 6",0.698970004336019,2.33405144034689,0.44734451237116,1.19619596626709,0.0488092878491417,0.169167655875091,-1.63508143601087,0.0231696014828545,0.12083403991078,0.176068288952366,0.447033567600793,0.0347015036548873,-1.98017528235751,-1.28998758966424
"161",47,"Guo et al. 2021 Phase 1&2","ChiCTR2000031809","WIBP COVID-19 vaccine/Inactivated SARS-CoV-2 vaccine (vero cell)","Inactivated vaccine","ug","5","Henan, China","Day 0/28/56 (booster)","Live SARS-CoV-2 virus","PRNT 50",215.8,99.5,458.1,50,"5",1,">=60","elderly","0","prime",82,"GMT/CI",5,5,5,"Supplementary Table 6",0.698970004336019,2.33405144034689,0.44734451237116,1.19619596626709,0.0494009371823553,0.169167655875091,-1.63508143601087,0.0231696014828545,0.12083403991078,0.17623322158086,0.446519502213926,0.0349722637315645,-1.98049855030936,-1.28966432171239
"162",47,"Guo et al. 2021 Phase 1&2","ChiCTR2000031809","WIBP COVID-19 vaccine/Inactivated SARS-CoV-2 vaccine (vero cell)","Inactivated vaccine","ug","5","Henan, China","Day 0/28/56 (booster)","Live SARS-CoV-2 virus","PRNT 50",215.8,99.5,458.1,50,"10",2,"18-59","adult","0","prime",84,"GMT/CI",5,5,5,"Supplementary Table 6",0.698970004336019,2.33405144034689,0.44734451237116,1.19619596626709,0.0488092878491417,0.169167655875091,-1.63508143601087,0.0231696014828545,0.12083403991078,0.176068288952366,0.44647434335087,0.0343788622942772,-1.98017528235751,-1.28998758966424
"163",47,"Guo et al. 2021 Phase 1&2","ChiCTR2000031809","WIBP COVID-19 vaccine/Inactivated SARS-CoV-2 vaccine (vero cell)","Inactivated vaccine","ug","5","Henan, China","Day 0/28/56 (booster)","Live SARS-CoV-2 virus","PRNT 50",215.8,99.5,458.1,50,"10",2,">=60","elderly","0","prime",81,"GMT/CI",5,5,5,"Supplementary Table 6",0.698970004336019,2.33405144034689,0.44734451237116,1.19619596626709,0.0497049458190178,0.169167655875091,-1.63508143601087,0.0231696014828545,0.12083403991078,0.176318681463834,0.443863039517815,0.0353394001220597,-1.98066605167999,-1.28949682034176
"164",47,"Guo et al. 2021 Phase 1&2","ChiCTR2000031809","WIBP COVID-19 vaccine/Inactivated SARS-CoV-2 vaccine (vero cell)","Inactivated vaccine","ug","5","Henan, China","Day 0/14","Live SARS-CoV-2 virus","PRNT 50",215.8,99.5,458.1,50,"5",1,"18-59","adult","0","prime",84,"GMT/CI",5,5,5,"Supplementary Table 6",0.698970004336019,2.33405144034689,0.44734451237116,1.19619596626709,0.0488092878491417,0.169167655875091,-1.63508143601087,0.0231696014828545,0.12083403991078,0.176068288952366,0.444879681316467,0.0359882344282707,-1.98017528235751,-1.28998758966424
"165",47,"Guo et al. 2021 Phase 1&2","ChiCTR2000031809","WIBP COVID-19 vaccine/Inactivated SARS-CoV-2 vaccine (vero cell)","Inactivated vaccine","ug","5","Henan, China","Day 0/21","Live SARS-CoV-2 virus","PRNT 50",215.8,99.5,458.1,50,"5",1,"18-59","adult","0","prime",84,"GMT/CI",5,5,5,"Supplementary Table 6",0.698970004336019,2.33405144034689,0.44734451237116,1.19619596626709,0.0488092878491417,0.169167655875091,-1.63508143601087,0.0231696014828545,0.12083403991078,0.176068288952366,0.446916269311891,0.034982631562903,-1.98017528235751,-1.28998758966424
"166",47,"Guo et al. 2021 Phase 1&2","ChiCTR2000031809","WIBP COVID-19 vaccine/Inactivated SARS-CoV-2 vaccine (vero cell)","Inactivated vaccine","ug","5","Henan, China","Day 0/28","Live SARS-CoV-2 virus","PRNT 50",215.8,99.5,458.1,50,"5",1,"18-59","adult","0","prime",83,"GMT/CI",5,5,5,"Supplementary Table 6",0.698970004336019,2.33405144034689,0.44734451237116,1.19619596626709,0.0491024393608693,0.169167655875091,-1.63508143601087,0.0231696014828545,0.12083403991078,0.176149780997483,0.445630537921063,0.0354279448932047,-1.98033500676594,-1.28982786525581
"167",47,"Guo et al. 2021 Phase 1&2","ChiCTR2000031809","WIBP COVID-19 vaccine/Inactivated SARS-CoV-2 vaccine (vero cell)","Inactivated vaccine","ug","5","Henan, China","Day 0","Live SARS-CoV-2 virus","PRNT 50",215.8,99.5,458.1,50,"10",2,"18-59","adult","0","prime",84,"GMT/CI",5,5,5,"Supplementary Table 6",0.698970004336019,2.33405144034689,0.44734451237116,1.19619596626709,0.0488092878491417,0.169167655875091,-1.63508143601087,0.0231696014828545,0.12083403991078,0.176068288952366,0.446636383839247,0.0344150692444531,-1.98017528235751,-1.28998758966424
"168",47,"Guo et al. 2021 Phase 1&2","ChiCTR2000031809","WIBP COVID-19 vaccine/Inactivated SARS-CoV-2 vaccine (vero cell)","Inactivated vaccine","ug","5","Henan, China","Day 0/14","Live SARS-CoV-2 virus","PRNT 50",215.8,99.5,458.1,50,"5",1,"18-59","adult","104","prime",84,"GMT/CI",20,14,27,"Table 3",1.30102999566398,2.33405144034689,0.666895059524952,1.19619596626709,0.0727642164491708,0.169167655875091,-1.03302144468291,0.092678405931418,0.12083403991078,0.18415299886164,0.66560868331551,0.052676216428484,-1.39396132245172,-0.672081566914097
"169",47,"Guo et al. 2021 Phase 1&2","ChiCTR2000031809","WIBP COVID-19 vaccine/Inactivated SARS-CoV-2 vaccine (vero cell)","Inactivated vaccine","ug","5","Henan, China","Day 0/21","Live SARS-CoV-2 virus","PRNT 50",215.8,99.5,458.1,50,"5",1,"18-59","adult","111","prime",84,"GMT/CI",53,38,75,"Table 3",1.72427586960079,2.33405144034689,0.690373601543816,1.19619596626709,0.0753259354017576,0.169167655875091,-0.609775570746103,0.245597775718258,0.12083403991078,0.185180161838203,0.690115015583374,0.0525699245528951,-0.972728687948981,-0.246822453543225
"170",47,"Guo et al. 2021 Phase 1&2","ChiCTR2000031809","WIBP COVID-19 vaccine/Inactivated SARS-CoV-2 vaccine (vero cell)","Inactivated vaccine","ug","5","Henan, China","Day 0/28","Live SARS-CoV-2 virus","PRNT 50",215.8,99.5,458.1,50,"5",1,"18-59","adult","118","prime",83,"GMT/CI",44,32,61,"Table 3",1.64345267648619,2.33405144034689,0.651163258825576,1.19619596626709,0.0714744532374646,0.169167655875091,-0.690598763860705,0.20389249304912,0.12083403991078,0.183647197800206,0.649659584768753,0.050361640626654,-1.05054727154911,-0.330650256172302
"171",47,"Guo et al. 2021 Phase 1","ChiCTR2000031809","WIBP COVID-19 vaccine/Inactivated SARS-CoV-2 vaccine (vero cell)","Inactivated vaccine","ug","5","Henan, China","Day 0/28/56 (booster)","Live SARS-CoV-2 virus","PRNT 50",215.8,99.5,458.1,50,"2.5",0.5,">=60","elderly","14","prime",24,"GMT/CI",5,5,5,"Supplementary Table 6",0.698970004336019,2.33405144034689,0.44734451237116,1.19619596626709,0.0913138162119583,0.169167655875091,-1.63508143601087,0.0231696014828545,0.12083403991078,0.192239196901841,0.439940457014909,0.0671004551727698,-2.01187026193848,-1.25829261008327
"172",47,"Guo et al. 2021 Phase 1","ChiCTR2000031809","WIBP COVID-19 vaccine/Inactivated SARS-CoV-2 vaccine (vero cell)","Inactivated vaccine","ug","5","Henan, China","Day 0/28/56 (booster)","Live SARS-CoV-2 virus","PRNT 50",215.8,99.5,458.1,50,"5",1,">=60","elderly","14","prime",24,"GMT/CI",6,4,8,"Supplementary Table 6",0.778151250383644,2.33405144034689,0.37620912584132,1.19619596626709,0.0767933662408115,0.169167655875091,-1.55590018996325,0.0278035217794254,0.12083403991078,0.185781906796299,0.372557886960729,0.0552345303777161,-1.92003272728399,-1.1917676526425
"173",47,"Guo et al. 2021 Phase 1","ChiCTR2000031809","WIBP COVID-19 vaccine/Inactivated SARS-CoV-2 vaccine (vero cell)","Inactivated vaccine","ug","5","Henan, China","Day 0/28/56 (booster)","Live SARS-CoV-2 virus","PRNT 50",215.8,99.5,458.1,50,"10",2,">=60","elderly","14","prime",24,"GMT/CI",7,5,11,"Supplementary Table 6",0.845098040014257,2.33405144034689,0.427939206311384,1.19619596626709,0.0873527246995424,0.169167655875091,-1.48895340033264,0.0324374420759963,0.12083403991078,0.190389585604642,0.423628172145086,0.0627926182465476,-1.86211698811773,-1.11578981254754
"174",47,"Guo et al. 2021 Phase 1","ChiCTR2000031809","WIBP COVID-19 vaccine/Inactivated SARS-CoV-2 vaccine (vero cell)","Inactivated vaccine","ug","5","Henan, China","Day 0/28/56 (booster)","Live SARS-CoV-2 virus","PRNT 50",215.8,99.5,458.1,50,"2.5",0.5,">=60","elderly","28","prime",24,"GMT/CI",9,5,14,"Supplementary Table 6",0.954242509439325,2.33405144034689,0.558831128150961,1.19619596626709,0.114070926362811,0.169167655875091,-1.37980893090757,0.0417052826691381,0.12083403991078,0.20403399725424,0.550423743646568,0.0844509112087882,-1.77971556552588,-0.979902296289257
"175",47,"Guo et al. 2021 Phase 1","ChiCTR2000031809","WIBP COVID-19 vaccine/Inactivated SARS-CoV-2 vaccine (vero cell)","Inactivated vaccine","ug","5","Henan, China","Day 0/28/56 (booster)","Live SARS-CoV-2 virus","PRNT 50",215.8,99.5,458.1,50,"5",1,">=60","elderly","28","prime",24,"GMT/CI",10,6,17,"Supplementary Table 6",1,2.33405144034689,0.565254339686769,1.19619596626709,0.115382058927202,0.169167655875091,-1.33405144034689,0.046339202965709,0.12083403991078,0.204769908230076,0.558856792898602,0.0831094767770263,-1.73540046047784,-0.932702420215944
"176",47,"Guo et al. 2021 Phase 1","ChiCTR2000031809","WIBP COVID-19 vaccine/Inactivated SARS-CoV-2 vaccine (vero cell)","Inactivated vaccine","ug","5","Henan, China","Day 0/28/56 (booster)","Live SARS-CoV-2 virus","PRNT 50",215.8,99.5,458.1,50,"10",2,">=60","elderly","28","prime",24,"GMT/CI",8,5,13,"Supplementary Table 6",0.903089986991944,2.33405144034689,0.518608652746384,1.19619596626709,0.105860547951739,0.169167655875091,-1.43096145335495,0.0370713623725672,0.12083403991078,0.199559894284688,0.513820093321845,0.0763287932510829,-1.82209884615294,-1.03982406055696
"177",47,"Guo et al. 2021 Phase 1&2","ChiCTR2000031809","WIBP COVID-19 vaccine/Inactivated SARS-CoV-2 vaccine (vero cell)","Inactivated vaccine","ug","5","Henan, China","Day 0","Live SARS-CoV-2 virus","PRNT 50",215.8,99.5,458.1,50,"10",2,"18-59","adult","28","prime",84,"GMT/CI",24,17,34,"Table 3",1.38021124171161,2.33405144034689,0.70382282733797,1.19619596626709,0.0767933662408115,0.169167655875091,-0.953840198635286,0.111214087117702,0.12083403991078,0.185781906796299,0.702335448388466,0.0537711495913085,-1.31797273595603,-0.58970766131454
"178",47,"Guo et al. 2021 Phase 1","ChiCTR2000031809","WIBP COVID-19 vaccine/Inactivated SARS-CoV-2 vaccine (vero cell)","Inactivated vaccine","ug","5","Henan, China","Day 0/28/56 (booster)","Live SARS-CoV-2 virus","PRNT 50",215.8,99.5,458.1,50,"2.5",0.5,">=60","elderly","32","prime",24,"GMT/CI",17,10,32,"Supplementary Table 6",1.23044892137827,2.33405144034689,0.631305964521303,1.19619596626709,0.128864790387731,0.169167655875091,-1.10360251896862,0.0787766450417053,0.12083403991078,0.212658952306145,0.622165672387594,0.0930699417933969,-1.52041406548866,-0.686790972448574
"179",47,"Guo et al. 2021 Phase 1","ChiCTR2000031809","WIBP COVID-19 vaccine/Inactivated SARS-CoV-2 vaccine (vero cell)","Inactivated vaccine","ug","5","Henan, China","Day 0/28/56 (booster)","Live SARS-CoV-2 virus","PRNT 50",215.8,99.5,458.1,50,"5",1,">=60","elderly","32","prime",24,"GMT/CI",16,9,28,"Supplementary Table 6",1.20411998265592,2.33405144034689,0.6160160790611,1.19619596626709,0.125743755587473,0.169167655875091,-1.12993145769097,0.0741427247451344,0.12083403991078,0.210782323413315,0.607866355686868,0.0903396316978519,-1.54306481158107,-0.716798103800869
"180",47,"Guo et al. 2021 Phase 1","ChiCTR2000031809","WIBP COVID-19 vaccine/Inactivated SARS-CoV-2 vaccine (vero cell)","Inactivated vaccine","ug","5","Henan, China","Day 0/28/56 (booster)","Live SARS-CoV-2 virus","PRNT 50",215.8,99.5,458.1,50,"10",2,">=60","elderly","32","prime",24,"GMT/CI",25,14,45,"Supplementary Table 6",1.39794000867204,2.33405144034689,0.633723585624195,1.19619596626709,0.129358285228854,0.169167655875091,-0.936111431674854,0.115848007414272,0.12083403991078,0.212958356848523,0.628399198431561,0.0920191014113622,-1.35350981109796,-0.51871305225175
"181",47,"Guo et al. 2021 Phase 1","ChiCTR2000031809","WIBP COVID-19 vaccine/Inactivated SARS-CoV-2 vaccine (vero cell)","Inactivated vaccine","ug","5","Henan, China","Day 0/28/56 (booster)","Live SARS-CoV-2 virus","PRNT 50",215.8,99.5,458.1,50,"2.5",0.5,">=60","elderly","4","prime",24,"GMT/CI",5,5,5,"Supplementary Table 6",0.698970004336019,2.33405144034689,0.44734451237116,1.19619596626709,0.0913138162119583,0.169167655875091,-1.63508143601087,0.0231696014828545,0.12083403991078,0.192239196901841,0.44252111957886,0.0656087157709001,-2.01187026193848,-1.25829261008327
"182",47,"Guo et al. 2021 Phase 1","ChiCTR2000031809","WIBP COVID-19 vaccine/Inactivated SARS-CoV-2 vaccine (vero cell)","Inactivated vaccine","ug","5","Henan, China","Day 0/28/56 (booster)","Live SARS-CoV-2 virus","PRNT 50",215.8,99.5,458.1,50,"5",1,">=60","elderly","4","prime",24,"GMT/CI",5,5,5,"Supplementary Table 6",0.698970004336019,2.33405144034689,0.44734451237116,1.19619596626709,0.0913138162119583,0.169167655875091,-1.63508143601087,0.0231696014828545,0.12083403991078,0.192239196901841,0.443290039712834,0.063158632743694,-2.01187026193848,-1.25829261008327
"183",47,"Guo et al. 2021 Phase 1","ChiCTR2000031809","WIBP COVID-19 vaccine/Inactivated SARS-CoV-2 vaccine (vero cell)","Inactivated vaccine","ug","5","Henan, China","Day 0/28/56 (booster)","Live SARS-CoV-2 virus","PRNT 50",215.8,99.5,458.1,50,"10",2,">=60","elderly","4","prime",24,"GMT/CI",5,5,5,"Supplementary Table 6",0.698970004336019,2.33405144034689,0.44734451237116,1.19619596626709,0.0913138162119583,0.169167655875091,-1.63508143601087,0.0231696014828545,0.12083403991078,0.192239196901841,0.442831440565904,0.0667401142491595,-2.01187026193848,-1.25829261008327
"184",47,"Guo et al. 2021 Phase 1","ChiCTR2000031809","WIBP COVID-19 vaccine/Inactivated SARS-CoV-2 vaccine (vero cell)","Inactivated vaccine","ug","5","Henan, China","Day 0/28/56 (booster)","Live SARS-CoV-2 virus","PRNT 50",215.8,99.5,458.1,50,"2.5",0.5,">=60","elderly","42","prime",24,"GMT/CI",86,46,158,"Supplementary Table 6",1.93449845124357,2.33405144034689,0.669734555589789,1.19619596626709,0.136708993692053,0.169167655875091,-0.399552989103324,0.398517145505097,0.12083403991078,0.217501827005125,0.665643264093517,0.0976583760964014,-0.825856570033369,0.0267505918267201
"185",47,"Guo et al. 2021 Phase 1","ChiCTR2000031809","WIBP COVID-19 vaccine/Inactivated SARS-CoV-2 vaccine (vero cell)","Inactivated vaccine","ug","5","Henan, China","Day 0/28/56 (booster)","Live SARS-CoV-2 virus","PRNT 50",215.8,99.5,458.1,50,"5",1,">=60","elderly","42","prime",24,"GMT/CI",71,36,143,"Supplementary Table 6",1.85125834871908,2.33405144034689,0.748635971287923,1.19619596626709,0.152814677729024,0.169167655875091,-0.482793091627817,0.329008341056534,0.12083403991078,0.227969343385682,0.743332973650762,0.109794772709186,-0.929613004663753,-0.0359731785918807
"186",47,"Guo et al. 2021 Phase 1","ChiCTR2000031809","WIBP COVID-19 vaccine/Inactivated SARS-CoV-2 vaccine (vero cell)","Inactivated vaccine","ug","5","Henan, China","Day 0/28/56 (booster)","Live SARS-CoV-2 virus","PRNT 50",215.8,99.5,458.1,50,"10",2,">=60","elderly","42","prime",24,"GMT/CI",102,68,152,"Supplementary Table 6",2.00860017176192,2.33405144034689,0.436577399895555,1.19619596626709,0.0891159885812592,0.169167655875091,-0.325451268584974,0.472659870250232,0.12083403991078,0.191205008342063,0.433248533721117,0.0657735485444062,-0.700213084935418,0.0493105477654694
"187",47,"Guo et al. 2021 Phase 1&2","ChiCTR2000031809","WIBP COVID-19 vaccine/Inactivated SARS-CoV-2 vaccine (vero cell)","Inactivated vaccine","ug","5","Henan, China","Day 0/14","Live SARS-CoV-2 virus","PRNT 50",215.8,99.5,458.1,50,"5",1,"18-59","adult","42","prime",84,"GMT/CI",39,29,53,"Table 3",1.5910646070265,2.33405144034689,0.612283249952848,1.19619596626709,0.0668055795157737,0.169167655875091,-0.742986833320393,0.180722891566265,0.12083403991078,0.181880953507264,0.610970809920459,0.0464235321789152,-1.09947350219463,-0.386500164446155
"188",47,"Guo et al. 2021 Phase 1&2","ChiCTR2000031809","WIBP COVID-19 vaccine/Inactivated SARS-CoV-2 vaccine (vero cell)","Inactivated vaccine","ug","5","Henan, China","Day 0/21","Live SARS-CoV-2 virus","PRNT 50",215.8,99.5,458.1,50,"5",1,"18-59","adult","49","prime",84,"GMT/CI",134,104,174,"Table 3",2.12710479836481,2.33405144034689,0.522591108135313,1.19619596626709,0.0570193645366887,0.169167655875091,-0.206946641982084,0.6209453197405,0.12083403991078,0.178518636916265,0.521153878011976,0.0401683513516952,-0.556843170337963,0.142949886373794
"189",47,"Guo et al. 2021 Phase 1","ChiCTR2000031809","WIBP COVID-19 vaccine/Inactivated SARS-CoV-2 vaccine (vero cell)","Inactivated vaccine","ug","5","Henan, China","Day 0/28/56 (booster)","Live SARS-CoV-2 virus","PRNT 50",215.8,99.5,458.1,50,"2.5",0.5,">=60","elderly","56","prime",24,"GMT/CI",90,48,167,"Supplementary Table 6",1.95424250943932,2.33405144034689,0.676703077089606,1.19619596626709,0.138131437186734,0.169167655875091,-0.379808930907567,0.417052826691381,0.12083403991078,0.218398694441029,0.668529451355066,0.0998751264536312,-0.807870372011984,0.0482525101968496
"190",47,"Guo et al. 2021 Phase 1","ChiCTR2000031809","WIBP COVID-19 vaccine/Inactivated SARS-CoV-2 vaccine (vero cell)","Inactivated vaccine","ug","5","Henan, China","Day 0/28/56 (booster)","Live SARS-CoV-2 virus","PRNT 50",215.8,99.5,458.1,50,"5",1,">=60","elderly","56","prime",24,"GMT/CI",54,29,102,"Supplementary Table 6",1.73239375982297,2.33405144034689,0.682610521613876,1.19619596626709,0.139337289250755,0.169167655875091,-0.601657680523923,0.250231696014829,0.12083403991078,0.219163354532691,0.676657392758562,0.0975394442692936,-1.031217855408,-0.172097505639849
"191",47,"Guo et al. 2021 Phase 1","ChiCTR2000031809","WIBP COVID-19 vaccine/Inactivated SARS-CoV-2 vaccine (vero cell)","Inactivated vaccine","ug","5","Henan, China","Day 0/28/56 (booster)","Live SARS-CoV-2 virus","PRNT 50",215.8,99.5,458.1,50,"10",2,">=60","elderly","56","prime",24,"GMT/CI",89,61,130,"Supplementary Table 6",1.94939000664491,2.33405144034689,0.410681346916646,1.19619596626709,0.0838299789020586,0.169167655875091,-0.384661433701979,0.41241890639481,0.12083403991078,0.188799261537202,0.405247593330721,0.0589771342998141,-0.754707986314896,-0.0146148810890626
"192",47,"Guo et al. 2021 Phase 1&2","ChiCTR2000031809","WIBP COVID-19 vaccine/Inactivated SARS-CoV-2 vaccine (vero cell)","Inactivated vaccine","ug","5","Henan, China","Day 0/28","Live SARS-CoV-2 virus","PRNT 50",215.8,99.5,458.1,50,"5",1,"18-59","adult","56","prime",83,"GMT/CI",91,71,115,"Table 3",1.95904139232109,2.33405144034689,0.486756269741376,1.19619596626709,0.0534284417435042,0.169167655875091,-0.375010048025798,0.421686746987952,0.12083403991078,0.177404324021181,0.48400745278782,0.0388395336228697,-0.722722523107314,-0.0272975729442826
"193",47,"Guo et al. 2021 Phase 1&2","ChiCTR2000031809","WIBP COVID-19 vaccine/Inactivated SARS-CoV-2 vaccine (vero cell)","Inactivated vaccine","ug","5","Henan, China","Day 0","Live SARS-CoV-2 virus","PRNT 50",215.8,99.5,458.1,50,"10",2,"18-59","adult","90","prime",84,"GMT/CI",7,6,9,"Table 3",0.845098040014257,2.33405144034689,0.411709961144254,1.19619596626709,0.0449212395550207,0.169167655875091,-1.48895340033264,0.0324374420759963,0.12083403991078,0.175030321822914,0.410943675850438,0.0320498973630453,-1.83201283110555,-1.14589396955972
"194",50,"Pitisuttithum et al. 2022","NCT04764422","NDV-HXP-S","Inactivated vaccine","ug","10","Bangkok, Thailand","Day 0/28","Pseudotyped virus for wild-type SARS-CoV-2","PsVNA ID50",32,NA,NA,NA,"1",0.1,"18-59","adult","42","prime",32,"GMT/CI",228.81,161.74,323.69,"Table 5",2.35947500110838,1.50514997831991,0.434815608237247,0.969499917363362,0.0768652662875777,NA,0.85432502278847,7.1503125,NA,NA,0.430885137743618,0.055608242760793,NA,NA
"195",50,"Pitisuttithum et al. 2022","NCT04764422","NDV-HXP-S + CpG","Inactivated vaccine","ug","10","Bangkok, Thailand","Day 0/28","Pseudotyped virus for wild-type SARS-CoV-2","PsVNA ID50",32,NA,NA,NA,"1 + CpG",0.1,"18-59","adult","42","prime",31,"GMT/CI",239.47,159.27,360.06,"Table 5",2.37925111419932,1.50514997831991,0.503145368027712,0.969499917363362,0.09036757578799,NA,0.874101135879413,7.4834375,NA,NA,0.497661806822832,0.0644503861130228,NA,NA
"196",50,"Pitisuttithum et al. 2022","NCT04764422","NDV-HXP-S","Inactivated vaccine","ug","10","Bangkok, Thailand","Day 0/28","Pseudotyped virus for wild-type SARS-CoV-2","PsVNA ID50",32,NA,NA,NA,"3",0.3,"18-59","adult","42","prime",30,"GMT/CI",311.76,187.56,518.18,"Table 5",2.49382039278463,1.50514997831991,0.616663533161592,0.969499917363362,0.112586842501146,NA,0.988670414464728,9.7425,NA,NA,0.611129359182252,0.0812667372205771,NA,NA
"197",50,"Pitisuttithum et al. 2022","NCT04764422","NDV-HXP-S + CpG","Inactivated vaccine","ug","10","Bangkok, Thailand","Day 0/28","Pseudotyped virus for wild-type SARS-CoV-2","PsVNA ID50",32,NA,NA,NA,"3 + CpG",0.3,"18-59","adult","42","prime",33,"GMT/CI",482.42,350.08,664.77,"Table 5",2.68342530433439,1.50514997831991,0.408133754609961,0.969499917363362,0.0710469673188999,NA,1.17827532601448,15.075625,NA,NA,0.403868070408767,0.0521529696192511,NA,NA
"198",50,"Pitisuttithum et al. 2022","NCT04764422","NDV-HXP-S","Inactivated vaccine","ug","10","Bangkok, Thailand","Day 0/28","Pseudotyped virus for wild-type SARS-CoV-2","PsVNA ID50",32,NA,NA,NA,"10",1,"18-59","adult","42","prime",34,"GMT/CI",887.99,600.72,1312.62,"Table 5",2.94840807504744,1.50514997831991,0.504952886383275,0.969499917363362,0.0865987055783576,NA,1.44325809672753,27.7496875,NA,NA,0.50122049358317,0.0629131071015916,NA,NA
